-64.419306 2.342540 -23.425123
-65.594672 2.385286 -23.852504
-67.831240 2.466630 -24.665740
-72.093833 2.621666 -26.215632
-117.733968 4.281714 -42.810291
-126.340001 4.595053 -45.938022
-131.667783 4.789426 -47.872564
-134.428828 4.890807 -48.872177
-135.823230 4.942957 -49.372716
-136.416784 4.966575 -49.579377
-136.617780 4.976623 -49.640166
-136.648142 4.981254 -49.635511
-136.608113 4.984139 -49.601888
-136.540412 4.986786 -49.555212
-136.461053 4.989648 -49.502056
-136.376999 4.992772 -49.445999
-136.292946 4.996061 -49.389964
-136.212961 4.999374 -49.336641
-136.140477 5.002557 -49.288318
-136.077928 5.005470 -49.246619
-136.026546 5.008009 -49.212364
-135.986377 5.010110 -49.185585
-135.956509 5.011761 -49.165673
-135.935401 5.012990 -49.151601
-135.921237 5.013855 -49.142158
-135.912223 5.014431 -49.136148
-135.906786 5.014792 -49.132524
-135.903673 5.015007 -49.130449
-135.901950 5.015130 -49.129300
-135.900950 5.015204 -49.128633
-135.900176 5.015264 -49.128117
-135.899198 5.015344 -49.127465
-135.897538 5.015482 -49.126359
-135.894571 5.015732 -49.124381
-135.889442 5.016174 -49.120961
-135.881019 5.016913 -49.115346
-135.867908 5.018091 -49.106605
-135.848530 5.019875 -49.093687
-135.821294 5.022453 -49.075529
-135.784825 5.026009 -49.051217
-135.738243 5.030693 -49.020162
-135.681420 5.036595 -48.982280
-135.615160 5.043707 -48.938107
-135.541250 5.051906 -48.888834
-135.462349 5.060950 -48.836233
-135.381713 5.070493 -48.782475
-135.302811 5.080123 -48.729874
-135.228902 5.089413 -48.680601
-135.162642 5.097973 -48.636428
-135.105818 5.105503 -48.598546
-135.059237 5.111823 -48.567491
-135.022768 5.116876 -48.543179
-134.995531 5.120721 -48.525021
-134.976154 5.123503 -48.512103
-134.963042 5.125413 -48.503362
-134.954620 5.126655 -48.497747
-134.949491 5.127420 -48.494327
-134.946524 5.127866 -48.492349
-134.944865 5.128117 -48.491243
-134.943890 5.128267 -48.490593
-134.943125 5.128385 -48.490084
-134.942150 5.128538 -48.489434
-134.940491 5.128802 -48.488328
-134.937525 5.129276 -48.486350
-134.932396 5.130104 -48.482930
-134.923973 5.131478 -48.477315
-134.910862 5.133641 -48.468574
-134.891484 5.136880 -48.455656
-134.864248 5.141499 -48.437498
-134.827779 5.147782 -48.413186
-134.781197 5.155942 -48.382131
-134.724374 5.166073 -48.344249
-134.658114 5.178104 -48.300076
-134.584204 5.191776 -48.250803
-134.505303 5.206646 -48.198202
-134.424666 5.222127 -48.144444
-134.345765 5.237551 -48.091843
-134.271856 5.252252 -48.042570
-134.205595 5.265651 -47.998397
-134.148772 5.277321 -47.960515
-134.102191 5.287025 -47.929460
-134.065722 5.294722 -47.905148
-134.038485 5.300538 -47.886990
-134.019108 5.304719 -47.874072
-134.005996 5.307574 -47.865331
-133.997574 5.309422 -47.859716
-133.992444 5.310555 -47.856296
-133.989478 5.311214 -47.854319
-133.987819 5.311585 -47.853213
-133.986844 5.311804 -47.852563
-133.986079 5.311977 -47.852053
-133.985104 5.312200 -47.851403
-133.983445 5.312582 -47.850297
-133.980479 5.313268 -47.848319
-133.975349 5.314461 -47.844900
-133.966927 5.316433 -47.839285
-133.953815 5.319527 -47.830544
-133.934438 5.324139 -47.817625
-133.907201 5.330685 -47.799468
-133.870733 5.339541 -47.775155
-133.824151 5.350980 -47.744101
-133.767328 5.365102 -47.706218
-133.701068 5.381773 -47.662045
-133.627158 5.400607 -47.612772
-133.548257 5.420971 -47.560171
-133.467620 5.442051 -47.506413
-133.388719 5.462936 -47.453813
-133.314809 5.482739 -47.404540
-133.248549 5.500698 -47.360366
-133.191726 5.516267 -47.322484
-133.145144 5.529160 -47.291430
-133.108676 5.539347 -47.267117
-133.081439 5.547019 -47.248959
-133.062062 5.552517 -47.236041
-133.048950 5.556262 -47.227300
-133.040528 5.558681 -47.221685
-133.035398 5.560162 -47.218266
-133.032432 5.561022 -47.216288
-133.030773 5.561504 -47.215182
-133.029798 5.561789 -47.214532
-133.029033 5.562014 -47.214022
-133.028058 5.562302 -47.213372
-133.026399 5.562795 -47.212266
-133.023432 5.563680 -47.210288
-133.018303 5.565217 -47.206869
-133.009881 5.567752 -47.201254
-132.996769 5.571722 -47.192513
-132.977392 5.577625 -47.179594
-132.950155 5.585982 -47.161437
-132.913686 5.597258 -47.137124
-132.867105 5.611781 -47.106070
-132.810282 5.629654 -47.068188
-132.744021 5.650687 -47.024014
-132.670112 5.674371 -46.974741
-132.591211 5.699898 -46.922140
-132.510574 5.726237 -46.868383
-132.431673 5.752252 -46.815782
-132.357763 5.776845 -46.766509
-132.291503 5.799085 -46.722335
-132.234680 5.818315 -46.684453
-132.188098 5.834201 -46.653399
-132.151629 5.846725 -46.629086
-132.124393 5.856138 -46.610929
-132.105015 5.862872 -46.598010
-132.091904 5.867452 -46.589269
-132.083481 5.870406 -46.583654
-132.078352 5.872212 -46.580235
-132.075385 5.873260 -46.578257
-132.073727 5.873848 -46.577151
-132.072751 5.874194 -46.576501
-132.071987 5.874467 -46.575991
-132.071012 5.874817 -46.575341
-132.069353 5.875414 -46.574235
-132.066386 5.876486 -46.572258
-132.061257 5.878344 -46.568838
-132.052835 5.881408 -46.563223
-132.039723 5.886197 -46.554482
-132.020346 5.893311 -46.541564
-131.993109 5.903365 -46.523406
-131.956640 5.916908 -46.499093
-131.910059 5.934318 -46.468039
-131.853235 5.955703 -46.430157
-131.786975 5.980819 -46.385983
-131.713066 6.009043 -46.336710
-131.634164 6.039400 -46.284110
-131.553528 6.070659 -46.230352
-131.474627 6.101472 -46.177751
-131.400717 6.130543 -46.128478
-131.334457 6.156786 -46.084305
-131.277634 6.179438 -46.046423
-131.231052 6.198120 -46.015368
-131.194583 6.212827 -45.991055
-131.167347 6.223867 -45.972898
-131.147969 6.231756 -45.959979
-131.134858 6.237116 -45.951238
-131.126435 6.240570 -45.945623
-131.121306 6.242680 -45.942204
-131.118339 6.243903 -45.940226
-131.116680 6.244589 -45.939120
-131.115705 6.244993 -45.938470
-131.114941 6.245311 -45.937961
-131.113966 6.245718 -45.937310
-131.112307 6.246413 -45.936205
-131.109340 6.247658 -45.934227
-131.104211 6.249817 -45.930807
-131.095788 6.253373 -45.925192
-131.082677 6.258928 -45.916451
-131.063299 6.267170 -45.903533
-131.036063 6.278806 -45.885375
-130.999594 6.294462 -45.861063
-130.953012 6.314564 -45.830008
-130.896189 6.339222 -45.792126
-130.829929 6.368142 -45.747953
-130.756020 6.400595 -45.698680
-130.677118 6.435450 -45.646079
-130.596482 6.471289 -45.592321
-130.517580 6.506568 -45.539720
-130.443671 6.539807 -45.490447
-130.377411 6.569774 -45.446274
-130.320588 6.595608 -45.408392
-130.274006 6.616891 -45.377337
-130.237537 6.633629 -45.353025
-130.210301 6.646180 -45.334867
-130.190923 6.655142 -45.321949
-130.177812 6.661226 -45.313208
-130.169389 6.665145 -45.307593
-130.164260 6.667537 -45.304173
-130.161293 6.668924 -45.302195
-130.159634 6.669701 -45.301090
-130.158659 6.670158 -45.300439
-130.157895 6.670518 -45.299930
-130.156920 6.670978 -45.299280
-130.155261 6.671763 -45.298174
-130.152294 6.673170 -45.296196
-130.147165 6.675608 -45.292777
-130.138742 6.679621 -45.287162
-130.125631 6.685885 -45.278421
-130.106253 6.695174 -45.265502
-130.079017 6.708278 -45.247345
-130.042548 6.725894 -45.223032
-129.995966 6.748492 -45.191977
-129.939143 6.776183 -45.154095
-129.872883 6.808629 -45.109922
-129.798973 6.844999 -45.060649
-129.720072 6.884021 -45.008048
-129.639436 6.924101 -44.954290
-129.560534 6.963513 -44.901690
-129.486625 7.000610 -44.852417
-129.420365 7.034022 -44.808243
-129.363541 7.062800 -44.770361
-129.316960 7.086487 -44.739307
-129.280491 7.105101 -44.714994
-129.253254 7.119050 -44.696836
-129.233877 7.129004 -44.683918
-129.220765 7.135757 -44.675177
-129.212343 7.140105 -44.669562
-129.207214 7.142758 -44.666142
-129.204247 7.144295 -44.664165
-129.202588 7.145156 -44.663059
-129.201613 7.145662 -44.662409
-129.200849 7.146061 -44.661899
-129.199873 7.146570 -44.661249
-129.198215 7.147439 -44.660143
-129.195248 7.148995 -44.658165
-129.190119 7.151690 -44.654746
-129.181696 7.156124 -44.649131
-129.168585 7.163043 -44.640390
-129.149207 7.173298 -44.627471
-129.121971 7.187755 -44.609314
-129.085502 7.207177 -44.585001
-129.038920 7.232074 -44.553947
-128.982097 7.262561 -44.516065
-128.915837 7.298253 -44.471891
-128.841927 7.338230 -44.422618
-128.763026 7.381086 -44.370017
-128.682389 7.425068 -44.316260
-128.603488 7.468282 -44.263659
-128.529579 7.508925 -44.214386
-128.463318 7.545502 -44.170212
-128.406495 7.576984 -44.132330
-128.359914 7.602880 -44.101276
-128.323445 7.623218 -44.076963
-128.296208 7.638449 -44.058806
-128.276831 7.649313 -44.045887
-128.263719 7.656680 -44.037146
-128.255297 7.661422 -44.031531
-128.250168 7.664314 -44.028112
-128.247201 7.665989 -44.026134
-128.245542 7.666927 -44.025028
-128.244567 7.667479 -44.024378
-128.243802 7.667913 -44.023868
-128.242827 7.668468 -44.023218
-128.241168 7.669412 -44.022112
-128.238202 7.671105 -44.020134
-128.233072 7.674035 -44.016715
-128.224650 7.678856 -44.011100
-128.211538 7.686375 -44.002359
-128.192161 7.697513 -43.989441
-128.164924 7.713209 -43.971283
-128.128456 7.734284 -43.946970
-128.081874 7.761284 -43.915916
-128.025051 7.794327 -43.878034
-127.958791 7.832986 -43.833860
-127.884881 7.876259 -43.784587
-127.805980 7.922617 -43.731987
-127.725343 7.970162 -43.678229
-127.646442 8.016846 -43.625628
-127.572532 8.060724 -43.576355
-127.506272 8.100188 -43.532182
-127.449449 8.134136 -43.494299
-127.402867 8.162045 -43.463245
-127.366399 8.183951 -43.438932
-127.339162 8.200351 -43.420775
-127.319785 8.212043 -43.407856
-127.306673 8.219969 -43.399115
-127.298251 8.225069 -43.393500
-127.293121 8.228179 -43.390081
-127.290155 8.229980 -43.388103
-127.288496 8.230988 -43.386997
-127.287521 8.231581 -43.386347
-127.286756 8.232047 -43.385837
-127.285781 8.232643 -43.385187
-127.284122 8.233657 -43.384081
-127.281156 8.235473 -43.382104
-127.276026 8.238618 -43.378684
-127.267604 8.243789 -43.373069
-127.254492 8.251853 -43.364328
-127.235115 8.263793 -43.351410
-127.207878 8.280613 -43.333252
-127.171409 8.303187 -43.308940
-127.124828 8.332095 -43.277885
-127.068005 8.367454 -43.240003
-127.001744 8.408803 -43.195830
-126.927835 8.455060 -43.146557
-126.848934 8.504588 -43.093956
-126.768297 8.555357 -43.040198
-126.689396 8.605178 -42.987597
-126.615486 8.651980 -42.938324
-126.549226 8.694053 -42.894151
-126.492403 8.730227 -42.856269
-126.445821 8.759952 -42.825214
-126.409352 8.783275 -42.800902
-126.382116 8.800729 -42.782744
-126.362738 8.813168 -42.769826
-126.349627 8.821598 -42.761085
-126.341204 8.827020 -42.755470
-126.336075 8.830326 -42.752050
-126.333109 8.832240 -42.750072
-126.331450 8.833311 -42.748966
-126.330475 8.833942 -42.748316
-126.329710 8.834436 -42.747807
-126.328735 8.835069 -42.747157
-126.327076 8.836146 -42.746051
-126.324109 8.838073 -42.744073
-126.318980 8.841410 -42.740653
-126.310558 8.846897 -42.735038
-126.297446 8.855450 -42.726297
-126.278069 8.868111 -42.713379
-126.250832 8.885940 -42.695221
-126.214363 8.909860 -42.670909
-126.167782 8.940479 -42.639854
-126.110958 8.977916 -42.601972
-126.044698 9.021675 -42.557799
-125.970789 9.070606 -42.508526
-125.891887 9.122973 -42.455925
-125.811251 9.176625 -42.402167
-125.732350 9.229252 -42.349566
-125.658440 9.278667 -42.300293
-125.592180 9.323070 -42.256120
-125.535357 9.361231 -42.218238
-125.488775 9.392577 -42.187183
-125.452306 9.417163 -42.162871
-125.425070 9.435555 -42.144713
-125.405692 9.448659 -42.131795
-125.392581 9.457538 -42.123054
-125.384158 9.463247 -42.117439
-125.379029 9.466728 -42.114019
-125.376062 9.468742 -42.112042
-125.374403 9.469870 -42.110936
-125.373428 9.470533 -42.110286
-125.372664 9.471054 -42.109776
-125.371689 9.471719 -42.109126
-125.370030 9.472851 -42.108020
-125.367063 9.474878 -42.106042
-125.361934 9.478386 -42.102623
-125.353511 9.484152 -42.097008
-125.340400 9.493139 -42.088267
-125.321023 9.506439 -42.075348
-125.293786 9.525163 -42.057191
-125.257317 9.550276 -42.032878
-125.210735 9.582410 -42.001824
-125.153912 9.621686 -41.963942
-125.087652 9.667576 -41.919768
-125.013743 9.718870 -41.870495
-124.934841 9.773743 -41.817894
-124.854205 9.829939 -41.764137
-124.775304 9.885040 -41.711536
-124.701394 9.936758 -41.662263
-124.635134 9.983211 -41.618089
-124.578311 10.023120 -41.580207
-124.531729 10.055891 -41.549153
-124.495260 10.081586 -41.524840
-124.468024 10.100802 -41.506682
-124.448646 10.114491 -41.493764
-124.435535 10.123762 -41.485023
-124.427112 10.129724 -41.479408
-124.421983 10.133357 -41.475989
-124.419016 10.135460 -41.474011
-124.417357 10.136637 -41.472905
-124.416382 10.137329 -41.472255
-124.415618 10.137872 -41.471745
-124.414643 10.138566 -41.471095
-124.412984 10.139747 -41.469989
-124.410017 10.141860 -41.468011
-124.404888 10.145517 -41.464592
-124.396465 10.151527 -41.458977
-124.383354 10.160893 -41.450236
-124.363976 10.174752 -41.437318
-124.336740 10.194255 -41.419160
-124.300271 10.220407 -41.394847
-124.253689 10.253861 -41.363793
-124.196866 10.294736 -41.325911
-124.130606 10.342479 -41.281737
-124.056696 10.395824 -41.232464
-123.977795 10.452871 -41.179863
-123.897159 10.511274 -41.126106
-123.818257 10.568516 -41.073505
-123.744348 10.622225 -41.024232
-123.678088 10.670451 -40.980058
-123.621265 10.711868 -40.942176
-123.574683 10.745867 -40.911122
-123.538214 10.772518 -40.886809
-123.510977 10.792444 -40.868652
-123.491600 10.806635 -40.855733
-123.478489 10.816245 -40.846992
-123.470066 10.822423 -40.841377
-123.464937 10.826188 -40.837958
-123.461970 10.828366 -40.835980
-123.460311 10.829585 -40.834874
-123.459336 10.830302 -40.834224
-123.458572 10.830864 -40.833714
-123.457597 10.831583 -40.833064
-123.455938 10.832805 -40.831958
-123.452971 10.834993 -40.829981
-123.447842 10.838777 -40.826561
-123.439419 10.844996 -40.820946
-123.426308 10.854686 -40.812205
-123.406930 10.869021 -40.799287
-123.379694 10.889190 -40.781129
-123.343225 10.916227 -40.756817
-123.296643 10.950805 -40.725762
-123.239820 10.993040 -40.687880
-123.173560 11.042356 -40.643707
-123.099650 11.097442 -40.594434
-123.020749 11.156332 -40.541833
-122.940113 11.216600 -40.488075
-122.861211 11.275652 -40.435474
-122.787302 11.331042 -40.386201
-122.721042 11.380760 -40.342028
-122.664218 11.423448 -40.304146
-122.617637 11.458479 -40.273091
-122.581168 11.485933 -40.248779
-122.553931 11.506454 -40.230621
-122.534554 11.521065 -40.217703
-122.521442 11.530959 -40.208962
-122.513020 11.537318 -40.203347
-122.507891 11.541192 -40.199927
-122.504924 11.543434 -40.197949
-122.503265 11.544688 -40.196843
-122.502290 11.545425 -40.196193
-122.501525 11.546004 -40.195684
-122.500550 11.546742 -40.195034
-122.498891 11.547999 -40.193928
-122.495925 11.550249 -40.191950
-122.490796 11.554139 -40.188530
-122.482373 11.560532 -40.182915
-122.469262 11.570490 -40.174174
-122.449884 11.585219 -40.161256
-122.422648 11.605940 -40.143098
-122.386179 11.633709 -40.118786
-122.339597 11.669214 -40.087731
-122.282774 11.712570 -40.049849
-122.216514 11.763181 -40.005676
-122.142604 11.819697 -39.956403
-122.063703 11.880097 -39.903802
-121.983066 11.941892 -39.850044
-121.904165 12.002422 -39.797443
-121.830256 12.059181 -39.748170
-121.763995 12.110114 -39.703997
-121.707172 12.153832 -39.666115
-121.660591 12.189700 -39.635060
-121.624122 12.217802 -39.610748
-121.596885 12.238804 -39.592590
-121.577508 12.253755 -39.579672
-121.564396 12.263876 -39.570931
-121.555974 12.270380 -39.565316
-121.550844 12.274343 -39.561896
-121.547878 12.276635 -39.559919
-121.546219 12.277918 -39.558813
-121.545244 12.278672 -39.558163
-121.544479 12.279263 -39.557653
-121.543504 12.280018 -39.557003
-121.541845 12.281303 -39.555897
-121.538879 12.283601 -39.553919
-121.533749 12.287576 -39.550500
-121.525327 12.294107 -39.544885
-121.512215 12.304279 -39.536144
-121.492838 12.319321 -39.523225
-121.465601 12.340477 -39.505068
-121.429133 12.368825 -39.480755
-121.382551 12.405062 -39.449701
-121.325728 12.449300 -39.411818
-121.259468 12.500927 -39.367645
-121.185558 12.558562 -39.318372
-121.106657 12.620140 -39.265771
-121.026020 12.683123 -39.212013
-120.947119 12.744799 -39.159413
-120.873209 12.802615 -39.110140
-120.806949 12.854484 -39.065966
-120.750126 12.898993 -39.028084
-120.703544 12.935502 -38.997030
-120.667076 12.964100 -38.972717
-120.639839 12.985468 -38.954559
-120.620462 13.000676 -38.941641
-120.607350 13.010970 -38.932900
-120.598928 13.017584 -38.927285
-120.593798 13.021614 -38.923866
-120.590832 13.023944 -38.921888
-120.589173 13.025248 -38.920782
-120.588198 13.026014 -38.920132
-120.587433 13.026615 -38.919622
-120.586458 13.027382 -38.918972
-120.584799 13.028688 -38.917866
-120.581832 13.031023 -38.915888
-120.576703 13.035061 -38.912469
-120.568281 13.041694 -38.906854
-120.555169 13.052024 -38.898113
-120.535792 13.067298 -38.885194
-120.508555 13.088776 -38.867037
-120.472086 13.117549 -38.842724
-120.425505 13.154321 -38.811670
-120.368682 13.199203 -38.773788
-120.302421 13.251567 -38.729614
-120.228512 13.310010 -38.680341
-120.149611 13.372434 -38.627740
-120.068974 13.436265 -38.573983
-119.990073 13.498754 -38.521382
-119.916163 13.557318 -38.472109
-119.849903 13.609843 -38.427935
-119.793080 13.654906 -38.390053
-119.746498 13.691859 -38.358999
-119.710029 13.720799 -38.334686
-119.682793 13.742418 -38.316529
-119.663415 13.757802 -38.303610
-119.650304 13.768214 -38.294869
-119.641881 13.774903 -38.289254
-119.636752 13.778977 -38.285835
-119.633785 13.781334 -38.283857
-119.632127 13.782651 -38.282751
-119.631151 13.783426 -38.282101
-119.630387 13.784034 -38.281591
-119.629412 13.784809 -38.280941
-119.627753 13.786128 -38.279835
-119.624786 13.788487 -38.277858
-119.619657 13.792566 -38.274438
-119.611235 13.799267 -38.268823
-119.598123 13.809700 -38.260082
-119.578746 13.825123 -38.247164
-119.551509 13.846809 -38.229006
-119.515040 13.875854 -38.204693
-119.468459 13.912965 -38.173639
-119.411635 13.958250 -38.135757
-119.345375 14.011073 -38.091583
-119.271466 14.070013 -38.042310
-119.192564 14.132951 -37.989710
-119.111928 14.197291 -37.935952
-119.033027 14.260262 -37.883351
-118.959117 14.319262 -37.834078
-118.892857 14.372165 -37.789905
-118.836034 14.417541 -37.752023
-118.789452 14.454743 -37.720968
-118.752983 14.483872 -37.696655
-118.725747 14.505627 -37.678498
-118.706369 14.521106 -37.665579
-118.693258 14.531580 -37.656838
-118.684835 14.538309 -37.651223
-118.679706 14.542406 -37.647804
-118.676739 14.544776 -37.645826
-118.675080 14.546101 -37.644720
-118.674105 14.546880 -37.644070
-118.673341 14.547491 -37.643561
-118.672366 14.548270 -37.642910
-118.670707 14.549595 -37.641805
-118.667740 14.551966 -37.639827
-118.662611 14.556065 -37.636407
-118.654188 14.562797 -37.630792
-118.641077 14.573279 -37.622051
-118.621699 14.588771 -37.609133
-118.594463 14.610549 -37.590975
-118.557994 14.639712 -37.566663
-118.511412 14.676967 -37.535608
-118.454589 14.722417 -37.497726
-118.388329 14.775419 -37.453553
-118.314420 14.834544 -37.404280
-118.235518 14.897665 -37.351679
-118.154882 14.962175 -37.297921
-118.075980 15.025296 -37.245320
-118.002071 15.084421 -37.196047
-117.935811 15.137423 -37.151874
-117.878988 15.182873 -37.113992
-117.832406 15.220128 -37.082937
-117.795937 15.249291 -37.058625
-117.768701 15.271069 -37.040467
-117.749323 15.286561 -37.027549
-117.736212 15.297043 -37.018808
-117.727789 15.303775 -37.013193
-117.722660 15.307874 -37.009773
-117.719693 15.310245 -37.007795
-117.718034 15.311570 -37.006690
-117.717059 15.312349 -37.006039
-117.716295 15.312960 -37.005530
-117.715320 15.313739 -37.004880
-117.713661 15.315064 -37.003774
-117.710694 15.317434 -37.001796
-117.705565 15.321531 -36.998377
-117.697142 15.328260 -36.992762
-117.684031 15.338734 -36.984021
-117.664653 15.354213 -36.971102
-117.637417 15.375968 -36.952945
-117.600948 15.405097 -36.928632
-117.554366 15.442299 -36.897577
-117.497543 15.487675 -36.859695
-117.431283 15.540578 -36.815522
-117.357373 15.599578 -36.766249
-117.278472 15.662549 -36.713648
-117.197836 15.726889 -36.659890
-117.118934 15.789827 -36.607290
-117.045025 15.848767 -36.558017
-116.978765 15.901590 -36.513843
-116.921941 15.946875 -36.475961
-116.875360 15.983986 -36.444907
-116.838891 16.013031 -36.420594
-116.811654 16.034717 -36.402436
-116.792277 16.050140 -36.389518
-116.779165 16.060573 -36.380777
-116.770743 16.067274 -36.375162
-116.765614 16.071353 -36.371742
-116.762647 16.073712 -36.369765
-116.760988 16.075031 -36.368659
-116.760013 16.075806 -36.368009
-116.759249 16.076414 -36.367499
-116.758273 16.077189 -36.366849
-116.756615 16.078506 -36.365743
-116.753648 16.080863 -36.363765
-116.748519 16.084937 -36.360346
-116.740096 16.091626 -36.354731
-116.726985 16.102038 -36.345990
-116.707607 16.117422 -36.333071
-116.680371 16.139041 -36.314914
-116.643902 16.167981 -36.290601
-116.597320 16.204934 -36.259547
-116.540497 16.249997 -36.221665
-116.474237 16.302522 -36.177491
-116.400327 16.361086 -36.128218
-116.321426 16.423575 -36.075617
-116.240789 16.487406 -36.021860
-116.161888 16.549830 -35.969259
-116.087979 16.608273 -35.919986
-116.021718 16.660637 -35.875812
-115.964895 16.705519 -35.837930
-115.918314 16.742291 -35.806876
-115.881845 16.771064 -35.782563
-115.854608 16.792542 -35.764406
-115.835231 16.807816 -35.751487
-115.822119 16.818146 -35.742746
-115.813697 16.824779 -35.737131
-115.808568 16.828817 -35.733712
-115.805601 16.831152 -35.731734
-115.803942 16.832458 -35.730628
-115.802967 16.833225 -35.729978
-115.802202 16.833826 -35.729468
-115.801227 16.834592 -35.728818
-115.799568 16.835896 -35.727712
-115.796602 16.838226 -35.725734
-115.791472 16.842256 -35.722315
-115.783050 16.848870 -35.716700
-115.769938 16.859164 -35.707959
-115.750561 16.874372 -35.695041
-115.723324 16.895740 -35.676883
-115.686856 16.924338 -35.652570
-115.640274 16.960847 -35.621516
-115.583451 17.005356 -35.583634
-115.517191 17.057225 -35.539460
-115.443281 17.115041 -35.490187
-115.364380 17.176717 -35.437587
-115.283743 17.239700 -35.383829
-115.204842 17.301278 -35.331228
-115.130932 17.358913 -35.281955
-115.064672 17.410540 -35.237782
-115.007849 17.454778 -35.199899
-114.961267 17.491015 -35.168845
-114.924799 17.519363 -35.144532
-114.897562 17.540519 -35.126375
-114.878185 17.555561 -35.113456
-114.865073 17.565733 -35.104715
-114.856651 17.572264 -35.099100
-114.851521 17.576239 -35.095681
-114.848555 17.578537 -35.093703
-114.846896 17.579822 -35.092597
-114.845921 17.580577 -35.091947
-114.845156 17.581168 -35.091437
-114.844181 17.581922 -35.090787
-114.842522 17.583205 -35.089681
-114.839556 17.585497 -35.087704
-114.834426 17.589460 -35.084284
-114.826004 17.595964 -35.078669
-114.812892 17.606085 -35.069928
-114.793515 17.621036 -35.057010
-114.766278 17.642038 -35.038852
-114.729809 17.670140 -35.014540
-114.683228 17.706008 -34.983485
-114.626405 17.749726 -34.945603
-114.560144 17.800659 -34.901430
-114.486235 17.857418 -34.852157
-114.407334 17.917948 -34.799556
-114.326697 17.979743 -34.745798
-114.247796 18.040143 -34.693197
-114.173886 18.096659 -34.643924
-114.107626 18.147270 -34.599751
-114.050803 18.190626 -34.561869
-114.004221 18.226131 -34.530814
-113.967752 18.253900 -34.506502
-113.940516 18.274621 -34.488344
-113.921138 18.289350 -34.475426
-113.908027 18.299308 -34.466685
-113.899604 18.305701 -34.461070
-113.894475 18.309591 -34.457650
-113.891509 18.311841 -34.455672
-113.889850 18.313098 -34.454566
-113.888875 18.313836 -34.453916
-113.888110 18.314415 -34.453407
-113.887135 18.315152 -34.452757
-113.885476 18.316406 -34.451651
-113.882509 18.318648 -34.449673
-113.877380 18.322522 -34.446253
-113.868958 18.328881 -34.440638
-113.855846 18.338775 -34.431897
-113.836469 18.353386 -34.418979
-113.809232 18.373907 -34.400821
-113.772763 18.401361 -34.376509
-113.726182 18.436392 -34.345454
-113.669358 18.479080 -34.307572
-113.603098 18.528798 -34.263399
-113.529189 18.584188 -34.214126
-113.450287 18.643240 -34.161525
-113.369651 18.703508 -34.107767
-113.290750 18.762398 -34.055166
-113.216840 18.817484 -34.005893
-113.150580 18.866800 -33.961720
-113.093757 18.909035 -33.923838
-113.047175 18.943613 -33.892783
-113.010706 18.970650 -33.868471
-112.983470 18.990819 -33.850313
-112.964092 19.005154 -33.837395
-112.950981 19.014844 -33.828654
-112.942558 19.021063 -33.823039
-112.937429 19.024847 -33.819619
-112.934462 19.027035 -33.817642
-112.932803 19.028257 -33.816536
-112.931828 19.028976 -33.815886
-112.931064 19.029538 -33.815376
-112.930089 19.030255 -33.814726
-112.928430 19.031474 -33.813620
-112.925463 19.033652 -33.811642
-112.920334 19.037417 -33.808223
-112.911911 19.043595 -33.802608
-112.898800 19.053205 -33.793867
-112.879423 19.067396 -33.780948
-112.852186 19.087322 -33.762791
-112.815717 19.113973 -33.738478
-112.769135 19.147972 -33.707424
-112.712312 19.189389 -33.669542
-112.646052 19.237615 -33.625368
-112.572143 19.291324 -33.576095
-112.493241 19.348566 -33.523494
-112.412605 19.406969 -33.469737
-112.333704 19.464016 -33.417136
-112.259794 19.517361 -33.367863
-112.193534 19.565104 -33.323689
-112.136711 19.605979 -33.285807
-112.090129 19.639433 -33.254753
-112.053660 19.665585 -33.230440
-112.026424 19.685088 -33.212282
-112.007046 19.698947 -33.199364
-111.993935 19.708313 -33.190623
-111.985512 19.714323 -33.185008
-111.980383 19.717980 -33.181589
-111.977416 19.720093 -33.179611
-111.975757 19.721274 -33.178505
-111.974782 19.721968 -33.177855
-111.974018 19.722511 -33.177345
-111.973043 19.723203 -33.176695
-111.971384 19.724380 -33.175589
-111.968417 19.726483 -33.173611
-111.963288 19.730116 -33.170192
-111.954865 19.736078 -33.164577
-111.941754 19.745349 -33.155836
-111.922376 19.759038 -33.142918
-111.895140 19.778254 -33.124760
-111.858671 19.803949 -33.100447
-111.812089 19.836720 -33.069393
-111.755266 19.876629 -33.031511
-111.689006 19.923082 -32.987337
-111.615096 19.974800 -32.938064
-111.536195 20.029901 -32.885463
-111.455559 20.086097 -32.831706
-111.376657 20.140970 -32.779105
-111.302748 20.192264 -32.729832
-111.236488 20.238154 -32.685658
-111.179665 20.277430 -32.647776
-111.133083 20.309564 -32.616722
-111.096614 20.334677 -32.592409
-111.069377 20.353401 -32.574252
-111.050000 20.366701 -32.561333
-111.036889 20.375688 -32.552592
-111.028466 20.381454 -32.546977
-111.023337 20.384962 -32.543558
-111.020370 20.386989 -32.541580
-111.018711 20.388121 -32.540474
-111.017736 20.388786 -32.539824
-111.016972 20.389307 -32.539314
-111.015997 20.389970 -32.538664
-111.014338 20.391098 -32.537558
-111.011371 20.393112 -32.535581
-111.006242 20.396593 -32.532161
-110.997819 20.402302 -32.526546
-110.984708 20.411181 -32.517805
-110.965330 20.424285 -32.504887
-110.938094 20.442677 -32.486729
-110.901625 20.467263 -32.462417
-110.855043 20.498609 -32.431362
-110.798220 20.536770 -32.393480
-110.731960 20.581173 -32.349307
-110.658050 20.630588 -32.300034
-110.579149 20.683215 -32.247433
-110.498513 20.736867 -32.193675
-110.419611 20.789234 -32.141074
-110.345702 20.838165 -32.091801
-110.279442 20.881924 -32.047628
-110.222618 20.919361 -32.009746
-110.176037 20.949980 -31.978691
-110.139568 20.973900 -31.954379
-110.112331 20.991729 -31.936221
-110.092954 21.004390 -31.923303
-110.079842 21.012943 -31.914562
-110.071420 21.018430 -31.908947
-110.066291 21.021767 -31.905527
-110.063324 21.023694 -31.903549
-110.061665 21.024771 -31.902443
-110.060690 21.025404 -31.901793
-110.059925 21.025898 -31.901284
-110.058950 21.026529 -31.900634
-110.057291 21.027600 -31.899528
-110.054325 21.029514 -31.897550
-110.049196 21.032820 -31.894130
-110.040773 21.038242 -31.888515
-110.027662 21.046672 -31.879774
-110.008284 21.059111 -31.866856
-109.981048 21.076565 -31.848698
-109.944579 21.099888 -31.824386
-109.897997 21.129613 -31.793331
-109.841174 21.165787 -31.755449
-109.774914 21.207860 -31.711276
-109.701004 21.254662 -31.662003
-109.622103 21.304483 -31.609402
-109.541466 21.355252 -31.555644
-109.462565 21.404780 -31.503043
-109.388656 21.451037 -31.453770
-109.322395 21.492386 -31.409597
-109.265572 21.527745 -31.371715
-109.218991 21.556653 -31.340660
-109.182522 21.579227 -31.316348
-109.155285 21.596047 -31.298190
-109.135908 21.607987 -31.285272
-109.122796 21.616051 -31.276531
-109.114374 21.621222 -31.270916
-109.109244 21.624367 -31.267496
-109.106278 21.626183 -31.265519
-109.104619 21.627197 -31.264413
-109.103644 21.627793 -31.263763
-109.102879 21.628259 -31.263253
-109.101904 21.628852 -31.262603
-109.100245 21.629860 -31.261497
-109.097279 21.631661 -31.259519
-109.092149 21.634771 -31.256100
-109.083727 21.639871 -31.250485
-109.070615 21.647797 -31.241744
-109.051238 21.659489 -31.228825
-109.024001 21.675889 -31.210668
-108.987533 21.697795 -31.186355
-108.940951 21.725704 -31.155301
-108.884128 21.759652 -31.117418
-108.817868 21.799116 -31.073245
-108.743958 21.842994 -31.023972
-108.665057 21.889678 -30.971371
-108.584420 21.937223 -30.917613
-108.505519 21.983581 -30.865013
-108.431609 22.026854 -30.815740
-108.365349 22.065513 -30.771566
-108.308526 22.098556 -30.733684
-108.261944 22.125556 -30.702630
-108.225476 22.146631 -30.678317
-108.198239 22.162327 -30.660159
-108.178862 22.173465 -30.647241
-108.165750 22.180984 -30.638500
-108.157328 22.185805 -30.632885
-108.152198 22.188735 -30.629466
-108.149232 22.190428 -30.627488
-108.147573 22.191372 -30.626382
-108.146598 22.191927 -30.625732
-108.145833 22.192361 -30.625222
-108.144858 22.192913 -30.624572
-108.143199 22.193851 -30.623466
-108.140232 22.195526 -30.621488
-108.135103 22.198418 -30.618069
-108.126681 22.203160 -30.612454
-108.113569 22.210527 -30.603713
-108.094192 22.221391 -30.590794
-108.066955 22.236622 -30.572637
-108.030486 22.256960 -30.548324
-107.983905 22.282856 -30.517270
-107.927082 22.314338 -30.479388
-107.860821 22.350915 -30.435214
-107.786912 22.391558 -30.385941
-107.708011 22.434772 -30.333340
-107.627374 22.478754 -30.279583
-107.548473 22.521610 -30.226982
-107.474563 22.561587 -30.177709
-107.408303 22.597279 -30.133535
-107.351480 22.627766 -30.095653
-107.304898 22.652663 -30.064599
-107.268429 22.672085 -30.040286
-107.241193 22.686542 -30.022129
-107.221815 22.696797 -30.009210
-107.208704 22.703716 -30.000469
-107.200281 22.708150 -29.994854
-107.195152 22.710845 -29.991435
-107.192185 22.712401 -29.989457
-107.190527 22.713270 -29.988351
-107.189551 22.713779 -29.987701
-107.188787 22.714178 -29.987191
-107.187812 22.714684 -29.986541
-107.186153 22.715545 -29.985435
-107.183186 22.717082 -29.983458
-107.178057 22.719735 -29.980038
-107.169635 22.724083 -29.974423
-107.156523 22.730836 -29.965682
-107.137146 22.740790 -29.952764
-107.109909 22.754739 -29.934606
-107.073440 22.773353 -29.910293
-107.026859 22.797040 -29.879239
-106.970035 22.825818 -29.841357
-106.903775 22.859230 -29.797183
-106.829866 22.896327 -29.747910
-106.750964 22.935739 -29.695310
-106.670328 22.975819 -29.641552
-106.591427 23.014841 -29.588951
-106.517517 23.051211 -29.539678
-106.451257 23.083657 -29.495505
-106.394434 23.111348 -29.457623
-106.347852 23.133946 -29.426568
-106.311383 23.151562 -29.402255
-106.284147 23.164666 -29.384098
-106.264769 23.173955 -29.371179
-106.251658 23.180219 -29.362438
-106.243235 23.184232 -29.356823
-106.238106 23.186670 -29.353404
-106.235139 23.188077 -29.351426
-106.233480 23.188862 -29.350320
-106.232505 23.189322 -29.349670
-106.231741 23.189682 -29.349161
-106.230766 23.190139 -29.348510
-106.229107 23.190916 -29.347405
-106.226140 23.192303 -29.345427
-106.221011 23.194695 -29.342007
-106.212588 23.198614 -29.336392
-106.199477 23.204698 -29.327651
-106.180099 23.213660 -29.314733
-106.152863 23.226211 -29.296575
-106.116394 23.242949 -29.272263
-106.069812 23.264232 -29.241208
-106.012989 23.290066 -29.203326
-105.946729 23.320033 -29.159153
-105.872820 23.353272 -29.109880
-105.793918 23.388551 -29.057279
-105.713282 23.424390 -29.003521
-105.634380 23.459245 -28.950920
-105.560471 23.491698 -28.901647
-105.494211 23.520618 -28.857474
-105.437388 23.545276 -28.819592
-105.390806 23.565378 -28.788537
-105.354337 23.581034 -28.764225
-105.327101 23.592670 -28.746067
-105.307723 23.600912 -28.733149
-105.294612 23.606467 -28.724408
-105.286189 23.610023 -28.718793
-105.281060 23.612182 -28.715373
-105.278093 23.613427 -28.713395
-105.276434 23.614122 -28.712290
-105.275459 23.614529 -28.711639
-105.274695 23.614847 -28.711130
-105.273720 23.615251 -28.710480
-105.272061 23.615937 -28.709374
-105.269094 23.617160 -28.707396
-105.263965 23.619270 -28.703977
-105.255542 23.622724 -28.698362
-105.242431 23.628084 -28.689621
-105.223053 23.635973 -28.676702
-105.195817 23.647013 -28.658545
-105.159348 23.661720 -28.634232
-105.112766 23.680402 -28.603177
-105.055943 23.703054 -28.565295
-104.989683 23.729297 -28.521122
-104.915773 23.758368 -28.471849
-104.836872 23.789181 -28.419248
-104.756236 23.820440 -28.365490
-104.677334 23.850797 -28.312890
-104.603425 23.879021 -28.263617
-104.537165 23.904137 -28.219443
-104.480341 23.925522 -28.181561
-104.433760 23.942932 -28.150507
-104.397291 23.956475 -28.126194
-104.370054 23.966529 -28.108036
-104.350677 23.973643 -28.095118
-104.337565 23.978432 -28.086377
-104.329143 23.981496 -28.080762
-104.324014 23.983354 -28.077342
-104.321047 23.984426 -28.075365
-104.319388 23.985023 -28.074259
-104.318413 23.985373 -28.073609
-104.317649 23.985646 -28.073099
-104.316673 23.985992 -28.072449
-104.315015 23.986580 -28.071343
-104.312048 23.987628 -28.069365
-104.306919 23.989434 -28.065946
-104.298496 23.992388 -28.060331
-104.285385 23.996968 -28.051590
-104.266007 24.003702 -28.038671
-104.238771 24.013115 -28.020514
-104.202302 24.025639 -27.996201
-104.155720 24.041525 -27.965147
-104.098897 24.060755 -27.927265
-104.032637 24.082995 -27.883091
-103.958727 24.107588 -27.833818
-103.879826 24.133603 -27.781217
-103.799189 24.159942 -27.727460
-103.720288 24.185469 -27.674859
-103.646379 24.209153 -27.625586
-103.580118 24.230186 -27.581412
-103.523295 24.248059 -27.543530
-103.476714 24.262582 -27.512476
-103.440245 24.273858 -27.488163
-103.413008 24.282215 -27.470006
-103.393631 24.288118 -27.457087
-103.380519 24.292088 -27.448346
-103.372097 24.294623 -27.442731
-103.366968 24.296160 -27.439312
-103.364001 24.297045 -27.437334
-103.362342 24.297538 -27.436228
-103.361367 24.297826 -27.435578
-103.360602 24.298051 -27.435068
-103.359627 24.298336 -27.434418
-103.357968 24.298818 -27.433312
-103.355002 24.299678 -27.431334
-103.349872 24.301159 -27.427915
-103.341450 24.303578 -27.422300
-103.328338 24.307323 -27.413559
-103.308961 24.312821 -27.400641
-103.281724 24.320493 -27.382483
-103.245256 24.330680 -27.358170
-103.198674 24.343573 -27.327116
-103.141851 24.359142 -27.289234
-103.075591 24.377101 -27.245060
-103.001681 24.396904 -27.195787
-102.922780 24.417789 -27.143187
-102.842143 24.438869 -27.089429
-102.763242 24.459233 -27.036828
-102.689332 24.478067 -26.987555
-102.623072 24.494738 -26.943382
-102.566249 24.508860 -26.905499
-102.519667 24.520299 -26.874445
-102.483199 24.529155 -26.850132
-102.455962 24.535701 -26.831975
-102.436585 24.540313 -26.819056
-102.423473 24.543407 -26.810315
-102.415051 24.545379 -26.804700
-102.409921 24.546572 -26.801281
-102.406955 24.547258 -26.799303
-102.405296 24.547640 -26.798197
-102.404321 24.547863 -26.797547
-102.403556 24.548036 -26.797037
-102.402581 24.548255 -26.796387
-102.400922 24.548626 -26.795281
-102.397956 24.549285 -26.793304
-102.392826 24.550418 -26.789884
-102.384404 24.552266 -26.784269
-102.371292 24.555121 -26.775528
-102.351915 24.559302 -26.762610
-102.324678 24.565118 -26.744452
-102.288209 24.572815 -26.720140
-102.241628 24.582519 -26.689085
-102.184805 24.594189 -26.651203
-102.118544 24.607588 -26.607030
-102.044635 24.622289 -26.557757
-101.965734 24.637713 -26.505156
-101.885097 24.653194 -26.451398
-101.806196 24.668064 -26.398797
-101.732286 24.681736 -26.349524
-101.666026 24.693767 -26.305351
-101.609203 24.703898 -26.267469
-101.562621 24.712058 -26.236414
-101.526152 24.718341 -26.212102
-101.498916 24.722960 -26.193944
-101.479538 24.726199 -26.181026
-101.466427 24.728362 -26.172285
-101.458004 24.729736 -26.166670
-101.452875 24.730564 -26.163250
-101.449909 24.731038 -26.161272
-101.448250 24.731302 -26.160166
-101.447275 24.731455 -26.159516
-101.446510 24.731573 -26.159007
-101.445535 24.731723 -26.158357
-101.443876 24.731974 -26.157251
-101.440909 24.732420 -26.155273
-101.435780 24.733185 -26.151853
-101.427358 24.734427 -26.146238
-101.414246 24.736337 -26.137497
-101.394869 24.739119 -26.124579
-101.367632 24.742964 -26.106421
-101.331163 24.748017 -26.082109
-101.284582 24.754337 -26.051054
-101.227758 24.761867 -26.013172
-101.161498 24.770427 -25.968999
-101.087589 24.779717 -25.919726
-101.008687 24.789347 -25.867125
-100.928051 24.798890 -25.813367
-100.849150 24.807934 -25.760766
-100.775240 24.816133 -25.711493
-100.708980 24.823245 -25.667320
-100.652157 24.829147 -25.629438
-100.605575 24.833831 -25.598383
-100.569106 24.837387 -25.574071
-100.541870 24.839965 -25.555913
-100.522492 24.841749 -25.542995
-100.509381 24.842927 -25.534254
-100.500959 24.843666 -25.528639
-100.495833 24.844107 -25.525219
-100.492879 24.844353 -25.523241
-100.491269 24.844475 -25.522135
-100.490464 24.844499 -25.521483
-100.490221 24.844391 -25.520967
-100.490684 24.843999 -25.520300
-100.492626 24.842956 -25.519151
-100.497891 24.840505 -25.517076
-100.510012 24.835280 -25.513452
-100.534849 24.825085 -25.507442
-100.580899 24.806791 -25.497999
-100.658780 24.776524 -25.483927
-100.779434 24.730281 -25.464015
-100.950897 24.665045 -25.437236
-101.174125 24.580207 -25.402981
-101.439056 24.478923 -25.361282
-101.722613 24.368820 -25.312959
-101.990123 24.261566 -25.259636
-102.200756 24.171091 -25.203601
-102.316059 24.110759 -25.147519
-102.309252 24.090244 -25.094063
-102.172327 24.113113 -25.045537
-101.918482 24.175914 -25.003589
-101.579023 24.269087 -24.969059
-101.195788 24.379373 -24.941998
-100.811662 24.492892 -24.921810
-100.462117 24.597932 -24.907476
-100.170002 24.686707 -24.897793
-99.944372 24.755824 -24.891573
-99.782694 24.805639 -24.887776
-99.674908 24.838992 -24.885574
-99.607643 24.859876 -24.884359
-99.567323 24.872427 -24.883711
-99.541572 24.880458 -24.883353
-99.518794 24.887565 -24.883100
-99.486155 24.897734 -24.882814
-99.426202 24.916384 -24.882369
-99.312401 24.951739 -24.881638
-99.104068 25.016395 -24.880484
-98.741637 25.128787 -24.878791
-98.143842 25.314086 -24.876491
-97.208999 25.603846 -24.873619
-95.822555 26.033751 -24.870349
-93.872133 26.639063 -24.867002
-91.269153 27.448027 -24.864017
-87.973366 28.474309 -24.861867
-84.014112 29.710335 -24.860950
-79.501307 31.123653 -24.861479
-74.620777 32.658027 -24.863416
-69.612606 34.239728 -24.866473
-64.736391 35.787982 -24.870177
-60.231611 37.227118 -24.873992
-56.283021 38.497448 -24.877440
-52.999226 39.562312 -24.880200
-50.408281 40.409989 -24.882142
-48.468882 41.050767 -24.883309
-47.091769 41.510687 -24.883859
-46.164267 41.824065 -24.883993
-45.571864 42.026707 -24.883900
-45.213134 42.151006 -24.883722
-45.007180 42.223315 -24.883543
-44.894817 42.263300 -24.883400
-44.835702 42.284644 -24.883298
-44.803579 42.296476 -24.883223
-44.781235 42.304988 -24.883149
-44.756081 42.314961 -24.883038
-44.716832 42.331007 -24.882835
-44.651565 42.358445 -24.882452
-44.547392 42.403675 -24.881758
-44.391929 42.473977 -24.880561
-44.176461 42.576663 -24.878601
-43.900146 42.717706 -24.875549
-43.573974 42.900125 -24.871032
-43.222768 43.122627 -24.864670
-42.883696 43.378980 -24.856141
-42.600679 43.658494 -24.845259
-42.415572 43.947606 -24.832039
-42.358421 44.232167 -24.816746
-42.439848 44.499791 -24.799900
-42.648160 44.741573 -24.782225
-42.952232 44.952760 -24.764566
-43.309195 45.132349 -24.747761
-43.674351 45.281978 -24.732532
-44.010190 45.404622 -24.719390
-44.292094 45.503567 -24.708595
-44.509775 45.581865 -24.700155
-44.665054 45.642245 -24.693880
-44.767590 45.687254 -24.689445
-44.830304 45.719425 -24.686469
-44.865821 45.741317 -24.684575
-44.884424 45.755426 -24.683433
-44.893423 45.764037 -24.682779
-44.897445 45.769112 -24.682417
-44.899123 45.772270 -24.682207
-44.899828 45.774903 -24.682044
-44.900232 45.778389 -24.681839
-44.900682 45.784383 -24.681490
-44.901422 45.795119 -24.680867
-44.902705 45.813688 -24.679789
-44.904849 45.844177 -24.678019
-44.908264 45.891638 -24.675265
-44.913438 45.961775 -24.671193
-44.920916 46.060347 -24.665471
-44.931231 46.192316 -24.657809
-44.944829 46.360855 -24.648022
-44.961971 46.566411 -24.636083
-44.982643 46.806055 -24.622162
-45.006497 47.073301 -24.606634
-45.032838 47.358522 -24.590056
-45.060664 47.649932 -24.573115
-45.088778 47.934983 -24.556537
-45.115931 48.201915 -24.541009
-45.140986 48.441140 -24.527088
-45.163056 48.646226 -24.515149
-45.181600 48.814292 -24.505362
-45.196446 48.945828 -24.497700
-45.207758 49.044034 -24.491977
-45.215951 49.113883 -24.487906
-45.221580 49.161132 -24.485152
-45.225245 49.191477 -24.483382
-45.227503 49.209952 -24.482304
-45.228821 49.220636 -24.481681
-45.229565 49.226609 -24.481332
-45.230007 49.230119 -24.481128
-45.230358 49.232871 -24.480967
-45.230812 49.236380 -24.480762
-45.231592 49.242348 -24.480414
-45.232999 49.253021 -24.479790
-45.235454 49.271471 -24.478713
-45.239528 49.301763 -24.476943
-45.245945 49.348912 -24.474188
-45.255558 49.418579 -24.470117
-45.269272 49.516479 -24.464395
-45.287937 49.647528 -24.456732
-45.312197 49.814865 -24.446946
-45.342340 50.018920 -24.435007
-45.378170 50.256770 -24.421086
-45.418926 50.521966 -24.405557
-45.463304 50.804942 -24.388980
-45.509556 51.094000 -24.372038
-45.555693 51.376694 -24.355461
-45.599721 51.641366 -24.339932
-45.639898 51.878521 -24.326011
-45.674931 52.081794 -24.314073
-45.704097 52.248345 -24.304286
-45.727256 52.378675 -24.296624
-45.744774 52.475966 -24.290901
-45.757380 52.545155 -24.286830
-45.765995 52.591952 -24.284075
-45.771577 52.622003 -24.282306
-45.775002 52.640298 -24.281228
-45.776996 52.650877 -24.280605
-45.778117 52.656791 -24.280256
-45.778780 52.660266 -24.280051
-45.779305 52.662989 -24.279891
-45.779981 52.666462 -24.279686
-45.781138 52.672369 -24.279337
-45.783219 52.682931 -24.278714
-45.786839 52.701188 -24.277636
-45.792825 52.731161 -24.275867
-45.802220 52.777808 -24.273112
-45.816232 52.846726 -24.269041
-45.836128 52.943559 -24.263318
-45.863067 53.073160 -24.255656
-45.897891 53.238621 -24.245869
-45.940916 53.440353 -24.233931
-45.991759 53.675453 -24.220009
-46.049253 53.937529 -24.204481
-46.111489 54.217121 -24.187904
-46.175981 54.502663 -24.170962
-46.239954 54.781863 -24.154385
-46.300680 55.043209 -24.138856
-46.355818 55.277339 -24.124935
-46.403673 55.477980 -24.112996
-46.443343 55.642346 -24.103209
-46.474722 55.770945 -24.095547
-46.498375 55.866929 -24.089825
-46.515344 55.935179 -24.085754
-46.526910 55.981336 -24.082999
-46.534387 56.010972 -24.081229
-46.538965 56.029013 -24.080152
-46.541625 56.039444 -24.079528
-46.543119 56.045275 -24.079180
-46.544002 56.048701 -24.078975
-46.544698 56.051386 -24.078814
-46.545593 56.054809 -24.078609
-46.547122 56.060630 -24.078261
-46.549869 56.071039 -24.077638
-46.554640 56.089030 -24.076560
-46.562515 56.118563 -24.074790
-46.574850 56.164520 -24.072036
-46.593204 56.232410 -24.067964
-46.619202 56.327786 -24.062242
-46.654306 56.455418 -24.054580
-46.699554 56.618337 -24.044793
-46.755288 56.816934 -24.032854
-46.820939 57.048336 -24.018933
-46.894939 57.306238 -24.003405
-46.974782 57.581320 -23.986827
-47.057255 57.862197 -23.969885
-47.138807 58.136777 -23.953308
-47.215987 58.393746 -23.937780
-47.285862 58.623906 -23.923858
-47.346347 58.821109 -23.911920
-47.396362 58.982628 -23.902133
-47.435834 59.108978 -23.894471
-47.465527 59.203269 -23.888748
-47.486790 59.270305 -23.884677
-47.501260 59.315635 -23.881922
-47.510602 59.344737 -23.880153
-47.516315 59.362452 -23.879075
-47.519632 59.372693 -23.878452
-47.521492 59.378417 -23.878103
-47.522590 59.381780 -23.877898
-47.523456 59.384416 -23.877738
-47.524566 59.387775 -23.877533
-47.526461 59.393488 -23.877184
-47.529863 59.403701 -23.876561
-47.535765 59.421354 -23.875484
-47.545498 59.450327 -23.873714
-47.560722 59.495410 -23.870959
-47.583346 59.561999 -23.866888
-47.615340 59.655534 -23.861166
-47.658468 59.780683 -23.853503
-47.713959 59.940404 -23.843717
-47.782175 60.135067 -23.831778
-47.862371 60.361838 -23.817857
-47.952579 60.614528 -23.802328
-48.049708 60.883992 -23.785751
-48.149830 61.159073 -23.768809
-48.248633 61.427927 -23.752232
-48.341955 61.679484 -23.736703
-48.426287 61.904750 -23.722782
-48.499157 62.097719 -23.710843
-48.559316 62.255741 -23.701057
-48.606721 62.379333 -23.693394
-48.642336 62.471550 -23.687672
-48.667808 62.537103 -23.683601
-48.685123 62.581424 -23.680846
-48.696292 62.609875 -23.679076
-48.703117 62.627192 -23.677999
-48.707077 62.637202 -23.677376
-48.709297 62.642797 -23.677027
-48.710606 62.646083 -23.676822
-48.711637 62.648659 -23.676662
-48.712958 62.651941 -23.676457
-48.715212 62.657522 -23.676108
-48.719254 62.667499 -23.675485
-48.726264 62.684741 -23.674407
-48.737814 62.713040 -23.672638
-48.755867 62.757066 -23.669883
-48.782669 62.822086 -23.665812
-48.820531 62.913404 -23.660089
-48.871510 63.035565 -23.652427
-48.937019 63.191445 -23.642640
-49.017445 63.381389 -23.630702
-49.111861 63.602618 -23.616780
-49.217915 63.849078 -23.601252
-49.331939 64.111839 -23.584675
-49.449305 64.380016 -23.567733
-49.564961 64.642063 -23.551155
-49.674050 64.887194 -23.535627
-49.772500 65.106657 -23.521706
-49.857462 65.294616 -23.509767
-49.927522 65.448505 -23.499980
-49.982671 65.568841 -23.492318
-50.024062 65.658614 -23.486596
-50.053640 65.722419 -23.482524
-50.073732 65.765553 -23.479770
-50.086683 65.793238 -23.478000
-50.094593 65.810087 -23.476922
-50.099179 65.819826 -23.476299
-50.101750 65.825269 -23.475951
-50.103264 65.828466 -23.475746
-50.104457 65.830970 -23.475585
-50.105983 65.834162 -23.475380
-50.108586 65.839589 -23.475032
-50.113253 65.849290 -23.474408
-50.121343 65.866053 -23.473331
-50.134665 65.893562 -23.471561
-50.155474 65.936354 -23.468806
-50.186345 65.999543 -23.464735
-50.229923 66.088276 -23.459013
-50.288547 66.206958 -23.451351
-50.363811 66.358370 -23.441564
-50.456121 66.542830 -23.429625
-50.564379 66.757625 -23.415704
-50.685851 66.996862 -23.400175
-50.816310 67.251863 -23.383598
-50.950449 67.512056 -23.366656
-51.082492 67.766240 -23.350079
-51.206909 68.003959 -23.334551
-51.319080 68.216736 -23.320629
-51.415792 68.398928 -23.308691
-51.495471 68.548063 -23.298904
-51.558141 68.664660 -23.291242
-51.605143 68.751627 -23.285519
-51.638708 68.813427 -23.281448
-51.661495 68.855200 -23.278693
-51.676176 68.882008 -23.276924
-51.685138 68.898321 -23.275846
-51.690333 68.907750 -23.275223
-51.693244 68.913019 -23.274874
-51.694958 68.916113 -23.274669
-51.696307 68.918537 -23.274509
-51.698033 68.921626 -23.274304
-51.700975 68.926877 -23.273955
-51.706248 68.936262 -23.273332
-51.715384 68.952478 -23.272254
-51.730424 68.979086 -23.270485
-51.753905 69.020473 -23.267730
-51.788722 69.081577 -23.263659
-51.837840 69.167367 -23.257936
-51.903874 69.282092 -23.250274
-51.988588 69.428425 -23.240487
-52.092413 69.606660 -23.228549
-52.214076 69.814156 -23.214628
-52.350476 70.045208 -23.199099
-52.496846 70.291420 -23.182522
-52.647217 70.542582 -23.165580
-52.795116 70.787879 -23.149003
-52.934359 71.017229 -23.133474
-53.059799 71.222463 -23.119553
-53.167872 71.398155 -23.107614
-53.256849 71.541936 -23.097828
-53.326788 71.654323 -23.090165
-53.379211 71.738134 -23.084443
-53.416629 71.797681 -23.080372
-53.442019 71.837924 -23.077617
-53.458370 71.863748 -23.075847
-53.468350 71.879459 -23.074770
-53.474132 71.888539 -23.074146
-53.477371 71.893613 -23.073798
-53.479278 71.896593 -23.073593
-53.480778 71.898926 -23.073432
-53.482696 71.901899 -23.073228
-53.485965 71.906953 -23.072879
-53.491823 71.915985 -23.072256
-53.501969 71.931589 -23.071178
-53.518667 71.957190 -23.069408
-53.544725 71.997004 -23.066654
-53.583348 72.055777 -23.062583
-53.637808 72.138278 -23.056860
-53.710985 72.248584 -23.049198
-53.804810 72.389250 -23.039411
-53.919730 72.560541 -23.027472
-54.054308 72.759903 -23.013551
-54.205088 72.981838 -22.998023
-54.366779 73.218272 -22.981445
-54.532777 73.459391 -22.964504
-54.695936 73.694814 -22.947926
-54.849444 73.914870 -22.932398
-54.987649 74.111736 -22.918477
-55.106647 74.280219 -22.906538
-55.204565 74.418068 -22.896751
-55.281491 74.525792 -22.889089
-55.339124 74.606110 -22.883367
-55.380243 74.663164 -22.879295
-55.408135 74.701716 -22.876541
-55.426091 74.726450 -22.874771
-55.437046 74.741497 -22.873693
-55.443393 74.750192 -22.873070
-55.446947 74.755050 -22.872722
-55.449039 74.757903 -22.872517
-55.450684 74.760137 -22.872356
-55.452787 74.762982 -22.872151
-55.456370 74.767818 -22.871803
-55.462789 74.776460 -22.871179
-55.473904 74.791389 -22.870102
-55.492192 74.815880 -22.868332
-55.520723 74.853961 -22.865577
-55.562995 74.910166 -22.861506
-55.622578 74.989048 -22.855784
-55.702604 75.094490 -22.848122
-55.805162 75.228922 -22.838335
-55.930714 75.392579 -22.826396
-56.077666 75.583005 -22.812475
-56.242218 75.794930 -22.796946
-56.418579 76.020632 -22.780369
-56.599536 76.250738 -22.763427
-56.777297 76.475339 -22.746850
-56.944454 76.685216 -22.731322
-57.094867 76.872920 -22.717400
-57.224311 77.033516 -22.705462
-57.330774 77.164877 -22.695675
-57.414378 77.267506 -22.688013
-57.476989 77.344006 -22.682290
-57.521643 77.398338 -22.678219
-57.551924 77.435043 -22.675464
-57.571413 77.458589 -22.673695
-57.583301 77.472911 -22.672617
-57.590186 77.481185 -22.671994
-57.594041 77.485808 -22.671645
-57.596310 77.488522 -22.671440
-57.598093 77.490647 -22.671280
-57.600372 77.493353 -22.671075
-57.604255 77.497953 -22.670726
-57.611209 77.506170 -22.670103
-57.623249 77.520365 -22.669025
-57.643053 77.543646 -22.667256
-57.673942 77.579840 -22.664501
-57.719694 77.633251 -22.660430
-57.784160 77.708195 -22.654707
-57.870712 77.808350 -22.647045
-57.981590 77.936006 -22.637258
-58.117269 78.091371 -22.625320
-58.276002 78.272093 -22.611398
-58.453664 78.473155 -22.595870
-58.643985 78.687217 -22.579293
-58.839172 78.905383 -22.562351
-59.030821 79.118257 -22.545774
-59.210952 79.317110 -22.530245
-59.372967 79.494896 -22.516324
-59.512336 79.646960 -22.504385
-59.626916 79.771303 -22.494598
-59.716861 79.868423 -22.486936
-59.784198 79.940799 -22.481214
-59.832208 79.992188 -22.477143
-59.864756 80.026899 -22.474388
-59.885699 80.049161 -22.472618
-59.898471 80.062701 -22.471541
-59.905867 80.070522 -22.470917
-59.910008 80.074891 -22.470569
-59.912445 80.077456 -22.470364
-59.914359 80.079463 -22.470203
-59.916805 80.082020 -22.469998
-59.920972 80.086363 -22.469650
-59.928433 80.094123 -22.469027
-59.941349 80.107525 -22.467949
-59.962590 80.129504 -22.466179
-59.995712 80.163666 -22.463425
-60.044759 80.214068 -22.459353
-60.113849 80.284772 -22.453631
-60.206579 80.379236 -22.445969
-60.325330 80.499603 -22.436182
-60.470590 80.646050 -22.424243
-60.640466 80.816340 -22.410322
-60.830522 81.005730 -22.394794
-61.034037 81.207290 -22.378216
-61.242667 81.412636 -22.361275
-61.447431 81.612927 -22.344697
-61.639812 81.799955 -22.329169
-61.812776 81.967108 -22.315248
-61.961509 82.110026 -22.303309
-62.083745 82.226852 -22.293522
-62.179668 82.318072 -22.285860
-62.251460 82.386031 -22.280137
-62.302633 82.434272 -22.276066
-62.337317 82.466848 -22.273312
-62.359630 82.487738 -22.271542
-62.373235 82.500440 -22.270464
-62.381113 82.507776 -22.269841
-62.385522 82.511874 -22.269492
-62.388116 82.514279 -22.269288
-62.390154 82.516161 -22.269127
-62.392757 82.518557 -22.268922
-62.397191 82.522627 -22.268574
-62.405129 82.529899 -22.267950
-62.418869 82.542455 -22.266873
-62.441461 82.563041 -22.265103
-62.476684 82.595035 -22.262348
-62.528829 82.642224 -22.258277
-62.602264 82.708404 -22.252555
-62.700798 82.796796 -22.244892
-62.826944 82.909389 -22.235106
-62.981200 83.046328 -22.223167
-63.161534 83.205502 -22.209246
-63.363220 83.382455 -22.193717
-63.579108 83.570702 -22.177140
-63.800343 83.762403 -22.160198
-64.017398 83.949304 -22.143621
-64.221253 84.123754 -22.128092
-64.404471 84.279600 -22.114171
-64.561969 84.412797 -22.102233
-64.691369 84.521635 -22.092446
-64.792884 84.606587 -22.084784
-64.868841 84.669856 -22.079061
-64.922971 84.714755 -22.074990
-64.959652 84.745066 -22.072235
-64.983244 84.764498 -22.070466
-64.997627 84.776311 -22.069388
-65.005954 84.783134 -22.068765
-65.010615 84.786943 -22.068416
-65.013357 84.789179 -22.068211
-65.015509 84.790928 -22.068051
-65.018259 84.793154 -22.067846
-65.022943 84.796935 -22.067497
-65.031326 84.803688 -22.066874
-65.045835 84.815347 -22.065796
-65.069687 84.834460 -22.064027
-65.106868 84.864155 -22.061272
-65.161901 84.907942 -22.057201
-65.239385 84.969331 -22.051478
-65.343327 85.051296 -22.043816
-65.476360 85.155662 -22.034029
-65.638991 85.282542 -22.022091
-65.829057 85.429957 -22.008169
-66.041560 85.593763 -21.992641
-66.268953 85.767938 -21.976064
-66.501901 85.945221 -21.959122
-66.730373 86.117979 -21.942545
-66.944882 86.279148 -21.927016
-67.137615 86.423060 -21.913095
-67.303244 86.546000 -21.901156
-67.439286 86.646412 -21.891369
-67.545985 86.724755 -21.883707
-67.625802 86.783079 -21.877985
-67.682671 86.824454 -21.873914
-67.721200 86.852378 -21.871159
-67.745977 86.870274 -21.869389
-67.761081 86.881152 -21.868312
-67.769824 86.887432 -21.867688
-67.774716 86.890938 -21.867340
-67.777594 86.892996 -21.867135
-67.779854 86.894605 -21.866974
-67.782739 86.896652 -21.866769
-67.787653 86.900128 -21.866421
-67.796448 86.906336 -21.865798
-67.811667 86.917052 -21.864720
-67.836683 86.934613 -21.862950
-67.875672 86.961890 -21.860196
-67.933372 87.002098 -21.856124
-68.014594 87.058450 -21.850402
-68.123525 87.133657 -21.842740
-68.262910 87.229375 -21.832953
-68.433260 87.345685 -21.821014
-68.632293 87.480749 -21.807093
-68.854758 87.630747 -21.791565
-69.092740 87.790150 -21.774987
-69.336462 87.952301 -21.758045
-69.575431 88.110221 -21.741468
-69.799731 88.257461 -21.725940
-70.001203 88.388859 -21.712018
-70.174296 88.501046 -21.700080
-70.316432 88.592628 -21.690293
-70.427885 88.664046 -21.682631
-70.511241 88.717190 -21.676908
-70.570619 88.754875 -21.672837
-70.610842 88.780298 -21.670082
-70.636704 88.796588 -21.668313
-70.652468 88.806485 -21.667235
-70.661591 88.812198 -21.666612
-70.666696 88.815387 -21.666263
-70.669699 88.817258 -21.666058
-70.672056 88.818721 -21.665898
-70.675066 88.820580 -21.665693
-70.680190 88.823738 -21.665344
-70.689360 88.829376 -21.664721
-70.705229 88.839105 -21.663644
-70.731308 88.855044 -21.661874
-70.771949 88.879793 -21.659119
-70.832083 88.916261 -21.655048
-70.916715 88.967347 -21.649326
-71.030197 89.035494 -21.641663
-71.175372 89.122180 -21.631877
-71.352756 89.227451 -21.619938
-71.559955 89.349619 -21.606017
-71.791485 89.485206 -21.590488
-72.039098 89.629194 -21.573911
-72.292614 89.775562 -21.556969
-72.541118 89.918007 -21.540392
-72.774304 90.050724 -21.524863
-72.983704 90.169080 -21.510942
-73.163564 90.270063 -21.499003
-73.311223 90.352445 -21.489217
-73.426981 90.416650 -21.481554
-73.513540 90.464401 -21.475832
-73.575189 90.498244 -21.471761
-73.616942 90.521065 -21.469006
-73.643786 90.535681 -21.467236
-73.660145 90.544559 -21.466159
-73.669613 90.549683 -21.465536
-73.674910 90.552541 -21.465187
-73.678025 90.554218 -21.464982
-73.680470 90.555528 -21.464822
-73.683592 90.557193 -21.464617
-73.688906 90.560020 -21.464268
-73.698416 90.565064 -21.463645
-73.714869 90.573767 -21.462567
-73.741907 90.588020 -21.460798
-73.784036 90.610141 -21.458043
-73.846361 90.642722 -21.453972
-73.934063 90.688338 -21.448249
-74.051639 90.749150 -21.440587
-74.202019 90.826454 -21.430800
-74.385723 90.920263 -21.418862
-74.600253 91.029044 -21.404940
-74.839916 91.149673 -21.389412
-75.096163 91.277666 -21.372835
-75.358452 91.407660 -21.355893
-75.615490 91.534058 -21.339315
-75.856624 91.651718 -21.323787
-76.073110 91.756554 -21.309866
-76.259012 91.845927 -21.297927
-76.411599 91.918778 -21.288140
-76.531196 91.975512 -21.280478
-76.620609 92.017677 -21.274756
-76.684280 92.047542 -21.270684
-76.727397 92.067669 -21.267930
-76.755114 92.080553 -21.266160
-76.772003 92.088376 -21.265082
-76.781776 92.092888 -21.264459
-76.787244 92.095405 -21.264111
-76.790460 92.096880 -21.263906
-76.792983 92.098033 -21.263745
-76.796204 92.099497 -21.263540
-76.801686 92.101980 -21.263192
-76.811497 92.106412 -21.262568
-76.828469 92.114053 -21.261491
-76.856357 92.126563 -21.259721
-76.899804 92.145968 -21.256966
-76.964070 92.174530 -21.252895
-77.054488 92.214492 -21.247173
-77.175685 92.267725 -21.239511
-77.330665 92.335334 -21.229724
-77.519948 92.417303 -21.217785
-77.740946 92.512259 -21.203864
-77.987777 92.617445 -21.188335
-78.251626 92.728929 -21.171758
-78.521632 92.842025 -21.154816
-78.786169 92.951866 -21.138239
-79.034280 93.053996 -21.122711
-79.256979 93.144891 -21.108789
-79.448175 93.222293 -21.096851
-79.605075 93.285320 -21.087064
-79.728030 93.334354 -21.079402
-79.819937 93.370763 -21.073679
-79.885374 93.396529 -21.069608
-79.929681 93.413882 -21.066853
-79.958159 93.424982 -21.065084
-79.975510 93.431717 -21.064006
-79.985550 93.435601 -21.063383
-79.991167 93.437766 -21.063034
-79.994469 93.439034 -21.062829
-79.997060 93.440024 -21.062669
-80.000368 93.441281 -21.062464
-80.005997 93.443412 -21.062115
-80.016069 93.447212 -21.061492
-80.033491 93.453762 -21.060414
-80.062116 93.464478 -21.058645
-80.106706 93.481088 -21.055890
-80.172655 93.505517 -21.051819
-80.265426 93.539663 -21.046096
-80.389754 93.585102 -21.038434
-80.548711 93.642746 -21.028647
-80.742812 93.712545 -21.016709
-80.969387 93.793293 -21.002788
-81.222393 93.882612 -20.987259
-81.492781 93.977137 -20.970682
-81.769416 94.072881 -20.953740
-82.040387 94.165723 -20.937163
-82.294476 94.251911 -20.921634
-82.522492 94.328498 -20.907713
-82.718212 94.393618 -20.895774
-82.878794 94.446567 -20.885988
-83.004611 94.487705 -20.878325
-83.098642 94.518211 -20.872603
-83.165582 94.539775 -20.868532
-83.210900 94.554282 -20.865777
-83.240024 94.563554 -20.864007
-83.257768 94.569175 -20.862930
-83.268034 94.572414 -20.862306
-83.273777 94.574219 -20.861958
-83.277153 94.575275 -20.861753
-83.279802 94.576099 -20.861592
-83.283182 94.577143 -20.861388
-83.288935 94.578913 -20.861039
-83.299228 94.582067 -20.860416
-83.317030 94.587498 -20.859338
-83.346277 94.596377 -20.857568
-83.391831 94.610126 -20.854814
-83.459196 94.630323 -20.850743
-83.553946 94.658517 -20.845020
-83.680906 94.695979 -20.837358
-83.843199 94.743425 -20.827571
-84.041336 94.800773 -20.815632
-84.272577 94.866988 -20.801711
-84.530738 94.940081 -20.786183
-84.806577 95.017266 -20.769605
-85.088727 95.095272 -20.752664
-85.365041 95.170741 -20.736086
-85.624085 95.240640 -20.720558
-85.856499 95.302612 -20.706637
-86.055955 95.355187 -20.694698
-86.219572 95.397844 -20.684911
-86.347745 95.430919 -20.677249
-86.443521 95.455400 -20.671527
-86.511694 95.472676 -20.667455
-86.557841 95.484279 -20.664701
-86.587495 95.491685 -20.662931
-86.605560 95.496170 -20.661853
-86.616011 95.498751 -20.661230
-86.621856 95.500188 -20.660882
-86.625292 95.501028 -20.660677
-86.627988 95.501682 -20.660516
-86.631428 95.502510 -20.660311
-86.637282 95.503911 -20.659963
-86.647753 95.506406 -20.659339
-86.665865 95.510697 -20.658262
-86.695616 95.517703 -20.656492
-86.741950 95.528535 -20.653737
-86.810461 95.544419 -20.649666
-86.906808 95.566547 -20.643944
-87.035888 95.595881 -20.636282
-87.200863 95.632938 -20.626495
-87.402239 95.677604 -20.614556
-87.637213 95.729020 -20.600635
-87.899491 95.785592 -20.585106
-88.179670 95.845127 -20.568529
-88.466200 95.905081 -20.551587
-88.746744 95.962872 -20.535010
-89.009699 96.016201 -20.519482
-89.245576 96.063308 -20.505560
-89.447965 96.103127 -20.493622
-89.613958 96.135321 -20.483835
-89.743970 96.160200 -20.476173
-89.841107 96.178558 -20.470450
-89.910238 96.191474 -20.466379
-89.957028 96.200128 -20.463624
-89.987092 96.205638 -20.461855
-90.005405 96.208968 -20.460777
-90.015998 96.210881 -20.460154
-90.021923 96.211944 -20.459805
-90.025406 96.212565 -20.459600
-90.028137 96.213047 -20.459440
-90.031623 96.213655 -20.459235
-90.037554 96.214682 -20.458886
-90.048163 96.216507 -20.458263
-90.066510 96.219641 -20.457185
-90.096645 96.224746 -20.455416
-90.143573 96.232618 -20.452661
-90.212953 96.244124 -20.448590
-90.310510 96.260097 -20.442867
-90.441191 96.281185 -20.435205
-90.608184 96.307705 -20.425418
-90.811987 96.339508 -20.413480
-91.049750 96.375917 -20.399558
-91.315087 96.415741 -20.384030
-91.598478 96.457386 -20.367453
-91.888233 96.499047 -20.350511
-92.171878 96.538929 -20.333934
-92.437686 96.575472 -20.318405
-92.676076 96.607524 -20.304484
-92.880583 96.634426 -20.292545
-93.048283 96.656028 -20.282758
-93.179612 96.672611 -20.275096
-93.277717 96.684771 -20.269374
-93.347528 96.693277 -20.265303
-93.394773 96.698945 -20.262548
-93.425126 96.702538 -20.260778
-93.443613 96.704699 -20.259701
-93.454307 96.705937 -20.259077
-93.460287 96.706622 -20.258729
-93.463802 96.707021 -20.258524
-93.466559 96.707328 -20.258363
-93.470076 96.707714 -20.258158
-93.476060 96.708363 -20.257810
-93.486763 96.709512 -20.257187
-93.505272 96.711476 -20.256109
-93.535671 96.714659 -20.254339
-93.583004 96.719538 -20.251585
-93.652973 96.726621 -20.247513
-93.751347 96.736374 -20.241791
-93.883102 96.749132 -20.234129
-94.051441 96.765007 -20.224342
-94.256851 96.783820 -20.212403
-94.496444 96.805076 -20.198482
-94.763773 96.827991 -20.182954
-95.049235 96.851578 -20.166376
-95.341049 96.874778 -20.149435
-95.626652 96.896590 -20.132857
-95.894243 96.916201 -20.117329
-96.134185 96.933068 -20.103408
-96.339987 96.946946 -20.091469
-96.508720 96.957868 -20.081682
-96.640836 96.966088 -20.074020
-96.739515 96.972001 -20.068297
-96.809725 96.976063 -20.064226
-96.857234 96.978723 -20.061472
-96.887754 96.980383 -20.059702
-96.906341 96.981368 -20.058624
-96.917091 96.981925 -20.058001
-96.923103 96.982230 -20.057652
-96.926636 96.982404 -20.057448
-96.929407 96.982536 -20.057287
-96.932941 96.982698 -20.057082
-96.938954 96.982966 -20.056734
-96.949709 96.983434 -20.056110
-96.968305 96.984220 -20.055033
-96.998845 96.985469 -20.053263
-97.046392 96.987336 -20.050508
-97.116670 96.989967 -20.046437
-97.215464 96.993461 -20.040715
-97.347763 96.997837 -20.033052
-97.516770 97.003003 -20.023266
-97.722959 97.008751 -20.011327
-97.963418 97.014768 -19.997406
-98.231662 97.020682 -19.981877
-98.518045 97.026117 -19.965300
-98.810743 97.030761 -19.948358
-99.097155 97.034415 -19.931781
-99.365451 97.037016 -19.916252
-99.605980 97.038631 -19.902331
-99.812248 97.039428 -19.890393
-99.981333 97.039626 -19.880606
-100.113705 97.039451 -19.872944
-100.212560 97.039093 -19.867221
-100.282886 97.038693 -19.863150
-100.330468 97.038335 -19.860395
-100.361032 97.038056 -19.858626
-100.379644 97.037860 -19.857548
-100.390408 97.037734 -19.856925
-100.396427 97.037657 -19.856576
-100.399964 97.037607 -19.856371
-100.402738 97.037563 -19.856211
-100.406275 97.037500 -19.856006
-100.412293 97.037387 -19.855657
-100.423056 97.037171 -19.855034
-100.441665 97.036776 -19.853956
-100.472222 97.036086 -19.852187
-100.519791 97.034934 -19.849432
-100.590095 97.033102 -19.845361
-100.688912 97.030323 -19.839638
-100.821222 97.026299 -19.831976
-100.990216 97.020736 -19.822189
-101.196355 97.013395 -19.810251
-101.436712 97.004149 -19.796329
-101.704790 96.993037 -19.780801
-101.990941 96.980298 -19.764224
-102.283345 96.966369 -19.747282
-102.569411 96.951850 -19.730705
-102.837333 96.937429 -19.715176
-103.077479 96.923786 -19.701255
-103.283383 96.911499 -19.689316
-103.452141 96.900973 -19.679529
-103.584234 96.892402 -19.671867
-103.682868 96.885775 -19.666145
-103.753027 96.880916 -19.662074
-103.800491 96.877541 -19.659319
-103.830975 96.875324 -19.657549
-103.849537 96.873948 -19.656472
-103.860272 96.873139 -19.655848
-103.866273 96.872680 -19.655500
-103.869801 96.872406 -19.655295
-103.872566 96.872186 -19.655134
-103.876092 96.871900 -19.654929
-103.882091 96.871405 -19.654581
-103.892818 96.870507 -19.653958
-103.911364 96.868933 -19.652880
-103.941816 96.866305 -19.651110
-103.989217 96.862139 -19.648356
-104.059263 96.855852 -19.644284
-104.157704 96.846811 -19.638562
-104.289493 96.834403 -19.630900
-104.457794 96.818133 -19.621113
-104.663053 96.797733 -19.609174
-104.902339 96.773261 -19.595253
-105.169173 96.745169 -19.579725
-105.453940 96.714307 -19.563147
-105.744871 96.681860 -19.546205
-106.029441 96.649228 -19.529628
-106.295908 96.617843 -19.514100
-106.534706 96.588996 -19.500178
-106.739415 96.563674 -19.488240
-106.907166 96.542466 -19.478453
-107.038450 96.525535 -19.470791
-107.136465 96.512666 -19.465068
-107.206175 96.503366 -19.460997
-107.253329 96.496988 -19.458242
-107.283611 96.492842 -19.456473
-107.302049 96.490291 -19.455395
-107.312710 96.488803 -19.454772
-107.318671 96.487965 -19.454423
-107.322173 96.487468 -19.454218
-107.324919 96.487073 -19.454058
-107.328420 96.486563 -19.453853
-107.334375 96.485688 -19.453504
-107.345024 96.484112 -19.452881
-107.363433 96.481365 -19.451804
-107.393657 96.476812 -19.450034
-107.440698 96.469647 -19.447279
-107.510204 96.458930 -19.443208
-107.607874 96.443664 -19.437486
-107.738611 96.422923 -19.429823
-107.905541 96.396011 -19.420037
-108.109092 96.362633 -19.408098
-108.346344 96.323035 -19.394177
-108.610860 96.278076 -19.378648
-108.893096 96.229214 -19.362071
-109.181384 96.178381 -19.345129
-109.463311 96.127765 -19.328552
-109.727251 96.079543 -19.313023
-109.963739 96.035609 -19.299102
-110.166430 95.997355 -19.287163
-110.332498 95.965550 -19.277377
-110.462444 95.940326 -19.269714
-110.559445 95.921267 -19.263992
-110.628424 95.907565 -19.259921
-110.675079 95.898208 -19.257166
-110.705037 95.892150 -19.255396
-110.723276 95.888435 -19.254319
-110.733822 95.886274 -19.253696
-110.739717 95.885059 -19.253347
-110.743181 95.884341 -19.253142
-110.745896 95.883773 -19.252982
-110.749358 95.883042 -19.252777
-110.755246 95.881792 -19.252428
-110.765773 95.879543 -19.251805
-110.783971 95.875634 -19.250727
-110.813845 95.869173 -19.248958
-110.860337 95.859039 -19.246203
-110.929023 95.843935 -19.242132
-111.025528 95.822505 -19.236409
-111.154686 95.793514 -19.228747
-111.319574 95.756069 -19.218960
-111.520598 95.709848 -19.207022
-111.754861 95.655282 -19.193100
-112.015992 95.593637 -19.177572
-112.294562 95.526973 -19.160995
-112.579045 95.457958 -19.144053
-112.857194 95.389564 -19.127475
-113.117544 95.324699 -19.111947
-113.350769 95.265854 -19.098026
-113.550626 95.214821 -19.086087
-113.714342 95.172548 -19.076300
-113.842427 95.139133 -19.068638
-113.938024 95.113960 -19.062916
-114.005996 95.095910 -19.058844
-114.051963 95.083614 -19.056090
-114.081477 95.075668 -19.054320
-114.099443 95.070804 -19.053242
-114.109831 95.067978 -19.052619
-114.115637 95.066392 -19.052271
-114.119049 95.065455 -19.052066
-114.121722 95.064716 -19.051905
-114.125130 95.063767 -19.051700
-114.130927 95.062145 -19.051352
-114.141291 95.059234 -19.050728
-114.159204 95.054178 -19.049651
-114.188608 95.045835 -19.047881
-114.234364 95.032773 -19.045126
-114.301954 95.013344 -19.041055
-114.396906 94.985836 -19.035333
-114.523965 94.948711 -19.027671
-114.686145 94.900884 -19.017884
-114.883833 94.842007 -19.005945
-115.114164 94.772692 -18.992024
-115.370860 94.694610 -18.976495
-115.644640 94.610412 -18.959918
-115.924173 94.523493 -18.942976
-116.197425 94.437595 -18.926399
-116.453137 94.356348 -18.910871
-116.682160 94.282829 -18.896949
-116.878378 94.219224 -18.885011
-117.039083 94.166652 -18.875224
-117.164791 94.125181 -18.867562
-117.258599 94.093995 -18.861839
-117.325289 94.071671 -18.857768
-117.370384 94.056484 -18.855013
-117.399334 94.046682 -18.853244
-117.416956 94.040688 -18.852166
-117.427143 94.037210 -18.851543
-117.432837 94.035258 -18.851194
-117.436182 94.034107 -18.850989
-117.438804 94.033200 -18.850829
-117.442145 94.032037 -18.850624
-117.447827 94.030051 -18.850275
-117.457985 94.026488 -18.849652
-117.475542 94.020306 -18.848574
-117.504358 94.010115 -18.846805
-117.549193 93.994177 -18.844050
-117.615415 93.970500 -18.839979
-117.708430 93.937026 -18.834256
-117.832879 93.891917 -18.826594
-117.991700 93.833900 -18.816807
-118.185256 93.762603 -18.804869
-118.410726 93.678820 -18.790948
-118.661953 93.584613 -18.775419
-118.929842 93.483221 -18.758842
-119.203300 93.378748 -18.741900
-119.470553 93.275692 -18.725323
-119.720597 93.178391 -18.709794
-119.944496 93.090494 -18.695873
-120.136285 93.014572 -18.683934
-120.293333 92.951914 -18.674148
-120.416157 92.902553 -18.666485
-120.507798 92.865480 -18.660763
-120.572938 92.838972 -18.656692
-120.616979 92.820955 -18.653937
-120.645249 92.809336 -18.652167
-120.662455 92.802237 -18.651090
-120.672401 92.798119 -18.650466
-120.677960 92.795811 -18.650118
-120.681226 92.794450 -18.649913
-120.683784 92.793378 -18.649752
-120.687045 92.792005 -18.649548
-120.692590 92.789663 -18.649199
-120.702501 92.785463 -18.648576
-120.719630 92.778180 -18.647498
-120.747742 92.766182 -18.645728
-120.791476 92.747433 -18.642974
-120.856063 92.719603 -18.638903
-120.946768 92.680297 -18.633180
-121.068105 92.627386 -18.625518
-121.222926 92.559412 -18.615731
-121.411571 92.475983 -18.603792
-121.631274 92.378068 -18.589871
-121.876019 92.268118 -18.574343
-122.136938 92.149939 -18.557765
-122.403220 92.028333 -18.540824
-122.663398 91.908534 -18.524246
-122.906768 91.795570 -18.508718
-123.124642 91.693650 -18.494797
-123.311229 91.605717 -18.482858
-123.463986 91.533224 -18.473071
-123.583433 91.476172 -18.465409
-123.672538 91.433362 -18.459687
-123.735866 91.402775 -18.455615
-123.778675 91.382001 -18.452861
-123.806152 91.368613 -18.451091
-123.822873 91.360437 -18.450013
-123.832538 91.355697 -18.449390
-123.837939 91.353040 -18.449042
-123.841112 91.351475 -18.448837
-123.843597 91.350243 -18.448676
-123.846764 91.348666 -18.448471
-123.852149 91.345977 -18.448123
-123.861774 91.341157 -18.447499
-123.878407 91.332802 -18.446422
-123.905701 91.319046 -18.444652
-123.948158 91.297560 -18.441897
-124.010850 91.265690 -18.437826
-124.098879 91.220710 -18.432104
-124.216616 91.160210 -18.424442
-124.366815 91.082554 -18.414655
-124.549788 90.987328 -18.402716
-124.762838 90.875676 -18.388795
-125.000118 90.750424 -18.373266
-125.253016 90.615935 -18.356689
-125.511048 90.477685 -18.339747
-125.763105 90.341626 -18.323170
-125.998820 90.213453 -18.307642
-126.209791 90.097920 -18.293720
-126.390426 89.998330 -18.281782
-126.538278 89.916295 -18.271995
-126.653865 89.851782 -18.264333
-126.740076 89.803407 -18.258610
-126.801336 89.768865 -18.254539
-126.842742 89.745418 -18.251784
-126.869314 89.730314 -18.250015
-126.885483 89.721094 -18.248937
-126.894828 89.715750 -18.248314
-126.900050 89.712756 -18.247965
-126.903117 89.710993 -18.247760
-126.905519 89.709606 -18.247600
-126.908580 89.707832 -18.247395
-126.913783 89.704806 -18.247046
-126.923083 89.699385 -18.246423
-126.939153 89.689993 -18.245345
-126.965519 89.674532 -18.243576
-127.006528 89.650398 -18.240821
-127.067072 89.614616 -18.236750
-127.152072 89.564143 -18.231027
-127.265735 89.496297 -18.223365
-127.410705 89.409271 -18.213578
-127.587271 89.302632 -18.201640
-127.792810 89.177693 -18.187718
-128.021668 89.037644 -18.172190
-128.265528 88.887386 -18.155613
-128.514272 88.733048 -18.138671
-128.757192 88.581276 -18.122094
-128.984303 88.438412 -18.106565
-129.187522 88.309731 -18.092644
-129.361477 88.198885 -18.080705
-129.503828 88.107637 -18.070918
-129.615091 88.035924 -18.063256
-129.698060 87.982178 -18.057534
-129.757006 87.943820 -18.053463
-129.796841 87.917794 -18.050708
-129.822402 87.901036 -18.048938
-129.837953 87.890808 -18.047861
-129.846940 87.884883 -18.047237
-129.851962 87.881564 -18.046889
-129.854911 87.879609 -18.046684
-129.857220 87.878073 -18.046523
-129.860162 87.876108 -18.046318
-129.865164 87.872758 -18.045970
-129.874101 87.866759 -18.045347
-129.889543 87.856366 -18.044269
-129.914875 87.839264 -18.042499
-129.954271 87.812577 -18.039745
-130.012424 87.773027 -18.035673
-130.094051 87.717265 -18.029951
-130.203182 87.642347 -18.022289
-130.342341 87.546302 -18.012502
-130.511788 87.428679 -18.000563
-130.708990 87.290955 -17.986642
-130.928504 87.136673 -17.971114
-131.162343 86.971251 -17.954536
-131.400798 86.801448 -17.937595
-131.633603 86.634575 -17.921017
-131.851196 86.477594 -17.905489
-132.045844 86.336283 -17.891568
-132.212418 86.214627 -17.879629
-132.348695 86.114534 -17.869842
-132.455186 86.035909 -17.862180
-132.534579 85.977009 -17.856457
-132.590973 85.934990 -17.852386
-132.629078 85.906490 -17.849632
-132.653524 85.888143 -17.847862
-132.668396 85.876951 -17.846784
-132.676989 85.870467 -17.846161
-132.681790 85.866836 -17.845812
-132.684609 85.864699 -17.845608
-132.686816 85.863019 -17.845447
-132.689628 85.860871 -17.845242
-132.694406 85.857211 -17.844894
-132.702946 85.850657 -17.844270
-132.717697 85.839305 -17.843193
-132.741894 85.820632 -17.841423
-132.779517 85.791500 -17.838668
-132.835045 85.748341 -17.834597
-132.912971 85.687514 -17.828875
-133.017131 85.605826 -17.821212
-133.149918 85.501148 -17.811426
-133.311563 85.373015 -17.799487
-133.499633 85.223060 -17.785566
-133.708921 85.055166 -17.770037
-133.931797 84.875246 -17.753460
-134.159002 84.690661 -17.736518
-134.380754 84.509359 -17.719941
-134.587953 84.338893 -17.704412
-134.773247 84.185522 -17.690491
-134.931769 84.053546 -17.678553
-135.061424 83.945012 -17.668766
-135.162714 83.859790 -17.661104
-135.238211 83.795974 -17.655381
-135.291827 83.750462 -17.651310
-135.328047 83.719603 -17.648555
-135.351281 83.699743 -17.646786
-135.365413 83.687630 -17.645708
-135.373577 83.680614 -17.645085
-135.378138 83.676686 -17.644736
-135.380816 83.674374 -17.644531
-135.382912 83.672557 -17.644371
-135.385582 83.670236 -17.644166
-135.390119 83.666280 -17.643817
-135.398225 83.659197 -17.643194
-135.412227 83.646933 -17.642116
-135.435191 83.626763 -17.640347
-135.470891 83.595303 -17.637592
-135.523569 83.548710 -17.633521
-135.597481 83.483063 -17.627798
-135.696250 83.394932 -17.620136
-135.822131 83.282043 -17.610349
-135.975324 83.143916 -17.598411
-136.153504 82.982335 -17.584489
-136.351722 82.801506 -17.568961
-136.562738 82.607812 -17.552384
-136.777779 82.409189 -17.535442
-136.987586 82.214187 -17.518865
-137.183556 82.030923 -17.503336
-137.358749 81.866108 -17.489415
-137.508582 81.724344 -17.477476
-137.631092 81.607805 -17.467689
-137.726773 81.516331 -17.460027
-137.798071 81.447855 -17.454305
-137.848692 81.399034 -17.450234
-137.882882 81.365940 -17.447479
-137.904810 81.344647 -17.445709
-137.918144 81.331661 -17.444632
-137.925848 81.324142 -17.444008
-137.930150 81.319932 -17.443660
-137.932676 81.317455 -17.443455
-137.934653 81.315509 -17.443294
-137.937170 81.313023 -17.443089
-137.941447 81.308788 -17.442741
-137.949088 81.301205 -17.442118
-137.962283 81.288078 -17.441040
-137.983922 81.266491 -17.439270
-138.017555 81.232831 -17.436516
-138.067172 81.182990 -17.432444
-138.136771 81.112787 -17.426722
-138.229751 81.018570 -17.419060
-138.348219 80.897924 -17.409273
-138.492343 80.750359 -17.397334
-138.659917 80.577803 -17.383413
-138.846267 80.384766 -17.367885
-139.044573 80.178079 -17.351307
-139.246583 79.966216 -17.334365
-139.443600 79.758300 -17.317788
-139.627552 79.562976 -17.302260
-139.791939 79.387382 -17.288338
-139.932480 79.236400 -17.276400
-140.047352 79.112326 -17.266613
-140.137038 79.014967 -17.258951
-140.203849 78.942107 -17.253228
-140.251273 78.890174 -17.249157
-140.283295 78.854978 -17.246402
-140.303827 78.832337 -17.244633
-140.316312 78.818532 -17.243555
-140.323523 78.810539 -17.242932
-140.327550 78.806065 -17.242583
-140.329913 78.803433 -17.242378
-140.331763 78.801365 -17.242218
-140.334117 78.798725 -17.242013
-140.338117 78.794226 -17.241664
-140.345261 78.786174 -17.241041
-140.357598 78.772236 -17.239964
-140.377823 78.749321 -17.238194
-140.409254 78.713595 -17.235439
-140.455610 78.660708 -17.231368
-140.520616 78.586232 -17.225646
-140.607434 78.486308 -17.217983
-140.718012 78.358391 -17.208197
-140.852486 78.201982 -17.196258
-141.008778 78.019145 -17.182337
-141.182510 77.814677 -17.166808
-141.367308 77.595829 -17.150231
-141.555474 77.371581 -17.133289
-141.738908 77.151588 -17.116712
-141.910101 76.944991 -17.101183
-142.063021 76.759324 -17.087262
-142.193702 76.599732 -17.075323
-142.300474 76.468622 -17.065537
-142.383804 76.365771 -17.057874
-142.445860 76.288820 -17.052152
-142.489894 76.233984 -17.048081
-142.519620 76.196828 -17.045326
-142.538675 76.172930 -17.043556
-142.550259 76.158361 -17.042479
-142.556948 76.149927 -17.041856
-142.560683 76.145207 -17.041507
-142.562875 76.142429 -17.041302
-142.564590 76.140249 -17.041142
-142.566772 76.137464 -17.040937
-142.570478 76.132722 -17.040588
-142.577098 76.124232 -17.039965
-142.588525 76.109540 -17.038887
-142.607257 76.085388 -17.037118
-142.636358 76.047741 -17.034363
-142.679266 75.992020 -17.030292
-142.739418 75.913571 -17.024569
-142.819724 75.808341 -17.016907
-142.921966 75.673669 -17.007120
-143.046249 75.509046 -16.995182
-143.190631 75.316665 -16.981260
-143.351044 75.101590 -16.965732
-143.521590 74.871462 -16.949155
-143.695155 74.635731 -16.932213
-143.864266 74.404547 -16.915635
-144.022012 74.187507 -16.900107
-144.162847 73.992515 -16.886186
-144.283144 73.824957 -16.874247
-144.381385 73.687339 -16.864460
-144.458025 73.579410 -16.856798
-144.515075 73.498678 -16.851076
-144.555543 73.441160 -16.847004
-144.582852 73.402193 -16.844250
-144.600353 73.377134 -16.842480
-144.610989 73.361860 -16.841402
-144.617130 73.353019 -16.840779
-144.620558 73.348071 -16.840431
-144.622570 73.345161 -16.840226
-144.624143 73.342876 -16.840065
-144.626144 73.339958 -16.839860
-144.629542 73.334990 -16.839512
-144.635609 73.326098 -16.838888
-144.646082 73.310711 -16.837811
-144.663244 73.285419 -16.836041
-144.689899 73.246002 -16.833286
-144.729187 73.187672 -16.829215
-144.784243 73.105566 -16.823493
-144.857712 72.995455 -16.815831
-144.951207 72.854569 -16.806044
-145.064799 72.682395 -16.794105
-145.196688 72.481244 -16.780184
-145.343138 72.256428 -16.764655
-145.498745 72.015946 -16.748078
-145.657009 71.769682 -16.731136
-145.811117 71.528237 -16.714559
-145.954780 71.301630 -16.699031
-146.082965 71.098098 -16.685109
-146.192392 70.923247 -16.673171
-146.281707 70.779676 -16.663384
-146.351347 70.667104 -16.655722
-146.403162 70.582915 -16.649999
-146.439900 70.522947 -16.645928
-146.464683 70.482326 -16.643173
-146.480560 70.456208 -16.641404
-146.490206 70.440290 -16.640326
-146.495774 70.431077 -16.639703
-146.498881 70.425922 -16.639354
-146.500704 70.422890 -16.639149
-146.502129 70.420510 -16.638989
-146.503941 70.417471 -16.638784
-146.507017 70.412297 -16.638435
-146.512508 70.403038 -16.637812
-146.521984 70.387018 -16.636734
-146.537507 70.360689 -16.634965
-146.561609 70.319660 -16.632210
-146.597118 70.258956 -16.628139
-146.646855 70.173524 -16.622416
-146.713193 70.058974 -16.614754
-146.797564 69.912442 -16.604967
-146.900008 69.733411 -16.593029
-147.018873 69.524299 -16.579108
-147.150770 69.290648 -16.563579
-147.290811 69.040781 -16.547002
-147.433138 68.784975 -16.530060
-147.571622 68.534242 -16.513483
-147.700623 68.298979 -16.497954
-147.815641 68.087728 -16.484033
-147.913758 67.906288 -16.472094
-147.993788 67.757341 -16.462308
-148.056148 67.640579 -16.454645
-148.102519 67.553274 -16.448923
-148.135380 67.491095 -16.444852
-148.157536 67.448985 -16.442097
-148.171724 67.421913 -16.440327
-148.180341 67.405415 -16.439250
-148.185314 67.395867 -16.438626
-148.188088 67.390525 -16.438278
-148.189715 67.387383 -16.438073
-148.190986 67.384918 -16.437912
-148.192602 67.381771 -16.437708
-148.195343 67.376412 -16.437359
-148.200237 67.366824 -16.436736
-148.208677 67.350234 -16.435658
-148.222499 67.322974 -16.433888
-148.243950 67.280499 -16.431134
-148.275538 67.217665 -16.427063
-148.319756 67.129250 -16.421340
-148.378695 67.010724 -16.413678
-148.453603 66.859136 -16.403891
-148.544485 66.673967 -16.391952
-148.649849 66.457738 -16.378031
-148.766661 66.216191 -16.362503
-148.890572 65.957946 -16.345925
-149.016388 65.693628 -16.328984
-149.138692 65.434617 -16.312406
-149.252511 65.191646 -16.296878
-149.353900 64.973524 -16.282957
-149.440312 64.786227 -16.271018
-149.510733 64.632504 -16.261231
-149.565562 64.512022 -16.253569
-149.606303 64.421951 -16.247847
-149.635154 64.357814 -16.243775
-149.654595 64.314383 -16.241021
-149.667037 64.286466 -16.239251
-149.674591 64.269454 -16.238173
-149.678947 64.259611 -16.237550
-149.681377 64.254104 -16.237202
-149.682802 64.250865 -16.236997
-149.683914 64.248324 -16.236836
-149.685326 64.245080 -16.236631
-149.687723 64.239559 -16.236283
-149.691998 64.229679 -16.235659
-149.699369 64.212588 -16.234582
-149.711435 64.184506 -16.232812
-149.730148 64.140756 -16.230057
-149.757687 64.076045 -16.225986
-149.796209 63.985004 -16.220264
-149.847512 63.862978 -16.212602
-149.912655 63.706944 -16.202815
-149.991610 63.516384 -16.190876
-150.083048 63.293908 -16.176955
-150.184304 63.045439 -16.161426
-150.291587 62.779854 -16.144849
-150.400386 62.508088 -16.127907
-150.506016 62.241842 -16.111330
-150.604196 61.992142 -16.095802
-150.691546 61.768029 -16.081880
-150.765905 61.575628 -16.069942
-150.826435 61.417748 -16.060155
-150.873512 61.294031 -16.052493
-150.908458 61.201558 -16.046770
-150.933183 61.135720 -16.042699
-150.949830 61.091143 -16.039944
-150.960477 61.062493 -16.038175
-150.966937 61.045037 -16.037097
-150.970660 61.034936 -16.036474
-150.972736 61.029286 -16.036125
-150.973952 61.025964 -16.035920
-150.974901 61.023358 -16.035760
-150.976105 61.020031 -16.035555
-150.978146 61.014368 -16.035206
-150.981786 61.004238 -16.034583
-150.988059 60.986713 -16.033505
-150.998319 60.957922 -16.031736
-151.014220 60.913074 -16.028981
-151.037599 60.846746 -16.024910
-151.070269 60.753445 -16.019187
-151.113730 60.628411 -16.011525
-151.168845 60.468560 -16.001738
-151.235555 60.273376 -15.989800
-151.312698 60.045548 -15.975878
-151.397992 59.791157 -15.960350
-151.488215 59.519303 -15.943773
-151.579558 59.241184 -15.926831
-151.668089 58.968774 -15.910254
-151.750234 58.713350 -15.894725
-151.823195 58.484148 -15.880804
-151.885201 58.287419 -15.868865
-151.935595 58.126017 -15.859078
-151.974731 57.999563 -15.851416
-152.003742 57.905060 -15.845694
-152.024242 57.837787 -15.841623
-152.038028 57.792244 -15.838868
-152.046836 57.762976 -15.837098
-152.052175 57.745145 -15.836021
-152.055251 57.734829 -15.835397
-152.056964 57.729059 -15.835049
-152.057967 57.725666 -15.834844
-152.058749 57.723005 -15.834683
-152.059739 57.719608 -15.834478
-152.061418 57.713828 -15.834130
-152.064408 57.703486 -15.833507
-152.069556 57.685600 -15.832429
-152.077969 57.656216 -15.830659
-152.090994 57.610449 -15.827905
-152.110119 57.542772 -15.823833
-152.136806 57.447587 -15.818111
-152.172249 57.320048 -15.810449
-152.217115 57.157024 -15.800662
-152.271312 56.958001 -15.788723
-152.333849 56.725739 -15.774802
-152.402837 56.466451 -15.759274
-152.475636 56.189422 -15.742696
-152.549156 55.906070 -15.725755
-152.620231 55.628593 -15.709177
-152.686011 55.368473 -15.693649
-152.744288 55.135105 -15.679728
-152.793692 54.934839 -15.667789
-152.833748 54.770567 -15.658002
-152.864785 54.641885 -15.650340
-152.887744 54.545732 -15.644617
-152.903935 54.477294 -15.640546
-152.914805 54.430969 -15.637792
-152.921740 54.401201 -15.636022
-152.925937 54.383067 -15.634944
-152.928352 54.372577 -15.634321
-152.929696 54.366710 -15.633972
-152.930482 54.363260 -15.633768
-152.931093 54.360554 -15.633607
-152.931866 54.357102 -15.633402
-152.933174 54.351227 -15.633054
-152.935503 54.340717 -15.632430
-152.939506 54.322539 -15.631353
-152.946039 54.292681 -15.629583
-152.956135 54.246181 -15.626828
-152.970929 54.177427 -15.622757
-152.991525 54.080741 -15.617035
-153.018808 53.951211 -15.609372
-153.053244 53.785669 -15.599586
-153.094708 53.583610 -15.587647
-153.142389 53.347849 -15.573726
-153.194793 53.084707 -15.558197
-153.249875 52.803619 -15.541620
-153.305276 52.516174 -15.524678
-153.358609 52.234748 -15.508101
-153.407759 51.970980 -15.492572
-153.451117 51.734386 -15.478651
-153.487720 51.531390 -15.466713
-153.517277 51.364907 -15.456926
-153.540090 51.234516 -15.449264
-153.556904 51.137101 -15.443541
-153.568722 51.067774 -15.439470
-153.576632 51.020852 -15.436715
-153.581665 50.990704 -15.434946
-153.584704 50.972341 -15.433868
-153.586449 50.961719 -15.433245
-153.587418 50.955778 -15.432896
-153.587983 50.952285 -15.432691
-153.588421 50.949547 -15.432531
-153.588974 50.946052 -15.432326
-153.589907 50.940106 -15.431977
-153.591564 50.929469 -15.431354
-153.594406 50.911074 -15.430276
-153.599032 50.880862 -15.428507
-153.606158 50.833815 -15.425752
-153.616563 50.764261 -15.421681
-153.630985 50.666463 -15.415958
-153.649997 50.535464 -15.408296
-153.673864 50.368071 -15.398509
-153.702430 50.163789 -15.386571
-153.735063 49.925479 -15.372649
-153.770671 49.659543 -15.357121
-153.807815 49.375527 -15.340544
-153.844873 49.085147 -15.323602
-153.880250 48.800906 -15.307025
-153.912572 48.534551 -15.291496
-153.940837 48.295683 -15.277575
-153.964491 48.090774 -15.265636
-153.983430 47.922752 -15.255849
-153.997927 47.791177 -15.248187
-154.008528 47.692891 -15.242465
-154.015926 47.622954 -15.238394
-154.020844 47.575625 -15.235639
-154.023954 47.545219 -15.233869
-154.025822 47.526700 -15.232792
-154.026890 47.515988 -15.232168
-154.027480 47.509998 -15.231820
-154.027823 47.506477 -15.231615
-154.028087 47.503716 -15.231454
-154.028417 47.500193 -15.231249
-154.028971 47.494200 -15.230901
-154.029949 47.483479 -15.230278
-154.031620 47.464941 -15.229200
-154.034320 47.434496 -15.227430
-154.038448 47.387092 -15.224676
-154.044420 47.317019 -15.220604
-154.052611 47.218503 -15.214882
-154.063276 47.086561 -15.207220
-154.076478 46.917992 -15.197433
-154.092030 46.712309 -15.185494
-154.109482 46.472409 -15.171573
-154.128153 46.204751 -15.156045
-154.147208 45.918951 -15.139467
-154.165775 45.626805 -15.122525
-154.183052 45.340892 -15.105948
-154.198416 45.073023 -15.090420
-154.211474 44.832844 -15.076498
-154.222085 44.626847 -15.064560
-154.230328 44.457963 -15.054773
-154.236452 44.325733 -15.047111
-154.240798 44.226972 -15.041388
-154.243745 44.156707 -15.037317
-154.245651 44.109161 -15.034562
-154.246827 44.078619 -15.032793
-154.247517 44.060019 -15.031715
-154.247903 44.049261 -15.031092
-154.248112 44.043245 -15.030743
-154.248231 44.039710 -15.030538
-154.248319 44.036937 -15.030378
-154.248425 44.033401 -15.030173
-154.248597 44.027384 -15.029824
-154.248894 44.016623 -15.029201
-154.249385 43.998017 -15.028124
-154.250149 43.967462 -15.026354
-154.251262 43.919891 -15.023599
-154.252778 43.849580 -15.019528
-154.254704 43.750743 -15.013806
-154.256980 43.618391 -15.006143
-154.259464 43.449323 -14.996357
-154.261940 43.243069 -14.984418
-154.264141 43.002545 -14.970497
-154.265798 42.734241 -14.954968
-154.266688 42.447808 -14.938391
-154.266688 42.155072 -14.921449
-154.265798 41.868639 -14.904872
-154.264141 41.600335 -14.889343
-154.261940 41.359811 -14.875422
-154.259464 41.153557 -14.863483
-154.256980 40.984489 -14.853697
-154.254704 40.852137 -14.846034
-154.252778 40.753300 -14.840312
-154.251262 40.682989 -14.836241
-154.250149 40.635418 -14.833486
-154.249385 40.604863 -14.831716
-154.248894 40.586257 -14.830639
-154.248597 40.575496 -14.830016
-154.248425 40.569479 -14.829667
-154.248319 40.565943 -14.829462
-154.248231 40.563170 -14.829302
-154.248112 40.559635 -14.829097
-154.247903 40.553619 -14.828748
-154.247517 40.542861 -14.828125
-154.246827 40.524261 -14.827047
-154.245651 40.493719 -14.825278
-154.243745 40.446173 -14.822523
-154.240798 40.375908 -14.818452
-154.236452 40.277147 -14.812729
-154.230328 40.144917 -14.805067
-154.222085 39.976033 -14.795280
-154.211474 39.770036 -14.783342
-154.198416 39.529857 -14.769420
-154.183052 39.261988 -14.753892
-154.165775 38.976075 -14.737315
-154.147208 38.683929 -14.720373
-154.128153 38.398129 -14.703795
-154.109482 38.130471 -14.688267
-154.092030 37.890571 -14.674346
-154.076478 37.684888 -14.662407
-154.063276 37.516319 -14.652620
-154.052611 37.384377 -14.644958
-154.044420 37.285861 -14.639236
-154.038448 37.215788 -14.635164
-154.034320 37.168384 -14.632410
-154.031620 37.137939 -14.630640
-154.029949 37.119401 -14.629562
-154.028971 37.108680 -14.628939
-154.028417 37.102687 -14.628591
-154.028087 37.099164 -14.628386
-154.027823 37.096403 -14.628225
-154.027480 37.092882 -14.628020
-154.026890 37.086892 -14.627672
-154.025822 37.076180 -14.627048
-154.023954 37.057661 -14.625971
-154.020844 37.027255 -14.624201
-154.015926 36.979926 -14.621446
-154.008528 36.909989 -14.617375
-153.997927 36.811703 -14.611653
-153.983430 36.680128 -14.603991
-153.964491 36.512106 -14.594204
-153.940837 36.307197 -14.582265
-153.912572 36.068329 -14.568344
-153.880250 35.801974 -14.552815
-153.844873 35.517733 -14.536238
-153.807815 35.227353 -14.519296
-153.770671 34.943337 -14.502719
-153.735063 34.677401 -14.487191
-153.702430 34.439091 -14.473269
-153.673864 34.234809 -14.461331
-153.649997 34.067416 -14.451544
-153.630985 33.936417 -14.443882
-153.616563 33.838619 -14.438159
-153.606158 33.769065 -14.434088
-153.599032 33.722018 -14.431333
-153.594406 33.691806 -14.429564
-153.591564 33.673411 -14.428486
-153.589907 33.662774 -14.427863
-153.588974 33.656828 -14.427514
-153.588421 33.653333 -14.427309
-153.587983 33.650595 -14.427149
-153.587418 33.647102 -14.426944
-153.586449 33.641161 -14.426595
-153.584704 33.630539 -14.425972
-153.581665 33.612176 -14.424894
-153.576632 33.582028 -14.423125
-153.568722 33.535106 -14.420370
-153.556904 33.465779 -14.416299
-153.540090 33.368364 -14.410576
-153.517277 33.237973 -14.402914
-153.487720 33.071490 -14.393127
-153.451117 32.868494 -14.381189
-153.407759 32.631900 -14.367268
-153.358609 32.368132 -14.351739
-153.305276 32.086706 -14.335162
-153.249875 31.799261 -14.318220
-153.194793 31.518173 -14.301643
-153.142389 31.255031 -14.286114
-153.094708 31.019270 -14.272193
-153.053244 30.817211 -14.260254
-153.018808 30.651669 -14.250468
-152.991525 30.522139 -14.242805
-152.970929 30.425453 -14.237083
-152.956135 30.356699 -14.233012
-152.946039 30.310199 -14.230257
-152.939506 30.280341 -14.228487
-152.935503 30.262163 -14.227410
-152.933174 30.251653 -14.226786
-152.931866 30.245778 -14.226438
-152.931093 30.242326 -14.226233
-152.930482 30.239620 -14.226072
-152.929696 30.236170 -14.225868
-152.928352 30.230303 -14.225519
-152.925937 30.219813 -14.224896
-152.921740 30.201679 -14.223818
-152.914805 30.171911 -14.222048
-152.903935 30.125586 -14.219294
-152.887744 30.057148 -14.215223
-152.864785 29.960995 -14.209500
-152.833748 29.832313 -14.201838
-152.793692 29.668041 -14.192051
-152.744288 29.467775 -14.180112
-152.686011 29.234407 -14.166191
-152.620231 28.974287 -14.150663
-152.549156 28.696810 -14.134085
-152.475636 28.413458 -14.117144
-152.402837 28.136429 -14.100566
-152.333849 27.877141 -14.085038
-152.271312 27.644879 -14.071117
-152.217115 27.445856 -14.059178
-152.172249 27.282832 -14.049391
-152.136806 27.155293 -14.041729
-152.110119 27.060108 -14.036007
-152.090994 26.992431 -14.031935
-152.077969 26.946664 -14.029181
-152.069556 26.917280 -14.027411
-152.064408 26.899394 -14.026333
-152.061418 26.889052 -14.025710
-152.059739 26.883272 -14.025362
-152.058749 26.879875 -14.025157
-152.057967 26.877214 -14.024996
-152.056964 26.873821 -14.024791
-152.055251 26.868051 -14.024443
-152.052175 26.857735 -14.023819
-152.046836 26.839904 -14.022742
-152.038028 26.810636 -14.020972
-152.024242 26.765093 -14.018217
-152.003742 26.697820 -14.014146
-151.974731 26.603317 -14.008424
-151.935595 26.476863 -14.000762
-151.885201 26.315461 -13.990975
-151.823195 26.118732 -13.979036
-151.750234 25.889530 -13.965115
-151.668089 25.634106 -13.949586
-151.579558 25.361696 -13.933009
-151.488215 25.083577 -13.916067
-151.397992 24.811723 -13.899490
-151.312698 24.557332 -13.883962
-151.235555 24.329504 -13.870040
-151.168845 24.134320 -13.858102
-151.113730 23.974469 -13.848315
-151.070269 23.849435 -13.840653
-151.037599 23.756134 -13.834930
-151.014220 23.689806 -13.830859
-150.998319 23.644958 -13.828104
-150.988059 23.616167 -13.826335
-150.981786 23.598642 -13.825257
-150.978146 23.588512 -13.824634
-150.976105 23.582849 -13.824285
-150.974901 23.579522 -13.824080
-150.973952 23.576916 -13.823920
-150.972736 23.573594 -13.823715
-150.970660 23.567944 -13.823366
-150.966937 23.557843 -13.822743
-150.960477 23.540387 -13.821665
-150.949830 23.511737 -13.819896
-150.933183 23.467160 -13.817141
-150.908458 23.401322 -13.813070
-150.873512 23.308849 -13.807347
-150.826435 23.185132 -13.799685
-150.765905 23.027252 -13.789898
-150.691546 22.834851 -13.777960
-150.604196 22.610738 -13.764038
-150.506016 22.361038 -13.748510
-150.400386 22.094792 -13.731933
-150.291587 21.823026 -13.714991
-150.184304 21.557441 -13.698414
-150.083048 21.308972 -13.682885
-149.991610 21.086496 -13.668964
-149.912655 20.895936 -13.657025
-149.847512 20.739902 -13.647238
-149.796209 20.617876 -13.639576
-149.757687 20.526835 -13.633854
-149.730148 20.462124 -13.629783
-149.711435 20.418374 -13.627028
-149.699369 20.390292 -13.625258
-149.691998 20.373201 -13.624181
-149.687723 20.363321 -13.623557
-149.685326 20.357800 -13.623209
-149.683914 20.354556 -13.623004
-149.682802 20.352015 -13.622843
-149.681377 20.348776 -13.622638
-149.678947 20.343269 -13.622290
-149.674591 20.333426 -13.621667
-149.667037 20.316414 -13.620589
-149.654595 20.288497 -13.618819
-149.635154 20.245066 -13.616065
-149.606303 20.180929 -13.611993
-149.565562 20.090858 -13.606271
-149.510733 19.970376 -13.598609
-149.440312 19.816653 -13.588822
-149.353900 19.629356 -13.576883
-149.252511 19.411234 -13.562962
-149.138692 19.168263 -13.547434
-149.016388 18.909252 -13.530856
-148.890572 18.644934 -13.513915
-148.766661 18.386689 -13.497337
-148.649849 18.145142 -13.481809
-148.544485 17.928913 -13.467888
-148.453603 17.743744 -13.455949
-148.378695 17.592156 -13.446162
-148.319756 17.473630 -13.438500
-148.275538 17.385215 -13.432777
-148.243950 17.322381 -13.428706
-148.222499 17.279906 -13.425952
-148.208677 17.252646 -13.424182
-148.200237 17.236056 -13.423104
-148.195343 17.226468 -13.422481
-148.192602 17.221109 -13.422132
-148.190986 17.217962 -13.421928
-148.189715 17.215497 -13.421767
-148.188088 17.212355 -13.421562
-148.185314 17.207013 -13.421214
-148.180341 17.197465 -13.420590
-148.171724 17.180967 -13.419513
-148.157536 17.153895 -13.417743
-148.135380 17.111785 -13.414988
-148.102519 17.049606 -13.410917
-148.056148 16.962301 -13.405195
-147.993788 16.845539 -13.397532
-147.913758 16.696592 -13.387746
-147.815641 16.515152 -13.375807
-147.700623 16.303901 -13.361886
-147.571622 16.068638 -13.346357
-147.433138 15.817905 -13.329780
-147.290811 15.562099 -13.312838
-147.150770 15.312232 -13.296261
-147.018873 15.078581 -13.280732
-146.900008 14.869469 -13.266811
-146.797564 14.690438 -13.254873
-146.713193 14.543906 -13.245086
-146.646855 14.429356 -13.237424
-146.597118 14.343924 -13.231701
-146.561609 14.283220 -13.227630
-146.537507 14.242191 -13.224875
-146.521984 14.215862 -13.223106
-146.512508 14.199842 -13.222028
-146.507017 14.190583 -13.221405
-146.503941 14.185409 -13.221056
-146.502129 14.182370 -13.220851
-146.500704 14.179990 -13.220691
-146.498881 14.176958 -13.220486
-146.495774 14.171803 -13.220137
-146.490206 14.162590 -13.219514
-146.480560 14.146672 -13.218436
-146.464683 14.120554 -13.216667
-146.439900 14.079933 -13.213912
-146.403162 14.019965 -13.209841
-146.351347 13.935776 -13.204118
-146.281707 13.823204 -13.196456
-146.192392 13.679633 -13.186669
-146.082965 13.504782 -13.174731
-145.954780 13.301250 -13.160809
-145.811117 13.074643 -13.145281
-145.657009 12.833198 -13.128704
-145.498745 12.586934 -13.111762
-145.343138 12.346452 -13.095185
-145.196688 12.121636 -13.079656
-145.064799 11.920485 -13.065735
-144.951207 11.748311 -13.053796
-144.857712 11.607425 -13.044009
-144.784243 11.497314 -13.036347
-144.729187 11.415208 -13.030625
-144.689899 11.356878 -13.026554
-144.663244 11.317461 -13.023799
-144.646082 11.292169 -13.022029
-144.635609 11.276782 -13.020952
-144.629542 11.267890 -13.020328
-144.626144 11.262922 -13.019980
-144.624143 11.260004 -13.019775
-144.622570 11.257719 -13.019614
-144.620558 11.254809 -13.019409
-144.617130 11.249861 -13.019061
-144.610989 11.241020 -13.018438
-144.600353 11.225746 -13.017360
-144.582852 11.200687 -13.015590
-144.555543 11.161720 -13.012836
-144.515075 11.104202 -13.008764
-144.458025 11.023470 -13.003042
-144.381385 10.915541 -12.995380
-144.283144 10.777923 -12.985593
-144.162847 10.610365 -12.973654
-144.022012 10.415373 -12.959733
-143.864266 10.198333 -12.944205
-143.695155 9.967149 -12.927627
-143.521590 9.731418 -12.910685
-143.351044 9.501290 -12.894108
-143.190631 9.286215 -12.878580
-143.046249 9.093834 -12.864658
-142.921966 8.929211 -12.852720
-142.819724 8.794539 -12.842933
-142.739418 8.689309 -12.835271
-142.679266 8.610860 -12.829548
-142.636358 8.555139 -12.825477
-142.607257 8.517492 -12.822722
-142.588525 8.493340 -12.820953
-142.577098 8.478648 -12.819875
-142.570478 8.470158 -12.819252
-142.566772 8.465416 -12.818903
-142.564590 8.462631 -12.818698
-142.562875 8.460451 -12.818538
-142.560683 8.457673 -12.818333
-142.556948 8.452953 -12.817984
-142.550259 8.444519 -12.817361
-142.538675 8.429950 -12.816284
-142.519620 8.406052 -12.814514
-142.489894 8.368896 -12.811759
-142.445860 8.314060 -12.807688
-142.383804 8.237109 -12.801966
-142.300474 8.134258 -12.794303
-142.193702 8.003148 -12.784517
-142.063021 7.843556 -12.772578
-141.910101 7.657889 -12.758657
-141.738908 7.451292 -12.743128
-141.555474 7.231299 -12.726551
-141.367308 7.007051 -12.709609
-141.182510 6.788203 -12.693032
-141.008778 6.583735 -12.677503
-140.852486 6.400898 -12.663582
-140.718012 6.244489 -12.651643
-140.607434 6.116572 -12.641857
-140.520616 6.016648 -12.634194
-140.455610 5.942172 -12.628472
-140.409254 5.889285 -12.624401
-140.377823 5.853559 -12.621646
-140.357598 5.830644 -12.619876
-140.345261 5.816706 -12.618799
-140.338117 5.808654 -12.618176
-140.334117 5.804155 -12.617827
-140.331763 5.801515 -12.617622
-140.329913 5.799447 -12.617462
-140.327550 5.796815 -12.617257
-140.323523 5.792341 -12.616908
-140.316312 5.784348 -12.616285
-140.303827 5.770543 -12.615207
-140.283295 5.747902 -12.613438
-140.251273 5.712706 -12.610683
-140.203849 5.660773 -12.606612
-140.137038 5.587913 -12.600889
-140.047352 5.490554 -12.593227
-139.932480 5.366480 -12.583440
-139.791939 5.215498 -12.571502
-139.627552 5.039904 -12.557580
-139.443600 4.844580 -12.542052
-139.246583 4.636664 -12.525475
-139.044573 4.424801 -12.508533
-138.846267 4.218114 -12.491955
-138.659917 4.025077 -12.476427
-138.492343 3.852521 -12.462506
-138.348219 3.704956 -12.450567
-138.229751 3.584310 -12.440780
-138.136771 3.490093 -12.433118
-138.067172 3.419890 -12.427396
-138.017555 3.370049 -12.423324
-137.983922 3.336389 -12.420570
-137.962283 3.314802 -12.418800
-137.949088 3.301675 -12.417722
-137.941447 3.294092 -12.417099
-137.937170 3.289857 -12.416751
-137.934653 3.287371 -12.416546
-137.932676 3.285425 -12.416385
-137.930150 3.282948 -12.416180
-137.925848 3.278738 -12.415832
-137.918144 3.271219 -12.415208
-137.904810 3.258233 -12.414131
-137.882882 3.236940 -12.412361
-137.848692 3.203846 -12.409606
-137.798071 3.155025 -12.405535
-137.726773 3.086549 -12.399813
-137.631092 2.995075 -12.392151
-137.508582 2.878536 -12.382364
-137.358749 2.736772 -12.370425
-137.183556 2.571957 -12.356504
-136.987586 2.388693 -12.340975
-136.777779 2.193691 -12.324398
-136.562738 1.995068 -12.307456
-136.351722 1.801374 -12.290879
-136.153504 1.620545 -12.275351
-135.975324 1.458964 -12.261429
-135.822131 1.320837 -12.249491
-135.696250 1.207948 -12.239704
-135.597481 1.119817 -12.232042
-135.523569 1.054170 -12.226319
-135.470891 1.007577 -12.222248
-135.435191 0.976117 -12.219493
-135.412227 0.955947 -12.217724
-135.398225 0.943683 -12.216646
-135.390119 0.936600 -12.216023
-135.385582 0.932644 -12.215674
-135.382912 0.930323 -12.215469
-135.380816 0.928506 -12.215309
-135.378138 0.926194 -12.215104
-135.373577 0.922266 -12.214755
-135.365413 0.915250 -12.214132
-135.351281 0.903137 -12.213054
-135.328047 0.883277 -12.211285
-135.291827 0.852418 -12.208530
-135.238211 0.806906 -12.204459
-135.162714 0.743090 -12.198736
-135.061424 0.657868 -12.191074
-134.931769 0.549334 -12.181287
-134.773247 0.417358 -12.169349
-134.587953 0.263987 -12.155428
-134.380754 0.093521 -12.139899
-134.159002 -0.087781 -12.123322
-133.931797 -0.272366 -12.106380
-133.708921 -0.452286 -12.089803
-133.499633 -0.620180 -12.074274
-133.311563 -0.770135 -12.060353
-133.149918 -0.898268 -12.048414
-133.017131 -1.002946 -12.038628
-132.912971 -1.084634 -12.030965
-132.835045 -1.145461 -12.025243
-132.779517 -1.188620 -12.021172
-132.741894 -1.217752 -12.018417
-132.717697 -1.236425 -12.016647
-132.702946 -1.247777 -12.015570
-132.694406 -1.254331 -12.014946
-132.689628 -1.257991 -12.014598
-132.686816 -1.260139 -12.014393
-132.684609 -1.261819 -12.014232
-132.681790 -1.263956 -12.014028
-132.676989 -1.267587 -12.013679
-132.668396 -1.274071 -12.013056
-132.653524 -1.285263 -12.011978
-132.629078 -1.303610 -12.010208
-132.590973 -1.332110 -12.007454
-132.534579 -1.374129 -12.003383
-132.455186 -1.433029 -11.997660
-132.348695 -1.511654 -11.989998
-132.212418 -1.611747 -11.980211
-132.045844 -1.733403 -11.968272
-131.851196 -1.874714 -11.954351
-131.633603 -2.031695 -11.938823
-131.400798 -2.198568 -11.922245
-131.162343 -2.368371 -11.905304
-130.928504 -2.533793 -11.888726
-130.708990 -2.688075 -11.873198
-130.511788 -2.825799 -11.859277
-130.342341 -2.943422 -11.847338
-130.203182 -3.039467 -11.837551
-130.094051 -3.114385 -11.829889
-130.012424 -3.170147 -11.824167
-129.954271 -3.209697 -11.820095
-129.914875 -3.236384 -11.817341
-129.889543 -3.253486 -11.815571
-129.874101 -3.263879 -11.814493
-129.865164 -3.269878 -11.813870
-129.860162 -3.273228 -11.813522
-129.857220 -3.275193 -11.813317
-129.854911 -3.276729 -11.813156
-129.851962 -3.278684 -11.812951
-129.846940 -3.282003 -11.812603
-129.837953 -3.287928 -11.811979
-129.822402 -3.298156 -11.810902
-129.796841 -3.314914 -11.809132
-129.757006 -3.340940 -11.806377
-129.698060 -3.379298 -11.802306
-129.615091 -3.433044 -11.796584
-129.503828 -3.504757 -11.788922
-129.361477 -3.596005 -11.779135
-129.187522 -3.706851 -11.767196
-128.984303 -3.835532 -11.753275
-128.757192 -3.978396 -11.737746
-128.514272 -4.130168 -11.721169
-128.265528 -4.284506 -11.704227
-128.021668 -4.434764 -11.687650
-127.792810 -4.574813 -11.672122
-127.587271 -4.699752 -11.658200
-127.410705 -4.806391 -11.646262
-127.265735 -4.893417 -11.636475
-127.152072 -4.961263 -11.628813
-127.067072 -5.011736 -11.623090
-127.006528 -5.047518 -11.619019
-126.965519 -5.071652 -11.616264
-126.939153 -5.087113 -11.614495
-126.923083 -5.096505 -11.613417
-126.913783 -5.101926 -11.612794
-126.908580 -5.104952 -11.612445
-126.905519 -5.106726 -11.612240
-126.903117 -5.108113 -11.612080
-126.900050 -5.109876 -11.611875
-126.894828 -5.112870 -11.611526
-126.885483 -5.118214 -11.610903
-126.869314 -5.127434 -11.609825
-126.842742 -5.142538 -11.608056
-126.801336 -5.165985 -11.605301
-126.740076 -5.200527 -11.601230
-126.653865 -5.248902 -11.595507
-126.538278 -5.313415 -11.587845
-126.390426 -5.395450 -11.578058
-126.209791 -5.495040 -11.566120
-125.998820 -5.610573 -11.552198
-125.763105 -5.738746 -11.536670
-125.511048 -5.874805 -11.520093
-125.253016 -6.013055 -11.503151
-125.000118 -6.147544 -11.486574
-124.762838 -6.272796 -11.471045
-124.549788 -6.384448 -11.457124
-124.366815 -6.479674 -11.445185
-124.216616 -6.557330 -11.435398
-124.098879 -6.617830 -11.427736
-124.010850 -6.662810 -11.422014
-123.948158 -6.694680 -11.417943
-123.905701 -6.716166 -11.415188
-123.878407 -6.729922 -11.413418
-123.861774 -6.738277 -11.412341
-123.852149 -6.743097 -11.411717
-123.846764 -6.745786 -11.411369
-123.843597 -6.747363 -11.411164
-123.841112 -6.748595 -11.411003
-123.837939 -6.750160 -11.410798
-123.832538 -6.752817 -11.410450
-123.822873 -6.757557 -11.409827
-123.806152 -6.765733 -11.408749
-123.778675 -6.779121 -11.406979
-123.735866 -6.799895 -11.404225
-123.672538 -6.830482 -11.400153
-123.583433 -6.873292 -11.394431
-123.463986 -6.930344 -11.386769
-123.311229 -7.002837 -11.376982
-123.124642 -7.090770 -11.365043
-122.906768 -7.192690 -11.351122
-122.663398 -7.305654 -11.335594
-122.403220 -7.425453 -11.319016
-122.136938 -7.547059 -11.302075
-121.876019 -7.665238 -11.285497
-121.631274 -7.775188 -11.269969
-121.411571 -7.873103 -11.256048
-121.222926 -7.956532 -11.244109
-121.068105 -8.024506 -11.234322
-120.946768 -8.077417 -11.226660
-120.856063 -8.116723 -11.220937
-120.791476 -8.144553 -11.216866
-120.747742 -8.163302 -11.214112
-120.719630 -8.175300 -11.212342
-120.702501 -8.182583 -11.211264
-120.692590 -8.186783 -11.210641
-120.687045 -8.189125 -11.210292
-120.683784 -8.190498 -11.210088
-120.681226 -8.191570 -11.209927
-120.677960 -8.192931 -11.209722
-120.672401 -8.195239 -11.209374
-120.662455 -8.199357 -11.208750
-120.645249 -8.206456 -11.207673
-120.616979 -8.218075 -11.205903
-120.572938 -8.236092 -11.203148
-120.507798 -8.262600 -11.199077
-120.416157 -8.299673 -11.193355
-120.293333 -8.349034 -11.185692
-120.136285 -8.411692 -11.175906
-119.944496 -8.487614 -11.163967
-119.720597 -8.575511 -11.150046
-119.470553 -8.672812 -11.134517
-119.203300 -8.775868 -11.117940
-118.929842 -8.880341 -11.100998
-118.661953 -8.981733 -11.084421
-118.410726 -9.075940 -11.068892
-118.185256 -9.159723 -11.054971
-117.991700 -9.231020 -11.043033
-117.832879 -9.289037 -11.033246
-117.708430 -9.334146 -11.025584
-117.615415 -9.367620 -11.019861
-117.549193 -9.391297 -11.015790
-117.504358 -9.407235 -11.013035
-117.475542 -9.417426 -11.011266
-117.457985 -9.423608 -11.010188
-117.447827 -9.427171 -11.009565
-117.442145 -9.429157 -11.009216
-117.438804 -9.430320 -11.009011
-117.436182 -9.431227 -11.008851
-117.432837 -9.432378 -11.008646
-117.427143 -9.434330 -11.008297
-117.416956 -9.437808 -11.007674
-117.399334 -9.443802 -11.006596
-117.370384 -9.453604 -11.004827
-117.325289 -9.468791 -11.002072
-117.258599 -9.491115 -10.998001
-117.164791 -9.522301 -10.992278
-117.039083 -9.563772 -10.984616
-116.878378 -9.616344 -10.974829
-116.682160 -9.679949 -10.962891
-116.453137 -9.753468 -10.948969
-116.197425 -9.834715 -10.933441
-115.924173 -9.920613 -10.916864
-115.644640 -10.007532 -10.899922
-115.370860 -10.091730 -10.883345
-115.114164 -10.169812 -10.867816
-114.883833 -10.239127 -10.853895
-114.686145 -10.298004 -10.841956
-114.523965 -10.345831 -10.832169
-114.396906 -10.382956 -10.824507
-114.301954 -10.410464 -10.818785
-114.234364 -10.429893 -10.814714
-114.188608 -10.442955 -10.811959
-114.159204 -10.451298 -10.810189
-114.141291 -10.456354 -10.809112
-114.130927 -10.459265 -10.808488
-114.125130 -10.460887 -10.808140
-114.121722 -10.461836 -10.807935
-114.119049 -10.462575 -10.807774
-114.115637 -10.463512 -10.807569
-114.109831 -10.465098 -10.807221
-114.099443 -10.467924 -10.806598
-114.081477 -10.472788 -10.805520
-114.051963 -10.480734 -10.803750
-114.005996 -10.493030 -10.800996
-113.938024 -10.511080 -10.796924
-113.842427 -10.536253 -10.791202
-113.714342 -10.569668 -10.783540
-113.550626 -10.611941 -10.773753
-113.350769 -10.662974 -10.761814
-113.117544 -10.721819 -10.747893
-112.857194 -10.786684 -10.732365
-112.579045 -10.855078 -10.715787
-112.294562 -10.924093 -10.698845
-112.015992 -10.990757 -10.682268
-111.754861 -11.052402 -10.666740
-111.520598 -11.106968 -10.652818
-111.319574 -11.153189 -10.640880
-111.154686 -11.190634 -10.631093
-111.025528 -11.219625 -10.623431
-110.929023 -11.241055 -10.617708
-110.860337 -11.256159 -10.613637
-110.813845 -11.266293 -10.610882
-110.783971 -11.272754 -10.609113
-110.765773 -11.276663 -10.608035
-110.755246 -11.278912 -10.607412
-110.749358 -11.280162 -10.607063
-110.745896 -11.280893 -10.606858
-110.743181 -11.281461 -10.606698
-110.739717 -11.282179 -10.606493
-110.733822 -11.283394 -10.606144
-110.723276 -11.285555 -10.605521
-110.705037 -11.289270 -10.604444
-110.675079 -11.295328 -10.602674
-110.628424 -11.304685 -10.599919
-110.559445 -11.318387 -10.595848
-110.462444 -11.337446 -10.590126
-110.332498 -11.362670 -10.582463
-110.166430 -11.394475 -10.572677
-109.963739 -11.432729 -10.560738
-109.727251 -11.476663 -10.546817
-109.463311 -11.524885 -10.531288
-109.181384 -11.575501 -10.514711
-108.893096 -11.626334 -10.497769
-108.610860 -11.675196 -10.481192
-108.346344 -11.720155 -10.465663
-108.109092 -11.759753 -10.451742
-107.905541 -11.793131 -10.439803
-107.738611 -11.820043 -10.430017
-107.607874 -11.840784 -10.422354
-107.510204 -11.856050 -10.416632
-107.440698 -11.866767 -10.412561
-107.393657 -11.873932 -10.409806
-107.363433 -11.878485 -10.408036
-107.345024 -11.881232 -10.406959
-107.334375 -11.882808 -10.406336
-107.328420 -11.883683 -10.405987
-107.324919 -11.884193 -10.405782
-107.322173 -11.884588 -10.405622
-107.318671 -11.885085 -10.405417
-107.312710 -11.885923 -10.405068
-107.302049 -11.887411 -10.404445
-107.283611 -11.889962 -10.403367
-107.253329 -11.894108 -10.401598
-107.206175 -11.900486 -10.398843
-107.136465 -11.909786 -10.394772
-107.038450 -11.922655 -10.389049
-106.907166 -11.939586 -10.381387
-106.739415 -11.960794 -10.371600
-106.534706 -11.986116 -10.359662
-106.295908 -12.014963 -10.345740
-106.029441 -12.046348 -10.330212
-105.744871 -12.078980 -10.313635
-105.453940 -12.111427 -10.296693
-105.169173 -12.142289 -10.280115
-104.902339 -12.170381 -10.264587
-104.663053 -12.194853 -10.250666
-104.457794 -12.215253 -10.238727
-104.289493 -12.231523 -10.228940
-104.157704 -12.243931 -10.221278
-104.059263 -12.252972 -10.215556
-103.989217 -12.259259 -10.211484
-103.941816 -12.263425 -10.208730
-103.911364 -12.266053 -10.206960
-103.892818 -12.267627 -10.205882
-103.882091 -12.268525 -10.205259
-103.876092 -12.269020 -10.204911
-103.872566 -12.269306 -10.204706
-103.869801 -12.269526 -10.204545
-103.866273 -12.269800 -10.204340
-103.860272 -12.270259 -10.203992
-103.849537 -12.271068 -10.203368
-103.830975 -12.272444 -10.202291
-103.800491 -12.274661 -10.200521
-103.753027 -12.278036 -10.197766
-103.682868 -12.282895 -10.193695
-103.584234 -12.289522 -10.187973
-103.452141 -12.298093 -10.180311
-103.283383 -12.308619 -10.170524
-103.077479 -12.320906 -10.158585
-102.837333 -12.334549 -10.144664
-102.569411 -12.348970 -10.129135
-102.283345 -12.363489 -10.112558
-101.990941 -12.377418 -10.095616
-101.704790 -12.390157 -10.079039
-101.436712 -12.401269 -10.063511
-101.196355 -12.410515 -10.049589
-100.990216 -12.417856 -10.037651
-100.821222 -12.423419 -10.027864
-100.688912 -12.427443 -10.020202
-100.590095 -12.430222 -10.014479
-100.519791 -12.432054 -10.010408
-100.472222 -12.433206 -10.007653
-100.441665 -12.433896 -10.005884
-100.423056 -12.434291 -10.004806
-100.412293 -12.434507 -10.004183
-100.406275 -12.434620 -10.003834
-100.402738 -12.434683 -10.003629
-100.399964 -12.434727 -10.003469
-100.396427 -12.434777 -10.003264
-100.390408 -12.434854 -10.002915
-100.379644 -12.434980 -10.002292
-100.361032 -12.435176 -10.001214
-100.330468 -12.435455 -9.999445
-100.282886 -12.435813 -9.996690
-100.212560 -12.436213 -9.992619
-100.113705 -12.436571 -9.986896
-99.981333 -12.436746 -9.979234
-99.812248 -12.436548 -9.969447
-99.605980 -12.435751 -9.957509
-99.365451 -12.434136 -9.943588
-99.097155 -12.431535 -9.928059
-98.810743 -12.427881 -9.911482
-98.518045 -12.423237 -9.894540
-98.231662 -12.417802 -9.877963
-97.963418 -12.411888 -9.862434
-97.722959 -12.405871 -9.848513
-97.516770 -12.400123 -9.836574
-97.347763 -12.394957 -9.826788
-97.215464 -12.390581 -9.819125
-97.116670 -12.387087 -9.813403
-97.046392 -12.384456 -9.809332
-96.998845 -12.382589 -9.806577
-96.968305 -12.381340 -9.804807
-96.949709 -12.380554 -9.803730
-96.938954 -12.380086 -9.803106
-96.932941 -12.379818 -9.802758
-96.929407 -12.379656 -9.802553
-96.926636 -12.379524 -9.802392
-96.923103 -12.379350 -9.802188
-96.917091 -12.379045 -9.801839
-96.906341 -12.378488 -9.801216
-96.887754 -12.377503 -9.800138
-96.857234 -12.375843 -9.798368
-96.809725 -12.373183 -9.795614
-96.739515 -12.369121 -9.791543
-96.640836 -12.363208 -9.785820
-96.508720 -12.354988 -9.778158
-96.339987 -12.344066 -9.768371
-96.134185 -12.330188 -9.756432
-95.894243 -12.313321 -9.742511
-95.626652 -12.293710 -9.726983
-95.341049 -12.271898 -9.710405
-95.049235 -12.248698 -9.693464
-94.763773 -12.225111 -9.676886
-94.496444 -12.202196 -9.661358
-94.256851 -12.180940 -9.647437
-94.051441 -12.162127 -9.635498
-93.883102 -12.146252 -9.625711
-93.751347 -12.133494 -9.618049
-93.652973 -12.123741 -9.612327
-93.583004 -12.116658 -9.608255
-93.535671 -12.111779 -9.605501
-93.505272 -12.108596 -9.603731
-93.486763 -12.106632 -9.602653
-93.476060 -12.105483 -9.602030
-93.470076 -12.104834 -9.601682
-93.466559 -12.104448 -9.601477
-93.463802 -12.104141 -9.601316
-93.460287 -12.103742 -9.601111
-93.454307 -12.103057 -9.600763
-93.443613 -12.101819 -9.600139
-93.425126 -12.099658 -9.599062
-93.394773 -12.096065 -9.597292
-93.347528 -12.090397 -9.594537
-93.277717 -12.081891 -9.590466
-93.179612 -12.069731 -9.584744
-93.048283 -12.053148 -9.577082
-92.880583 -12.031546 -9.567295
-92.676076 -12.004644 -9.555356
-92.437686 -11.972592 -9.541435
-92.171878 -11.936049 -9.525906
-91.888233 -11.896167 -9.509329
-91.598478 -11.854506 -9.492387
-91.315087 -11.812861 -9.475810
-91.049750 -11.773037 -9.460282
-90.811987 -11.736628 -9.446360
-90.608184 -11.704825 -9.434422
-90.441191 -11.678305 -9.424635
-90.310510 -11.657217 -9.416973
-90.212953 -11.641244 -9.411250
-90.143573 -11.629738 -9.407179
-90.096645 -11.621866 -9.404424
-90.066510 -11.616761 -9.402655
-90.048163 -11.613627 -9.401577
-90.037554 -11.611802 -9.400954
-90.031623 -11.610775 -9.400605
-90.028137 -11.610167 -9.400400
-90.025406 -11.609685 -9.400240
-90.021923 -11.609064 -9.400035
-90.015998 -11.608001 -9.399686
-90.005405 -11.606088 -9.399063
-89.987092 -11.602758 -9.397985
-89.957028 -11.597248 -9.396216
-89.910238 -11.588594 -9.393461
-89.841107 -11.575678 -9.389390
-89.743970 -11.557320 -9.383667
-89.613958 -11.532441 -9.376005
-89.447965 -11.500247 -9.366218
-89.245576 -11.460428 -9.354280
-89.009699 -11.413321 -9.340358
-88.746744 -11.359992 -9.324830
-88.466200 -11.302201 -9.308253
-88.179670 -11.242247 -9.291311
-87.899491 -11.182712 -9.274734
-87.637213 -11.126140 -9.259205
-87.402239 -11.074724 -9.245284
-87.200863 -11.030058 -9.233345
-87.035888 -10.993001 -9.223558
-86.906808 -10.963667 -9.215896
-86.810461 -10.941539 -9.210174
-86.741950 -10.925655 -9.206103
-86.695616 -10.914823 -9.203348
-86.665865 -10.907817 -9.201578
-86.647753 -10.903526 -9.200501
-86.637282 -10.901031 -9.199877
-86.631428 -10.899630 -9.199529
-86.627988 -10.898802 -9.199324
-86.625292 -10.898148 -9.199163
-86.621856 -10.897308 -9.198958
-86.616011 -10.895871 -9.198610
-86.605560 -10.893290 -9.197987
-86.587495 -10.888805 -9.196909
-86.557841 -10.881399 -9.195139
-86.511694 -10.869796 -9.192385
-86.443521 -10.852520 -9.188313
-86.347745 -10.828039 -9.182591
-86.219572 -10.794964 -9.174929
-86.055955 -10.752307 -9.165142
-85.856499 -10.699732 -9.153203
-85.624085 -10.637760 -9.139282
-85.365041 -10.567861 -9.123754
-85.088727 -10.492392 -9.107176
-84.806577 -10.414386 -9.090235
-84.530738 -10.337201 -9.073657
-84.272577 -10.264108 -9.058129
-84.041336 -10.197893 -9.044208
-83.843199 -10.140545 -9.032269
-83.680906 -10.093099 -9.022482
-83.553946 -10.055637 -9.014820
-83.459196 -10.027443 -9.009097
-83.391831 -10.007246 -9.005026
-83.346277 -9.993497 -9.002272
-83.317030 -9.984618 -9.000502
-83.299228 -9.979187 -8.999424
-83.288935 -9.976033 -8.998801
-83.283182 -9.974263 -8.998452
-83.279802 -9.973219 -8.998248
-83.277153 -9.972395 -8.998087
-83.273777 -9.971339 -8.997882
-83.268034 -9.969534 -8.997534
-83.257768 -9.966295 -8.996910
-83.240024 -9.960674 -8.995833
-83.210900 -9.951402 -8.994063
-83.165582 -9.936895 -8.991308
-83.098642 -9.915331 -8.987237
-83.004611 -9.884825 -8.981515
-82.878794 -9.843687 -8.973852
-82.718212 -9.790738 -8.964066
-82.522492 -9.725618 -8.952127
-82.294476 -9.649031 -8.938206
-82.040387 -9.562843 -8.922677
-81.769416 -9.470001 -8.906100
-81.492781 -9.374257 -8.889158
-81.222393 -9.279732 -8.872581
-80.969387 -9.190413 -8.857052
-80.742812 -9.109665 -8.843131
-80.548711 -9.039866 -8.831193
-80.389754 -8.982222 -8.821406
-80.265426 -8.936783 -8.813744
-80.172655 -8.902637 -8.808021
-80.106706 -8.878208 -8.803950
-80.062116 -8.861598 -8.801195
-80.033491 -8.850882 -8.799426
-80.016069 -8.844332 -8.798348
-80.005997 -8.840532 -8.797725
-80.000368 -8.838401 -8.797376
-79.997060 -8.837144 -8.797171
-79.994469 -8.836154 -8.797011
-79.991167 -8.834886 -8.796806
-79.985550 -8.832721 -8.796457
-79.975510 -8.828837 -8.795834
-79.958159 -8.822102 -8.794756
-79.929681 -8.811002 -8.792987
-79.885374 -8.793649 -8.790232
-79.819937 -8.767883 -8.786161
-79.728030 -8.731474 -8.780438
-79.605075 -8.682440 -8.772776
-79.448175 -8.619413 -8.762989
-79.256979 -8.542011 -8.751051
-79.034280 -8.451116 -8.737129
-78.786169 -8.348986 -8.721601
-78.521632 -8.239145 -8.705024
-78.251626 -8.126049 -8.688082
-77.987777 -8.014565 -8.671505
-77.740946 -7.909379 -8.655976
-77.519948 -7.814423 -8.642055
-77.330665 -7.732454 -8.630116
-77.175685 -7.664845 -8.620329
-77.054488 -7.611612 -8.612667
-76.964070 -7.571650 -8.606945
-76.899804 -7.543088 -8.602874
-76.856357 -7.523683 -8.600119
-76.828469 -7.511173 -8.598349
-76.811497 -7.503532 -8.597272
-76.801686 -7.499100 -8.596648
-76.796204 -7.496617 -8.596300
-76.792983 -7.495153 -8.596095
-76.790460 -7.494000 -8.595934
-76.787244 -7.492525 -8.595729
-76.781776 -7.490008 -8.595381
-76.772003 -7.485496 -8.594758
-76.755114 -7.477673 -8.593680
-76.727397 -7.464789 -8.591910
-76.684280 -7.444662 -8.589156
-76.620609 -7.414797 -8.585084
-76.531196 -7.372632 -8.579362
-76.411599 -7.315898 -8.571700
-76.259012 -7.243047 -8.561913
-76.073110 -7.153674 -8.549974
-75.856624 -7.048838 -8.536053
-75.615490 -6.931178 -8.520525
-75.358452 -6.804780 -8.503947
-75.096163 -6.674786 -8.487005
-74.839916 -6.546793 -8.470428
-74.600253 -6.426164 -8.454900
-74.385723 -6.317383 -8.440978
-74.202019 -6.223574 -8.429040
-74.051639 -6.146270 -8.419253
-73.934063 -6.085458 -8.411591
-73.846361 -6.039842 -8.405868
-73.784036 -6.007261 -8.401797
-73.741907 -5.985140 -8.399042
-73.714869 -5.970887 -8.397273
-73.698416 -5.962184 -8.396195
-73.688906 -5.957140 -8.395572
-73.683592 -5.954313 -8.395223
-73.680470 -5.952648 -8.395018
-73.678025 -5.951338 -8.394858
-73.674910 -5.949661 -8.394653
-73.669613 -5.946803 -8.394304
-73.660145 -5.941679 -8.393681
-73.643786 -5.932801 -8.392604
-73.616942 -5.918185 -8.390834
-73.575189 -5.895364 -8.388079
-73.513540 -5.861521 -8.384008
-73.426981 -5.813770 -8.378286
-73.311223 -5.749565 -8.370623
-73.163564 -5.667183 -8.360837
-72.983704 -5.566200 -8.348898
-72.774304 -5.447844 -8.334977
-72.541118 -5.315127 -8.319448
-72.292614 -5.172682 -8.302871
-72.039098 -5.026314 -8.285929
-71.791485 -4.882326 -8.269352
-71.559955 -4.746739 -8.253823
-71.352756 -4.624571 -8.239902
-71.175372 -4.519300 -8.227963
-71.030197 -4.432614 -8.218177
-70.916715 -4.364467 -8.210514
-70.832083 -4.313381 -8.204792
-70.771949 -4.276913 -8.200721
-70.731308 -4.252164 -8.197966
-70.705229 -4.236225 -8.196196
-70.689360 -4.226496 -8.195119
-70.680190 -4.220858 -8.194496
-70.675066 -4.217700 -8.194147
-70.672056 -4.215841 -8.193942
-70.669699 -4.214378 -8.193782
-70.666696 -4.212507 -8.193577
-70.661591 -4.209318 -8.193228
-70.652468 -4.203605 -8.192605
-70.636704 -4.193708 -8.191527
-70.610842 -4.177418 -8.189758
-70.570619 -4.151995 -8.187003
-70.511241 -4.114310 -8.182932
-70.427885 -4.061166 -8.177209
-70.316432 -3.989748 -8.169547
-70.174296 -3.898166 -8.159760
-70.001203 -3.785979 -8.147822
-69.799731 -3.654581 -8.133900
-69.575431 -3.507341 -8.118372
-69.336462 -3.349421 -8.101795
-69.092740 -3.187270 -8.084853
-68.854758 -3.027867 -8.068275
-68.632293 -2.877869 -8.052747
-68.433260 -2.742805 -8.038826
-68.262910 -2.626495 -8.026887
-68.123525 -2.530777 -8.017100
-68.014594 -2.455570 -8.009438
-67.933372 -2.399218 -8.003716
-67.875672 -2.359010 -7.999644
-67.836683 -2.331733 -7.996890
-67.811667 -2.314172 -7.995120
-67.796448 -2.303456 -7.994042
-67.787653 -2.297248 -7.993419
-67.782739 -2.293772 -7.993071
-67.779854 -2.291725 -7.992866
-67.777594 -2.290116 -7.992705
-67.774716 -2.288058 -7.992500
-67.769824 -2.284552 -7.992152
-67.761081 -2.278272 -7.991528
-67.745977 -2.267394 -7.990451
-67.721200 -2.249498 -7.988681
-67.682671 -2.221574 -7.985926
-67.625802 -2.180199 -7.981855
-67.545985 -2.121875 -7.976133
-67.439286 -2.043532 -7.968471
-67.303244 -1.943120 -7.958684
-67.137615 -1.820180 -7.946745
-66.944882 -1.676268 -7.932824
-66.730373 -1.515099 -7.917295
-66.501901 -1.342341 -7.900718
-66.268953 -1.165058 -7.883776
-66.041560 -0.990883 -7.867199
-65.829057 -0.827077 -7.851671
-65.638991 -0.679662 -7.837749
-65.476360 -0.552782 -7.825811
-65.343327 -0.448416 -7.816024
-65.239385 -0.366451 -7.808362
-65.161901 -0.305062 -7.802639
-65.106868 -0.261275 -7.798568
-65.069687 -0.231580 -7.795813
-65.045835 -0.212467 -7.794044
-65.031326 -0.200808 -7.792966
-65.022943 -0.194055 -7.792343
-65.018259 -0.190274 -7.791994
-65.015509 -0.188048 -7.791789
-65.013357 -0.186299 -7.791629
-65.010615 -0.184063 -7.791424
-65.005954 -0.180254 -7.791075
-64.997627 -0.173431 -7.790452
-64.983244 -0.161618 -7.789374
-64.959652 -0.142186 -7.787605
-64.922971 -0.111875 -7.784850
-64.868841 -0.066976 -7.780779
-64.792884 -0.003707 -7.775056
-64.691369 0.081245 -7.767394
-64.561969 0.190083 -7.757607
-64.404471 0.323280 -7.745669
-64.221253 0.479126 -7.731748
-64.017398 0.653576 -7.716219
-63.800343 0.840477 -7.699642
-63.579108 1.032178 -7.682700
-63.363220 1.220425 -7.666123
-63.161534 1.397378 -7.650594
-62.981200 1.556552 -7.636673
-62.826944 1.693491 -7.624734
-62.700798 1.806084 -7.614948
-62.602264 1.894476 -7.607285
-62.528829 1.960656 -7.601563
-62.476684 2.007845 -7.597492
-62.441461 2.039839 -7.594737
-62.418869 2.060425 -7.592967
-62.405129 2.072981 -7.591890
-62.397191 2.080253 -7.591266
-62.392757 2.084323 -7.590918
-62.390154 2.086719 -7.590713
-62.388116 2.088601 -7.590552
-62.385522 2.091006 -7.590348
-62.381113 2.095104 -7.589999
-62.373235 2.102440 -7.589376
-62.359630 2.115142 -7.588298
-62.337317 2.136032 -7.586528
-62.302633 2.168608 -7.583774
-62.251460 2.216849 -7.579703
-62.179668 2.284808 -7.573980
-62.083745 2.376028 -7.566318
-61.961509 2.492854 -7.556531
-61.812776 2.635772 -7.544592
-61.639812 2.802925 -7.530671
-61.447431 2.989953 -7.515143
-61.242667 3.190244 -7.498565
-61.034037 3.395590 -7.481624
-60.830522 3.597150 -7.465046
-60.640466 3.786540 -7.449518
-60.470590 3.956830 -7.435597
-60.325330 4.103277 -7.423658
-60.206579 4.223644 -7.413871
-60.113849 4.318108 -7.406209
-60.044759 4.388812 -7.400487
-59.995712 4.439214 -7.396415
-59.962590 4.473376 -7.393661
-59.941349 4.495355 -7.391891
-59.928433 4.508757 -7.390813
-59.920972 4.516517 -7.390190
-59.916805 4.520860 -7.389842
-59.914359 4.523417 -7.389637
-59.912445 4.525424 -7.389476
-59.910008 4.527989 -7.389271
-59.905867 4.532358 -7.388923
-59.898471 4.540179 -7.388299
-59.885699 4.553719 -7.387222
-59.864756 4.575981 -7.385452
-59.832208 4.610692 -7.382697
-59.784198 4.662081 -7.378626
-59.716861 4.734457 -7.372904
-59.626916 4.831577 -7.365242
-59.512336 4.955920 -7.355455
-59.372967 5.107984 -7.343516
-59.210952 5.285770 -7.329595
-59.030821 5.484623 -7.314066
-58.839172 5.697497 -7.297489
-58.643985 5.915663 -7.280547
-58.453664 6.129725 -7.263970
-58.276002 6.330787 -7.248442
-58.117269 6.511509 -7.234520
-57.981590 6.666874 -7.222582
-57.870712 6.794530 -7.212795
-57.784160 6.894685 -7.205133
-57.719694 6.969629 -7.199410
-57.673942 7.023040 -7.195339
-57.643053 7.059234 -7.192584
-57.623249 7.082515 -7.190815
-57.611209 7.096710 -7.189737
-57.604255 7.104927 -7.189114
-57.600372 7.109527 -7.188765
-57.598093 7.112233 -7.188560
-57.596310 7.114358 -7.188400
-57.594041 7.117072 -7.188195
-57.590186 7.121695 -7.187846
-57.583301 7.129969 -7.187223
-57.571413 7.144291 -7.186145
-57.551924 7.167837 -7.184376
-57.521643 7.204542 -7.181621
-57.476989 7.258874 -7.177550
-57.414378 7.335374 -7.171827
-57.330774 7.438003 -7.164165
-57.224311 7.569364 -7.154378
-57.094867 7.729960 -7.142440
-56.944454 7.917664 -7.128518
-56.777297 8.127541 -7.112990
-56.599536 8.352142 -7.096413
-56.418579 8.582248 -7.079471
-56.242218 8.807950 -7.062894
-56.077666 9.019875 -7.047365
-55.930714 9.210301 -7.033444
-55.805162 9.373958 -7.021505
-55.702604 9.508390 -7.011718
-55.622578 9.613832 -7.004056
-55.562995 9.692714 -6.998334
-55.520723 9.748919 -6.994263
-55.492192 9.787000 -6.991508
-55.473904 9.811491 -6.989738
-55.462789 9.826420 -6.988661
-55.456370 9.835062 -6.988037
-55.452787 9.839898 -6.987689
-55.450684 9.842743 -6.987484
-55.449039 9.844977 -6.987323
-55.446947 9.847830 -6.987118
-55.443393 9.852688 -6.986770
-55.437046 9.861383 -6.986147
-55.426091 9.876430 -6.985069
-55.408135 9.901164 -6.983299
-55.380243 9.939716 -6.980545
-55.339124 9.996770 -6.976473
-55.281491 10.077088 -6.970751
-55.204565 10.184812 -6.963089
-55.106647 10.322661 -6.953302
-54.987649 10.491144 -6.941363
-54.849444 10.688010 -6.927442
-54.695936 10.908066 -6.911914
-54.532777 11.143489 -6.895336
-54.366779 11.384608 -6.878395
-54.205088 11.621042 -6.861817
-54.054308 11.842977 -6.846289
-53.919730 12.042339 -6.832368
-53.804810 12.213630 -6.820429
-53.710985 12.354296 -6.810642
-53.637808 12.464602 -6.802980
-53.583348 12.547103 -6.797257
-53.544725 12.605876 -6.793186
-53.518667 12.645690 -6.790432
-53.501969 12.671291 -6.788662
-53.491823 12.686895 -6.787584
-53.485965 12.695927 -6.786961
-53.482696 12.700981 -6.786612
-53.480778 12.703954 -6.786408
-53.479278 12.706287 -6.786247
-53.477371 12.709267 -6.786042
-53.474132 12.714341 -6.785694
-53.468350 12.723421 -6.785070
-53.458370 12.739132 -6.783993
-53.442019 12.764956 -6.782223
-53.416629 12.805199 -6.779468
-53.379211 12.864746 -6.775397
-53.326788 12.948557 -6.769675
-53.256849 13.060944 -6.762012
-53.167872 13.204725 -6.752226
-53.059799 13.380417 -6.740287
-52.934359 13.585651 -6.726366
-52.795116 13.815001 -6.710837
-52.647217 14.060298 -6.694260
-52.496846 14.311460 -6.677318
-52.350476 14.557672 -6.660741
-52.214076 14.788724 -6.645212
-52.092413 14.996220 -6.631291
-51.988588 15.174455 -6.619353
-51.903874 15.320788 -6.609566
-51.837840 15.435513 -6.601904
-51.788722 15.521303 -6.596181
-51.753905 15.582407 -6.592110
-51.730424 15.623794 -6.589355
-51.715384 15.650402 -6.587586
-51.706248 15.666618 -6.586508
-51.700975 15.676003 -6.585885
-51.698033 15.681254 -6.585536
-51.696307 15.684343 -6.585331
-51.694958 15.686767 -6.585171
-51.693244 15.689861 -6.584966
-51.690333 15.695130 -6.584617
-51.685138 15.704559 -6.583994
-51.676176 15.720872 -6.582916
-51.661495 15.747680 -6.581147
-51.638708 15.789453 -6.578392
-51.605143 15.851253 -6.574321
-51.558141 15.938220 -6.568598
-51.495471 16.054817 -6.560936
-51.415792 16.203952 -6.551149
-51.319080 16.386144 -6.539211
-51.206909 16.598921 -6.525289
-51.082492 16.836640 -6.509761
-50.950449 17.090824 -6.493184
-50.816310 17.351017 -6.476242
-50.685851 17.606018 -6.459665
-50.564379 17.845255 -6.444136
-50.456121 18.060050 -6.430215
-50.363811 18.244510 -6.418276
-50.288547 18.395922 -6.408489
-50.229923 18.514604 -6.400827
-50.186345 18.603337 -6.395105
-50.155474 18.666526 -6.391034
-50.134665 18.709318 -6.388279
-50.121343 18.736827 -6.386509
-50.113253 18.753590 -6.385432
-50.108586 18.763291 -6.384808
-50.105983 18.768718 -6.384460
-50.104457 18.771910 -6.384255
-50.103264 18.774414 -6.384094
-50.101750 18.777611 -6.383889
-50.099179 18.783054 -6.383541
-50.094593 18.792793 -6.382918
-50.086683 18.809642 -6.381840
-50.073732 18.837327 -6.380070
-50.053640 18.880461 -6.377316
-50.024062 18.944266 -6.373244
-49.982671 19.034039 -6.367522
-49.927522 19.154375 -6.359860
-49.857462 19.308264 -6.350073
-49.772500 19.496223 -6.338134
-49.674050 19.715686 -6.324213
-49.564961 19.960817 -6.308685
-49.449305 20.222864 -6.292107
-49.331939 20.491041 -6.275165
-49.217915 20.753802 -6.258588
-49.111861 21.000262 -6.243060
-49.017445 21.221491 -6.229138
-48.937019 21.411435 -6.217200
-48.871510 21.567315 -6.207413
-48.820531 21.689476 -6.199751
-48.782669 21.780794 -6.194028
-48.755867 21.845814 -6.189957
-48.737814 21.889840 -6.187202
-48.726264 21.918139 -6.185433
-48.719254 21.935381 -6.184355
-48.715212 21.945358 -6.183732
-48.712958 21.950939 -6.183383
-48.711637 21.954221 -6.183178
-48.710606 21.956797 -6.183018
-48.709297 21.960083 -6.182813
-48.707077 21.965678 -6.182464
-48.703117 21.975688 -6.181841
-48.696292 21.993005 -6.180764
-48.685123 22.021456 -6.178994
-48.667808 22.065777 -6.176239
-48.642336 22.131330 -6.172168
-48.606721 22.223547 -6.166446
-48.559316 22.347139 -6.158783
-48.499157 22.505161 -6.148997
-48.426287 22.698130 -6.137058
-48.341955 22.923396 -6.123137
-48.248633 23.174953 -6.107608
-48.149830 23.443807 -6.091031
-48.049708 23.718888 -6.074089
-47.952579 23.988352 -6.057512
-47.862371 24.241042 -6.041983
-47.782175 24.467813 -6.028062
-47.713959 24.662476 -6.016123
-47.658468 24.822197 -6.006337
-47.615340 24.947346 -5.998674
-47.583346 25.040881 -5.992952
-47.560722 25.107470 -5.988881
-47.545498 25.152553 -5.986126
-47.535765 25.181526 -5.984356
-47.529863 25.199179 -5.983279
-47.526461 25.209392 -5.982656
-47.524566 25.215105 -5.982307
-47.523456 25.218464 -5.982102
-47.522590 25.221100 -5.981942
-47.521492 25.224463 -5.981737
-47.519632 25.230187 -5.981388
-47.516315 25.240428 -5.980765
-47.510602 25.258143 -5.979687
-47.501260 25.287245 -5.977918
-47.486790 25.332575 -5.975163
-47.465527 25.399611 -5.971092
-47.435834 25.493902 -5.965369
-47.396362 25.620252 -5.957707
-47.346347 25.781771 -5.947920
-47.285862 25.978974 -5.935982
-47.215987 26.209134 -5.922060
-47.138807 26.466103 -5.906532
-47.057255 26.740683 -5.889955
-46.974782 27.021560 -5.873013
-46.894939 27.296642 -5.856435
-46.820939 27.554544 -5.840907
-46.755288 27.785946 -5.826986
-46.699554 27.984543 -5.815047
-46.654306 28.147462 -5.805260
-46.619202 28.275094 -5.797598
-46.593204 28.370470 -5.791876
-46.574850 28.438360 -5.787804
-46.562515 28.484317 -5.785050
-46.554640 28.513850 -5.783280
-46.549869 28.531841 -5.782202
-46.547122 28.542250 -5.781579
-46.545593 28.548071 -5.781231
-46.544698 28.551494 -5.781026
-46.544002 28.554179 -5.780865
-46.543119 28.557605 -5.780660
-46.541625 28.563436 -5.780312
-46.538965 28.573867 -5.779688
-46.534387 28.591908 -5.778611
-46.526910 28.621544 -5.776841
-46.515344 28.667701 -5.774086
-46.498375 28.735951 -5.770015
-46.474722 28.831935 -5.764293
-46.443343 28.960534 -5.756631
-46.403673 29.124900 -5.746844
-46.355818 29.325541 -5.734905
-46.300680 29.559671 -5.720984
-46.239954 29.821017 -5.705455
-46.175981 30.100217 -5.688878
-46.111489 30.385759 -5.671936
-46.049253 30.665351 -5.655359
-45.991759 30.927427 -5.639831
-45.940916 31.162527 -5.625909
-45.897891 31.364259 -5.613971
-45.863067 31.529720 -5.604184
-45.836128 31.659321 -5.596522
-45.816232 31.756154 -5.590799
-45.802220 31.825072 -5.586728
-45.792825 31.871719 -5.583973
-45.786839 31.901692 -5.582204
-45.783219 31.919949 -5.581126
-45.781138 31.930511 -5.580503
-45.779981 31.936418 -5.580154
-45.779305 31.939891 -5.579949
-45.778780 31.942614 -5.579789
-45.778117 31.946089 -5.579584
-45.776996 31.952003 -5.579235
-45.775002 31.962582 -5.578612
-45.771577 31.980877 -5.577534
-45.765995 32.010928 -5.575765
-45.757380 32.057725 -5.573010
-45.744774 32.126914 -5.568939
-45.727256 32.224205 -5.563216
-45.704097 32.354535 -5.555554
-45.674931 32.521086 -5.545767
-45.639898 32.724359 -5.533829
-45.599721 32.961514 -5.519908
-45.555693 33.226186 -5.504379
-45.509556 33.508880 -5.487802
-45.463304 33.797938 -5.470860
-45.418926 34.080914 -5.454283
-45.378170 34.346110 -5.438754
-45.342340 34.583960 -5.424833
-45.312197 34.788015 -5.412894
-45.287937 34.955352 -5.403108
-45.269272 35.086401 -5.395445
-45.255558 35.184301 -5.389723
-45.245945 35.253968 -5.385652
-45.239528 35.301117 -5.382897
-45.235454 35.331409 -5.381127
-45.232999 35.349859 -5.380050
-45.231592 35.360532 -5.379426
-45.230812 35.366500 -5.379078
-45.230358 35.370009 -5.378873
-45.230007 35.372761 -5.378712
-45.229565 35.376271 -5.378508
-45.228821 35.382244 -5.378159
-45.227503 35.392928 -5.377536
-45.225245 35.411403 -5.376458
-45.221580 35.441748 -5.374688
-45.215951 35.488997 -5.371934
-45.207758 35.558846 -5.367863
-45.196446 35.657052 -5.362140
-45.181600 35.788588 -5.354478
-45.163056 35.956654 -5.344691
-45.140986 36.161740 -5.332752
-45.115931 36.400965 -5.318831
-45.088778 36.667897 -5.303303
-45.060664 36.952948 -5.286725
-45.032838 37.244358 -5.269784
-45.006497 37.529579 -5.253206
-44.982643 37.796825 -5.237678
-44.961971 38.036469 -5.223757
-44.944829 38.242025 -5.211818
-44.931231 38.410564 -5.202031
-44.920916 38.542533 -5.194369
-44.913438 38.641105 -5.188647
-44.908264 38.711242 -5.184575
-44.904850 38.758703 -5.181821
-44.902706 38.789193 -5.180051
-44.901426 38.807762 -5.178973
-44.900699 38.818505 -5.178350
-44.900299 38.824521 -5.178001
-44.900068 38.828086 -5.177796
-44.899894 38.830960 -5.177633
-44.899678 38.834784 -5.177423
-44.899322 38.841524 -5.177061
-44.898701 38.853944 -5.176407
-44.897655 38.876033 -5.175265
-44.895990 38.913312 -5.173371
-44.893490 38.972853 -5.170395
-44.889943 39.062858 -5.165960
-44.885185 39.191656 -5.159685
-44.879138 39.366151 -5.151245
-44.871843 39.589918 -5.140450
-44.863484 39.861417 -5.127308
-44.854369 40.172883 -5.112079
-44.844901 40.510424 -5.095274
-44.835516 40.855559 -5.077615
-44.826629 41.187990 -5.059940
-44.818579 41.488967 -5.043094
-44.811593 41.744375 -5.027801
-44.805778 41.946703 -5.014581
-44.801129 42.095461 -5.003699
-44.797558 42.196066 -4.995170
-44.794921 42.257730 -4.988808
-44.793050 42.291040 -4.984291
-44.791775 42.305904 -4.981239
-44.790942 42.310272 -4.979279
-44.790422 42.309673 -4.978082
-44.790113 42.307412 -4.977388
-44.789937 42.305102 -4.977005
-44.789840 42.303264 -4.976802
-44.789787 42.301775 -4.976690
-44.789753 42.300109 -4.976615
-44.789725 42.297307 -4.976537
-44.789702 42.291720 -4.976427
-44.789697 42.280514 -4.976266
-44.789753 42.258993 -4.976049
-44.789952 42.219861 -4.975796
-44.790429 42.152622 -4.975572
-44.791370 42.043483 -4.975490
-44.792990 41.876121 -4.975710
-44.795484 41.633596 -4.976415
-44.798955 41.301395 -4.977757
-44.803338 40.871140 -4.979801
-44.808348 40.344068 -4.982472
-44.813484 39.733162 -4.985527
-44.818096 39.063022 -4.988587
-44.821519 38.367113 -4.991208
-44.823225 37.682836 -4.992985
-44.822952 37.045632 -4.993654
-44.820776 36.483618 -4.993154
-44.817077 36.014065 -4.991633
-44.812439 35.642431 -4.989397
-44.807503 35.363781 -4.986823
-44.802836 35.165846 -4.984269
-44.798829 35.032650 -4.982004
-44.795673 34.947746 -4.980177
-44.793378 34.896486 -4.978825
-44.791831 34.867170 -4.977900
-44.790856 34.851248 -4.977311
-44.790268 34.842917 -4.976952
-44.789892 34.838422 -4.976720
-44.789561 34.835325 -4.976515
-44.789096 34.831863 -4.976225
-44.788254 34.826472 -4.975699
-44.786674 34.817506 -4.974711
-44.783812 34.803186 -4.972922
-44.778876 34.781795 -4.969837
-44.770790 34.752107 -4.964783
-44.758202 34.713957 -4.956916
-44.739567 34.668788 -4.945269
-44.713322 34.619923 -4.928866
-44.678143 34.572369 -4.906879
-44.633255 34.532062 -4.878824
-44.578722 34.504679 -4.844741
-44.515639 34.494318 -4.805314
-44.446146 34.502469 -4.761881
-44.373239 34.527621 -4.716315
-44.300393 34.565656 -4.670786
-44.231073 34.610880 -4.627461
-44.168253 34.657357 -4.588198
-44.114045 34.700117 -4.554318
-44.069513 34.735913 -4.526486
-44.034700 34.763407 -4.504728
-44.008815 34.782862 -4.488549
-43.990521 34.795564 -4.477116
-43.978245 34.803214 -4.469443
-43.970433 34.807457 -4.464561
-43.965722 34.809617 -4.461616
-43.963023 34.810621 -4.459930
-43.961530 34.811042 -4.458996
-43.960663 34.811193 -4.458454
-43.959992 34.811227 -4.458035
-43.959145 34.811199 -4.457505
-43.957706 34.811117 -4.456606
-43.955135 34.810956 -4.454999
-43.950689 34.810672 -4.452221
-43.943390 34.810194 -4.447659
-43.932027 34.809433 -4.440557
-43.915233 34.808280 -4.430061
-43.891628 34.806614 -4.415307
-43.860022 34.804317 -4.395553
-43.819651 34.801291 -4.370322
-43.770404 34.797482 -4.339543
-43.712979 34.792894 -4.303652
-43.648924 34.787608 -4.263617
-43.580542 34.781782 -4.220879
-43.510658 34.775639 -4.177201
-43.442276 34.769446 -4.134463
-43.378221 34.763477 -4.094428
-43.320796 34.757983 -4.058537
-43.271549 34.753154 -4.027758
-43.231178 34.749106 -4.002527
-43.199572 34.745872 -3.982773
-43.175967 34.743413 -3.968019
-43.159173 34.741635 -3.957523
-43.147810 34.740416 -3.950421
-43.140511 34.739624 -3.945859
-43.136065 34.739136 -3.943081
-43.133494 34.738852 -3.941474
-43.132056 34.738692 -3.940575
-43.131211 34.738597 -3.940047
-43.130549 34.738521 -3.939633
-43.129704 34.738424 -3.939105
-43.128266 34.738257 -3.938206
-43.125695 34.737955 -3.936599
-43.121249 34.737428 -3.933821
-43.113950 34.736555 -3.929259
-43.102587 34.735181 -3.922157
-43.085793 34.733123 -3.911661
-43.062188 34.730190 -3.896907
-43.030582 34.726202 -3.877153
-42.990211 34.721026 -3.851922
-42.940964 34.714603 -3.821143
-42.883539 34.706981 -3.785252
-42.819484 34.698326 -3.745217
-42.751102 34.688920 -3.702479
-42.681218 34.679138 -3.658801
-42.612836 34.669401 -3.616063
-42.548781 34.660129 -3.576028
-42.491356 34.651687 -3.540137
-42.442109 34.644341 -3.509358
-42.401738 34.638239 -3.484127
-42.370132 34.633404 -3.464373
-42.346527 34.629753 -3.449619
-42.329733 34.627131 -3.439123
-42.318370 34.625341 -3.432021
-42.311071 34.624184 -3.427459
-42.306625 34.623474 -3.424681
-42.304054 34.623062 -3.423074
-42.302616 34.622830 -3.422175
-42.301771 34.622693 -3.421647
-42.301109 34.622585 -3.421233
-42.300264 34.622446 -3.420705
-42.298826 34.622208 -3.419806
-42.296255 34.621780 -3.418199
-42.291809 34.621035 -3.415421
-42.284510 34.619805 -3.410859
-42.273147 34.617876 -3.403757
-42.256353 34.615001 -3.393261
-42.232748 34.610924 -3.378507
-42.201142 34.605410 -3.358753
-42.160771 34.598292 -3.333522
-42.111524 34.589512 -3.302743
-42.054099 34.579155 -3.266852
-41.990044 34.567466 -3.226817
-41.921662 34.554837 -3.184079
-41.851778 34.541779 -3.140401
-41.783396 34.528854 -3.097663
-41.719341 34.516612 -3.057628
-41.661916 34.505521 -3.021737
-41.612669 34.495916 -2.990958
-41.572298 34.487970 -2.965727
-41.540692 34.481698 -2.945973
-41.517087 34.476978 -2.931219
-41.500293 34.473598 -2.920723
-41.488930 34.471298 -2.913621
-41.481631 34.469813 -2.909059
-41.477185 34.468905 -2.906281
-41.474614 34.468378 -2.904674
-41.473176 34.468083 -2.903775
-41.472331 34.467908 -2.903247
-41.471669 34.467771 -2.902833
-41.470824 34.467594 -2.902305
-41.469386 34.467293 -2.901406
-41.466815 34.466752 -2.899799
-41.462369 34.465812 -2.897021
-41.455070 34.464263 -2.892459
-41.443707 34.461839 -2.885357
-41.426913 34.458235 -2.874861
-41.403308 34.453136 -2.860107
-41.371702 34.446260 -2.840353
-41.331331 34.437412 -2.815122
-41.282084 34.426531 -2.784343
-41.224659 34.413738 -2.748452
-41.160604 34.399347 -2.708417
-41.092222 34.383852 -2.665679
-41.022338 34.367882 -2.622001
-40.953956 34.352125 -2.579263
-40.889901 34.337247 -2.539228
-40.832476 34.323806 -2.503337
-40.783229 34.312198 -2.472558
-40.742858 34.302619 -2.447327
-40.711252 34.295074 -2.427573
-40.687647 34.289409 -2.412819
-40.670853 34.285359 -2.402323
-40.659490 34.282607 -2.395221
-40.652191 34.280833 -2.390659
-40.647745 34.279749 -2.387881
-40.645174 34.279121 -2.386274
-40.643736 34.278769 -2.385375
-40.642891 34.278561 -2.384847
-40.642229 34.278398 -2.384433
-40.641384 34.278188 -2.383905
-40.639946 34.277831 -2.383006
-40.637375 34.277190 -2.381399
-40.632929 34.276080 -2.378621
-40.625630 34.274249 -2.374059
-40.614267 34.271389 -2.366957
-40.597473 34.267143 -2.356461
-40.573868 34.261145 -2.341707
-40.542262 34.253073 -2.321953
-40.501891 34.242704 -2.296722
-40.452644 34.229980 -2.265943
-40.395219 34.215050 -2.230052
-40.331164 34.198291 -2.190017
-40.262782 34.180285 -2.147279
-40.192898 34.161767 -2.103601
-40.124516 34.143535 -2.060863
-40.060461 34.126353 -2.020828
-40.003036 34.110863 -1.984937
-39.953789 34.097507 -1.954158
-39.913418 34.086505 -1.928927
-39.881812 34.077852 -1.909173
-39.858207 34.071364 -1.894419
-39.841413 34.066732 -1.883923
-39.830050 34.063588 -1.876821
-39.822751 34.061562 -1.872259
-39.818305 34.060326 -1.869481
-39.815734 34.059610 -1.867874
-39.814296 34.059209 -1.866975
-39.813451 34.058972 -1.866447
-39.812789 34.058787 -1.866033
-39.811944 34.058549 -1.865505
-39.810506 34.058143 -1.864606
-39.807935 34.057416 -1.862999
-39.803489 34.056157 -1.860221
-39.796190 34.054083 -1.855659
-39.784827 34.050846 -1.848557
-39.768033 34.046045 -1.838061
-39.744428 34.039273 -1.823307
-39.712822 34.030168 -1.803553
-39.672451 34.018489 -1.778322
-39.623204 34.004177 -1.747543
-39.565779 33.987409 -1.711652
-39.501724 33.968616 -1.671617
-39.433342 33.948456 -1.628879
-39.363458 33.927754 -1.585201
-39.295076 33.907402 -1.542463
-39.231021 33.888252 -1.502428
-39.173596 33.871010 -1.466537
-39.124349 33.856164 -1.435758
-39.083978 33.843948 -1.410527
-39.052372 33.834353 -1.390773
-39.028767 33.827165 -1.376019
-39.011973 33.822037 -1.365523
-39.000610 33.818560 -1.358421
-38.993311 33.816322 -1.353859
-38.988865 33.814956 -1.351081
-38.986294 33.814165 -1.349474
-38.984856 33.813723 -1.348575
-38.984011 33.813462 -1.348047
-38.983349 33.813257 -1.347633
-38.982504 33.812995 -1.347105
-38.981066 33.812549 -1.346206
-38.978495 33.811749 -1.344599
-38.974049 33.810364 -1.341821
-38.966750 33.808086 -1.337259
-38.955387 33.804531 -1.330157
-38.938593 33.799263 -1.319661
-38.914988 33.791838 -1.304907
-38.883382 33.781866 -1.285153
-38.843011 33.769086 -1.259922
-38.793764 33.753443 -1.229143
-38.736339 33.735137 -1.193252
-38.672284 33.714643 -1.153217
-38.603902 33.692685 -1.110479
-38.534018 33.670163 -1.066801
-38.465636 33.648048 -1.024063
-38.401581 33.627262 -0.984028
-38.344156 33.608567 -0.948137
-38.294909 33.592488 -0.917358
-38.254538 33.579270 -0.892127
-38.222932 33.568896 -0.872373
-38.199327 33.561131 -0.857619
-38.182533 33.555596 -0.847123
-38.171170 33.551844 -0.840021
-38.163871 33.549431 -0.835459
-38.159425 33.547959 -0.832681
-38.156854 33.547107 -0.831074
-38.155416 33.546630 -0.830175
-38.154571 33.546350 -0.829647
-38.153909 33.546129 -0.829233
-38.153064 33.545848 -0.828705
-38.151626 33.545368 -0.827806
-38.149055 33.544509 -0.826199
-38.144609 33.543022 -0.823421
-38.137310 33.540576 -0.818859
-38.125947 33.536763 -0.811757
-38.109153 33.531116 -0.801261
-38.085548 33.523161 -0.786507
-38.053942 33.512486 -0.766753
-38.013571 33.498816 -0.741522
-37.964324 33.482099 -0.710743
-37.906899 33.462553 -0.674852
-37.842844 33.440692 -0.634817
-37.774462 33.417292 -0.592079
-37.704578 33.393314 -0.548401
-37.636196 33.369792 -0.505663
-37.572141 33.347704 -0.465628
-37.514716 33.327856 -0.429737
-37.465469 33.310799 -0.398958
-37.425098 33.296789 -0.373727
-37.393492 33.285801 -0.353973
-37.369887 33.277582 -0.339219
-37.353093 33.271727 -0.328723
-37.341730 33.267760 -0.321621
-37.334431 33.265210 -0.317059
-37.329985 33.263655 -0.314281
-37.327414 33.262755 -0.312674
-37.325976 33.262252 -0.311775
-37.325131 33.261956 -0.311247
-37.324469 33.261724 -0.310833
-37.323624 33.261427 -0.310305
-37.322186 33.260921 -0.309406
-37.319615 33.260016 -0.307799
-37.315169 33.258450 -0.305021
-37.307870 33.255875 -0.300459
-37.296507 33.251862 -0.293357
-37.279713 33.245923 -0.282861
-37.256108 33.237562 -0.268107
-37.224502 33.226348 -0.248353
-37.184131 33.211999 -0.223122
-37.134884 33.194464 -0.192343
-37.077459 33.173977 -0.156452
-37.013404 33.151083 -0.116417
-36.945022 33.126597 -0.073679
-36.875138 33.101527 -0.030001
-36.806756 33.076954 0.012737
-36.742701 33.053898 0.052772
-36.685276 33.033196 0.088663
-36.636029 33.015418 0.119442
-36.595658 33.000825 0.144673
-36.564052 32.989388 0.164427
-36.540447 32.980838 0.179181
-36.523653 32.974750 0.189677
-36.512290 32.970628 0.196779
-36.504991 32.967979 0.201341
-36.500545 32.966364 0.204119
-36.497974 32.965430 0.205726
-36.496536 32.964908 0.206625
-36.495691 32.964600 0.207153
-36.495029 32.964359 0.207567
-36.494184 32.964052 0.208095
-36.492746 32.963528 0.208994
-36.490175 32.962590 0.210601
-36.485729 32.960968 0.213379
-36.478430 32.958302 0.217941
-36.467067 32.954149 0.225043
-36.450273 32.948005 0.235539
-36.426668 32.939360 0.250293
-36.395062 32.927772 0.270047
-36.354691 32.912954 0.295278
-36.305444 32.894857 0.326057
-36.248019 32.873730 0.361948
-36.183964 32.850136 0.401983
-36.115582 32.824920 0.444721
-36.045698 32.799122 0.488399
-35.977316 32.773854 0.531137
-35.913261 32.750163 0.571172
-35.855836 32.728906 0.607063
-35.806589 32.710664 0.637842
-35.766218 32.695699 0.663073
-35.734612 32.683978 0.682827
-35.711007 32.675220 0.697581
-35.694213 32.668987 0.708077
-35.682850 32.664768 0.715179
-35.675551 32.662057 0.719741
-35.671105 32.660406 0.722519
-35.668534 32.659451 0.724126
-35.667096 32.658917 0.725025
-35.666251 32.658603 0.725553
-35.665589 32.658357 0.725967
-35.664744 32.658043 0.726495
-35.663306 32.657508 0.727394
-35.660735 32.656551 0.729001
-35.656289 32.654896 0.731779
-35.648990 32.652177 0.736341
-35.637627 32.647943 0.743443
-35.620833 32.641682 0.753939
-35.597228 32.632876 0.768693
-35.565622 32.621079 0.788447
-35.525251 32.606002 0.813678
-35.476004 32.587600 0.844457
-35.418579 32.566131 0.880348
-35.354524 32.542171 0.920383
-35.286142 32.516581 0.963121
-35.216258 32.490420 1.006799
-35.147876 32.464813 1.049537
-35.083821 32.440820 1.089572
-35.026396 32.419307 1.125463
-34.977149 32.400857 1.156242
-34.936778 32.385731 1.181473
-34.905172 32.373890 1.201227
-34.881567 32.365046 1.215981
-34.864773 32.358755 1.226477
-34.853410 32.354499 1.233579
-34.846111 32.351766 1.238141
-34.841665 32.350101 1.240919
-34.839094 32.349138 1.242526
-34.837656 32.348600 1.243425
-34.836811 32.348284 1.243953
-34.836149 32.348036 1.244367
-34.835304 32.347720 1.244895
-34.833866 32.347182 1.245794
-34.831295 32.346219 1.247401
-34.826849 32.344554 1.250179
-34.819550 32.341821 1.254741
-34.808187 32.337565 1.261843
-34.791393 32.331274 1.272339
-34.767788 32.322430 1.287093
-34.736182 32.310589 1.306847
-34.695811 32.295463 1.332078
-34.646564 32.277013 1.362857
-34.589139 32.255500 1.398748
-34.525084 32.231507 1.438783
-34.456702 32.205900 1.481521
-34.386818 32.179739 1.525199
-34.318436 32.154149 1.567937
-34.254381 32.130189 1.607972
-34.196956 32.108720 1.643863
-34.147709 32.090318 1.674642
-34.107338 32.075241 1.699873
-34.075732 32.063444 1.719627
-34.052127 32.054638 1.734381
-34.035333 32.048377 1.744877
-34.023970 32.044143 1.751979
-34.016671 32.041424 1.756541
-34.012225 32.039769 1.759319
-34.009654 32.038812 1.760926
-34.008216 32.038277 1.761825
-34.007371 32.037963 1.762353
-34.006709 32.037717 1.762767
-34.005864 32.037403 1.763295
-34.004426 32.036869 1.764194
-34.001855 32.035914 1.765801
-33.997409 32.034263 1.768579
-33.990110 32.031552 1.773141
-33.978747 32.027333 1.780243
-33.961953 32.021100 1.790739
-33.938348 32.012342 1.805493
-33.906742 32.000621 1.825247
-33.866371 31.985656 1.850478
-33.817124 31.967414 1.881257
-33.759699 31.946157 1.917148
-33.695644 31.922466 1.957183
-33.627262 31.897198 1.999921
-33.557378 31.871400 2.043599
-33.488996 31.846184 2.086337
-33.424941 31.822590 2.126372
-33.367516 31.801463 2.162263
-33.318269 31.783366 2.193042
-33.277898 31.768548 2.218273
-33.246292 31.756960 2.238027
-33.222687 31.748315 2.252781
-33.205893 31.742171 2.263277
-33.194530 31.738018 2.270379
-33.187231 31.735352 2.274941
-33.182785 31.733730 2.277719
-33.180214 31.732792 2.279326
-33.178776 31.732268 2.280225
-33.177931 31.731961 2.280753
-33.177269 31.731720 2.281167
-33.176424 31.731412 2.281695
-33.174986 31.730890 2.282594
-33.172415 31.729956 2.284201
-33.167969 31.728341 2.286979
-33.160670 31.725692 2.291541
-33.149307 31.721570 2.298643
-33.132513 31.715482 2.309139
-33.108908 31.706932 2.323893
-33.077302 31.695495 2.343647
-33.036931 31.680902 2.368878
-32.987684 31.663124 2.399657
-32.930259 31.642422 2.435548
-32.866204 31.619366 2.475583
-32.797822 31.594793 2.518321
-32.727938 31.569723 2.561999
-32.659556 31.545237 2.604737
-32.595501 31.522343 2.644772
-32.538076 31.501856 2.680663
-32.488829 31.484321 2.711442
-32.448458 31.469972 2.736673
-32.416852 31.458758 2.756427
-32.393247 31.450397 2.771181
-32.376453 31.444458 2.781677
-32.365090 31.440445 2.788779
-32.357791 31.437870 2.793341
-32.353345 31.436304 2.796119
-32.350774 31.435399 2.797726
-32.349336 31.434893 2.798625
-32.348491 31.434596 2.799153
-32.347829 31.434364 2.799567
-32.346984 31.434068 2.800095
-32.345546 31.433565 2.800994
-32.342975 31.432665 2.802601
-32.338529 31.431110 2.805379
-32.331230 31.428560 2.809941
-32.319867 31.424593 2.817043
-32.303073 31.418738 2.827539
-32.279468 31.410519 2.842293
-32.247862 31.399531 2.862047
-32.207491 31.385521 2.887278
-32.158244 31.368464 2.918057
-32.100819 31.348616 2.953948
-32.036764 31.326528 2.993983
-31.968382 31.303006 3.036721
-31.898498 31.279028 3.080399
-31.830116 31.255628 3.123137
-31.766061 31.233767 3.163172
-31.708636 31.214221 3.199063
-31.659389 31.197504 3.229842
-31.619018 31.183834 3.255073
-31.587412 31.173159 3.274827
-31.563807 31.165204 3.289581
-31.547013 31.159557 3.300077
-31.535650 31.155744 3.307179
-31.528351 31.153298 3.311741
-31.523905 31.151811 3.314519
-31.521334 31.150952 3.316126
-31.519896 31.150472 3.317025
-31.519051 31.150191 3.317553
-31.518389 31.149970 3.317967
-31.517544 31.149690 3.318495
-31.516106 31.149213 3.319394
-31.513535 31.148361 3.321001
-31.509089 31.146889 3.323779
-31.501790 31.144476 3.328341
-31.490427 31.140724 3.335443
-31.473633 31.135189 3.345939
-31.450028 31.127424 3.360693
-31.418422 31.117050 3.380447
-31.378051 31.103832 3.405678
-31.328804 31.087753 3.436457
-31.271379 31.069058 3.472348
-31.207324 31.048272 3.512383
-31.138942 31.026157 3.555121
-31.069058 31.003635 3.598799
-31.000676 30.981677 3.641537
-30.936621 30.961183 3.681572
-30.879196 30.942877 3.717463
-30.829949 30.927234 3.748242
-30.789578 30.914454 3.773473
-30.757972 30.904482 3.793227
-30.734367 30.897057 3.807981
-30.717573 30.891789 3.818477
-30.706210 30.888234 3.825579
-30.698911 30.885956 3.830141
-30.694465 30.884571 3.832919
-30.691894 30.883771 3.834526
-30.690456 30.883325 3.835425
-30.689611 30.883063 3.835953
-30.688949 30.882858 3.836367
-30.688104 30.882597 3.836895
-30.686666 30.882155 3.837794
-30.684095 30.881364 3.839401
-30.679649 30.879998 3.842179
-30.672350 30.877760 3.846741
-30.660987 30.874283 3.853843
-30.644193 30.869155 3.864339
-30.620588 30.861967 3.879093
-30.588982 30.852372 3.898847
-30.548611 30.840156 3.924078
-30.499364 30.825310 3.954857
-30.441939 30.808068 3.990748
-30.377884 30.788918 4.030783
-30.309502 30.768566 4.073521
-30.239618 30.747864 4.117199
-30.171236 30.727704 4.159937
-30.107181 30.708911 4.199972
-30.049756 30.692143 4.235863
-30.000509 30.677831 4.266642
-29.960138 30.666152 4.291873
-29.928532 30.657047 4.311627
-29.904927 30.650275 4.326381
-29.888133 30.645474 4.336877
-29.876770 30.642237 4.343979
-29.869471 30.640163 4.348541
-29.865025 30.638904 4.351319
-29.862454 30.638177 4.352926
-29.861016 30.637771 4.353825
-29.860171 30.637533 4.354353
-29.859509 30.637348 4.354767
-29.858664 30.637111 4.355295
-29.857226 30.636710 4.356194
-29.854655 30.635994 4.357801
-29.850209 30.634758 4.360579
-29.842910 30.632732 4.365141
-29.831547 30.629588 4.372243
-29.814753 30.624956 4.382739
-29.791148 30.618468 4.397493
-29.759542 30.609815 4.417247
-29.719171 30.598813 4.442478
-29.669924 30.585457 4.473257
-29.612499 30.569967 4.509148
-29.548444 30.552785 4.549183
-29.480062 30.534553 4.591921
-29.410178 30.516035 4.635599
-29.341796 30.498029 4.678337
-29.277741 30.481270 4.718372
-29.220316 30.466340 4.754263
-29.171069 30.453616 4.785042
-29.130698 30.443247 4.810273
-29.099092 30.435175 4.830027
-29.075487 30.429177 4.844781
-29.058693 30.424931 4.855277
-29.047330 30.422071 4.862379
-29.040031 30.420240 4.866941
-29.035585 30.419130 4.869719
-29.033014 30.418489 4.871326
-29.031576 30.418132 4.872225
-29.030731 30.417922 4.872753
-29.030069 30.417759 4.873167
-29.029224 30.417551 4.873695
-29.027786 30.417199 4.874594
-29.025215 30.416571 4.876201
-29.020769 30.415487 4.878979
-29.013470 30.413713 4.883541
-29.002107 30.410961 4.890643
-28.985313 30.406911 4.901139
-28.961708 30.401246 4.915893
-28.930102 30.393701 4.935647
-28.889731 30.384122 4.960878
-28.840484 30.372514 4.991657
-28.783059 30.359073 5.027548
-28.719004 30.344195 5.067583
-28.650622 30.328438 5.110321
-28.580738 30.312468 5.153999
-28.512356 30.296973 5.196737
-28.448301 30.282582 5.236772
-28.390876 30.269789 5.272663
-28.341629 30.258908 5.303442
-28.301258 30.250060 5.328673
-28.269652 30.243184 5.348427
-28.246047 30.238085 5.363181
-28.229253 30.234481 5.373677
-28.217890 30.232057 5.380779
-28.210591 30.230508 5.385341
-28.206145 30.229568 5.388119
-28.203574 30.229027 5.389726
-28.202136 30.228726 5.390625
-28.201291 30.228549 5.391153
-28.200629 30.228412 5.391567
-28.199784 30.228237 5.392095
-28.198346 30.227942 5.392994
-28.195775 30.227415 5.394601
-28.191329 30.226507 5.397379
-28.184030 30.225022 5.401941
-28.172667 30.222722 5.409043
-28.155873 30.219342 5.419539
-28.132268 30.214622 5.434293
-28.100662 30.208350 5.454047
-28.060291 30.200404 5.479278
-28.011044 30.190799 5.510057
-27.953619 30.179708 5.545948
-27.889564 30.167466 5.585983
-27.821182 30.154541 5.628721
-27.751298 30.141483 5.672399
-27.682916 30.128854 5.715137
-27.618861 30.117165 5.755172
-27.561436 30.106808 5.791063
-27.512189 30.098028 5.821842
-27.471818 30.090910 5.847073
-27.440212 30.085396 5.866827
-27.416607 30.081319 5.881581
-27.399813 30.078444 5.892077
-27.388450 30.076515 5.899179
-27.381151 30.075285 5.903741
-27.376705 30.074540 5.906519
-27.374134 30.074112 5.908126
-27.372696 30.073874 5.909025
-27.371851 30.073735 5.909553
-27.371189 30.073627 5.909967
-27.370344 30.073490 5.910495
-27.368906 30.073258 5.911394
-27.366335 30.072846 5.913001
-27.361889 30.072136 5.915779
-27.354590 30.070979 5.920341
-27.343227 30.069189 5.927443
-27.326433 30.066567 5.937939
-27.302828 30.062916 5.952693
-27.271222 30.058081 5.972447
-27.230851 30.051979 5.997678
-27.181604 30.044633 6.028457
-27.124179 30.036191 6.064348
-27.060124 30.026919 6.104383
-26.991742 30.017182 6.147121
-26.921858 30.007400 6.190799
-26.853476 29.997994 6.233537
-26.789421 29.989339 6.273572
-26.731996 29.981717 6.309463
-26.682749 29.975294 6.340242
-26.642378 29.970118 6.365473
-26.610772 29.966130 6.385227
-26.587167 29.963197 6.399981
-26.570373 29.961139 6.410477
-26.559010 29.959765 6.417579
-26.551711 29.958892 6.422141
-26.547265 29.958365 6.424919
-26.544694 29.958063 6.426526
-26.543256 29.957896 6.427425
-26.542411 29.957799 6.427953
-26.541749 29.957723 6.428367
-26.540904 29.957628 6.428895
-26.539466 29.957468 6.429794
-26.536895 29.957184 6.431401
-26.532449 29.956696 6.434179
-26.525150 29.955904 6.438741
-26.513787 29.954685 6.445843
-26.496993 29.952907 6.456339
-26.473388 29.950448 6.471093
-26.441782 29.947214 6.490847
-26.401411 29.943166 6.516078
-26.352164 29.938337 6.546857
-26.294739 29.932843 6.582748
-26.230684 29.926874 6.622783
-26.162302 29.920681 6.665521
-26.092418 29.914538 6.709199
-26.024036 29.908712 6.751937
-25.959981 29.903426 6.791972
-25.902556 29.898838 6.827863
-25.853309 29.895029 6.858642
-25.812938 29.892003 6.883873
-25.781332 29.889706 6.903627
-25.757727 29.888040 6.918381
-25.740933 29.886887 6.928877
-25.729570 29.886126 6.935979
-25.722271 29.885648 6.940541
-25.717828 29.885362 6.943319
-25.715269 29.885198 6.944926
-25.713876 29.885100 6.945825
-25.713186 29.885017 6.946355
-25.712997 29.884882 6.946774
-25.713460 29.884568 6.947316
-25.715299 29.883822 6.948250
-25.720218 29.882160 6.949936
-25.731467 29.878734 6.952881
-25.754429 29.872206 6.957763
-25.796894 29.860697 6.965436
-25.868590 29.841903 6.976869
-25.979542 29.813464 6.993048
-26.137123 29.773620 7.014806
-26.342236 29.722041 7.042638
-26.585737 29.660602 7.076518
-26.846591 29.593793 7.115781
-27.093175 29.528451 7.159106
-27.288226 29.472722 7.204635
-27.396615 29.434421 7.250201
-27.393829 29.419224 7.293634
-27.272439 29.429270 7.333061
-27.044341 29.462636 7.367144
-26.737939 29.513859 7.395199
-26.391265 29.575327 7.417186
-26.043345 29.639049 7.433589
-25.726489 29.698258 7.445236
-25.461546 29.748432 7.453103
-25.256823 29.787566 7.458157
-25.110085 29.815806 7.461242
-25.012238 29.834731 7.463031
-24.951165 29.846588 7.464019
-24.914552 29.853717 7.464545
-24.891165 29.858278 7.464835
-24.870473 29.862310 7.465040
-24.840821 29.868068 7.465272
-24.786347 29.878613 7.465631
-24.682940 29.898580 7.466220
-24.493624 29.935060 7.467145
-24.164257 29.998425 7.468497
-23.620968 30.102833 7.470324
-22.771316 30.266051 7.472589
-21.511156 30.508204 7.475143
-19.738307 30.849259 7.477717
-17.372216 31.305347 7.479953
-14.376259 31.884533 7.481474
-10.777079 32.583043 7.481974
-6.674577 33.383157 7.481305
-2.237677 34.253694 7.479528
2.315354 35.153425 7.476907
6.748496 36.036824 7.473847
10.844007 36.860861 7.470792
14.433899 37.591160 7.468121
17.419410 38.206097 7.466077
19.775018 38.698059 7.464735
21.538265 39.071978 7.464030
22.790298 39.341945 7.463810
23.633555 39.527048 7.463892
24.172148 39.647528 7.464116
24.498291 39.721925 7.464369
24.685535 39.765498 7.464586
24.787689 39.789754 7.464747
24.841433 39.802796 7.464857
24.870637 39.810095 7.464935
24.890950 39.815428 7.465010
24.913818 39.821785 7.465122
24.949499 39.832145 7.465325
25.008832 39.850057 7.465708
25.103534 39.879950 7.466402
25.244864 39.927103 7.467599
25.440744 39.997215 7.469559
25.691940 40.095611 7.472611
25.988460 40.226203 7.477128
26.307738 40.390462 7.483490
26.615986 40.586696 7.492019
26.873274 40.809894 7.502901
27.041553 41.052211 7.516121
27.093508 41.304012 7.531414
27.019484 41.555190 7.548260
26.830109 41.796418 7.565935
26.553680 42.020066 7.583594
26.229168 42.220664 7.600399
25.897208 42.394942 7.615628
25.591900 42.541620 7.628770
25.335623 42.661074 7.639565
25.137732 42.754991 7.648005
24.996569 42.826053 7.654280
24.903355 42.877606 7.658715
24.846342 42.913322 7.661691
24.814054 42.936861 7.663585
24.797142 42.951573 7.664727
24.788961 42.960302 7.665381
24.785305 42.965309 7.665743
24.783779 42.968337 7.665953
24.783138 42.970788 7.666116
24.782771 42.973976 7.666321
24.782362 42.979430 7.666670
24.781689 42.989192 7.667293
24.780523 43.006072 7.668371
24.778573 43.033790 7.670141
24.775469 43.076936 7.672895
24.770765 43.140697 7.676967
24.763967 43.230308 7.682689
24.754590 43.350280 7.690351
24.742228 43.503497 7.700138
24.726645 43.690366 7.712077
24.707852 43.908224 7.725998
24.686166 44.151176 7.741526
24.662220 44.410467 7.758104
24.636924 44.675385 7.775045
24.611366 44.934523 7.791623
24.586681 45.177188 7.807151
24.563904 45.394666 7.821072
24.543840 45.581107 7.833011
24.526982 45.733894 7.842798
24.513485 45.853473 7.850460
24.503201 45.942751 7.856183
24.495754 46.006250 7.860254
24.490636 46.049204 7.863008
24.487304 46.076790 7.864778
24.485252 46.093586 7.865856
24.484053 46.103298 7.866479
24.483377 46.108728 7.866828
24.482975 46.111919 7.867032
24.482656 46.114421 7.867193
24.482243 46.117610 7.867398
24.481534 46.123036 7.867746
24.480255 46.132739 7.868370
24.478023 46.149512 7.869447
24.474320 46.177050 7.871217
24.468486 46.219913 7.873972
24.459748 46.283247 7.878043
24.447280 46.372246 7.883765
24.430312 46.491382 7.891428
24.408258 46.643506 7.901214
24.380854 46.829011 7.913153
24.348282 47.045238 7.927074
24.311230 47.286325 7.942603
24.270887 47.543576 7.959180
24.228840 47.806356 7.976122
24.186898 48.063351 7.992699
24.146872 48.303962 8.008228
24.110347 48.519557 8.022149
24.078499 48.704351 8.034087
24.051985 48.855761 8.043874
24.030931 48.974243 8.051536
24.015005 49.062690 8.057259
24.003546 49.125588 8.061330
23.995714 49.168131 8.064085
23.990639 49.195450 8.065854
23.987525 49.212082 8.066932
23.985713 49.221699 8.067555
23.984694 49.227075 8.067904
23.984091 49.230234 8.068109
23.983614 49.232710 8.068269
23.982999 49.235867 8.068474
23.981947 49.241237 8.068823
23.980056 49.250839 8.069446
23.976765 49.267437 8.070524
23.971322 49.294685 8.072293
23.962782 49.337091 8.075048
23.950044 49.399743 8.079119
23.931956 49.487773 8.084842
23.907466 49.605593 8.092504
23.875808 49.756012 8.102291
23.836694 49.939405 8.114229
23.790474 50.153131 8.128151
23.738206 50.391383 8.143679
23.681629 50.645557 8.160256
23.622999 50.905141 8.177198
23.564842 51.158959 8.193775
23.509636 51.396547 8.209304
23.459511 51.609391 8.223225
23.416007 51.791793 8.235164
23.379943 51.941217 8.244951
23.351417 52.058125 8.252613
23.329913 52.145383 8.258335
23.314487 52.207428 8.262406
23.303973 52.249389 8.265161
23.297176 52.276331 8.266931
23.293014 52.292732 8.268008
23.290595 52.302214 8.268632
23.289237 52.307515 8.268980
23.288435 52.310630 8.269185
23.287802 52.313071 8.269346
23.286988 52.316182 8.269551
23.285598 52.321475 8.269899
23.283101 52.330937 8.270522
23.278764 52.347293 8.271600
23.271604 52.374141 8.273370
23.260391 52.415920 8.276124
23.243705 52.477638 8.280196
23.220071 52.564344 8.285918
23.188158 52.680373 8.293580
23.147023 52.828481 8.303367
23.096357 53.009024 8.315306
23.036674 53.219389 8.329227
22.969401 53.453846 8.344755
22.896816 53.703920 8.361333
22.821841 53.959263 8.378275
22.747702 54.208881 8.394852
22.677539 54.442489 8.410380
22.614016 54.651726 8.424302
22.559030 54.831001 8.436240
22.513562 54.977837 8.446027
22.477679 55.092700 8.453689
22.450684 55.178419 8.459412
22.431354 55.239361 8.463483
22.418200 55.280570 8.466238
22.409708 55.307027 8.468007
22.404514 55.323131 8.469085
22.401499 55.332441 8.469708
22.399807 55.337645 8.470057
22.398809 55.340702 8.470262
22.398022 55.343098 8.470422
22.397013 55.346152 8.470627
22.395290 55.351345 8.470976
22.392198 55.360630 8.471599
22.386832 55.376678 8.472676
22.377984 55.403018 8.474446
22.364144 55.444002 8.477201
22.343577 55.504537 8.481272
22.314491 55.589569 8.486994
22.275283 55.703341 8.494657
22.224838 55.848542 8.504443
22.162822 56.025508 8.516382
22.089917 56.231664 8.530303
22.007910 56.461382 8.545832
21.919611 56.706349 8.562409
21.828591 56.956423 8.579351
21.738770 57.200836 8.595928
21.653932 57.429524 8.611457
21.577266 57.634311 8.625378
21.511021 57.809737 8.637317
21.456331 57.953393 8.647103
21.413235 58.065750 8.654766
21.380859 58.149584 8.660488
21.357702 58.209177 8.664559
21.341960 58.249469 8.667314
21.331807 58.275334 8.669084
21.325603 58.291076 8.670161
21.322003 58.300176 8.670784
21.319985 58.305262 8.671133
21.318795 58.308250 8.671338
21.317857 58.310591 8.671498
21.316657 58.313575 8.671703
21.314608 58.318649 8.672052
21.310933 58.327719 8.672675
21.304560 58.343394 8.673753
21.294060 58.369120 8.675522
21.277648 58.409143 8.678277
21.253283 58.468253 8.682348
21.218863 58.551269 8.688071
21.172518 58.662324 8.695733
21.112965 58.804034 8.705520
21.039850 58.976710 8.717458
20.954017 59.177827 8.731380
20.857605 59.401881 8.746908
20.753947 59.640755 8.763485
20.647250 59.884552 8.780427
20.542108 60.122777 8.797005
20.442936 60.345623 8.812533
20.353436 60.545136 8.826454
20.276198 60.716008 8.838393
20.212507 60.855906 8.848180
20.162372 60.965303 8.855842
20.124744 61.046915 8.861564
20.097854 61.104919 8.865636
20.079589 61.144132 8.868390
20.067816 61.169300 8.870160
20.060625 61.184617 8.871238
20.056455 61.193471 8.871861
20.054119 61.198419 8.872209
20.052741 61.201325 8.872414
20.051658 61.203602 8.872575
20.050270 61.206504 8.872780
20.047903 61.211437 8.873128
20.043661 61.220256 8.873752
20.036307 61.235495 8.874829
20.024196 61.260503 8.876599
20.005278 61.299405 8.879354
19.977214 61.356850 8.883425
19.937597 61.437516 8.889147
19.884302 61.545409 8.896809
19.815881 61.683056 8.906596
19.731962 61.850748 8.918535
19.633546 62.046016 8.932456
19.523118 62.263504 8.947985
19.404518 62.495322 8.964562
19.282573 62.731862 8.981504
19.162534 62.962938 8.998081
19.049428 63.179046 9.013609
18.947455 63.372480 9.027531
18.859535 63.538109 9.039469
18.787099 63.673687 9.049256
18.730126 63.779683 9.056918
18.687398 63.858744 9.062641
18.656883 63.914927 9.066712
18.636168 63.952902 9.069467
18.622822 63.977273 9.071236
18.614674 63.992103 9.072314
18.609952 64.000674 9.072937
18.607306 64.005464 9.073286
18.605747 64.008277 9.073491
18.604521 64.010481 9.073651
18.602952 64.013289 9.073856
18.600277 64.018062 9.074205
18.595484 64.026594 9.074828
18.587178 64.041336 9.075906
18.573505 64.065526 9.077675
18.552159 64.103150 9.080430
18.520507 64.158699 9.084501
18.475855 64.236690 9.090224
18.415824 64.340985 9.097886
18.338811 64.474016 9.107673
18.244425 64.636047 9.119611
18.133822 64.824680 9.133532
18.009822 65.034727 9.149061
17.876758 65.258556 9.165638
17.740057 65.486885 9.182580
17.605604 65.709883 9.199157
17.479019 65.918382 9.214686
17.364983 66.104959 9.228607
17.266735 66.264679 9.240546
17.185846 66.395389 9.250332
17.122265 66.497559 9.257995
17.074608 66.573751 9.263717
17.040592 66.627885 9.267788
17.017510 66.664469 9.270543
17.002645 66.687945 9.272313
16.993573 66.702229 9.273390
16.988316 66.710483 9.274014
16.985372 66.715095 9.274362
16.983638 66.717804 9.274567
16.982275 66.719926 9.274728
16.980531 66.722628 9.274932
16.977559 66.727223 9.275281
16.972234 66.735433 9.275904
16.963010 66.749619 9.276982
16.947830 66.772892 9.278752
16.924141 66.809087 9.281506
16.889029 66.862517 9.285577
16.839520 66.937519 9.291300
16.772996 67.037797 9.298962
16.687700 67.165675 9.308749
16.583228 67.321394 9.320688
16.460884 67.502632 9.334609
16.323811 67.704391 9.350137
16.176819 67.919331 9.366715
16.025912 68.138530 9.383656
15.877586 68.352551 9.400234
15.738032 68.552602 9.415762
15.612392 68.731571 9.429683
15.504212 68.884737 9.441622
15.415196 69.010054 9.451409
15.345263 69.107986 9.459071
15.292869 69.181002 9.464793
15.255488 69.232869 9.468865
15.230132 69.267916 9.471619
15.213809 69.290402 9.473389
15.203849 69.304081 9.474467
15.198079 69.311986 9.475090
15.194848 69.316402 9.475438
15.192946 69.318995 9.475643
15.191451 69.321026 9.475804
15.189539 69.323613 9.476009
15.186282 69.328009 9.476357
15.180447 69.335866 9.476981
15.170341 69.349438 9.478058
15.153716 69.371702 9.479828
15.127779 69.406321 9.482583
15.089350 69.457416 9.486654
15.035183 69.529127 9.492376
14.962433 69.624984 9.500038
14.869198 69.747194 9.509825
14.755060 69.895974 9.521764
14.621467 70.069088 9.535685
14.471874 70.261747 9.551214
14.311546 70.466931 9.567791
14.147040 70.676118 9.584733
13.985439 70.880301 9.601310
13.833478 71.071098 9.616838
13.696740 71.241738 9.630760
13.579063 71.387735 9.642698
13.482278 71.507153 9.652485
13.406275 71.600453 9.660147
13.349356 71.669998 9.665870
13.308761 71.719391 9.669941
13.281232 71.752759 9.672696
13.263515 71.774164 9.674465
13.252708 71.787184 9.675543
13.246449 71.794707 9.676166
13.242944 71.798909 9.676515
13.240881 71.801377 9.676720
13.239261 71.803308 9.676880
13.237189 71.805769 9.677085
13.233659 71.809950 9.677434
13.227337 71.817420 9.678057
13.216392 71.830324 9.679135
13.198388 71.851489 9.680904
13.170307 71.884393 9.683659
13.128714 71.932948 9.687730
13.070109 72.001079 9.693453
12.991425 72.092129 9.701115
12.890627 72.208180 9.710902
12.767283 72.349421 9.722840
12.622980 72.513714 9.736762
12.461469 72.696497 9.752290
12.288450 72.891100 9.768867
12.111007 73.089431 9.785809
11.936781 73.282954 9.802386
11.773025 73.463729 9.817915
11.625739 73.625353 9.831836
11.499040 73.763592 9.843775
11.394876 73.876632 9.853562
11.313108 73.964923 9.861224
11.251893 74.030719 9.866946
11.208247 74.077437 9.871017
11.178658 74.108992 9.873772
11.159619 74.129230 9.875542
11.148008 74.141539 9.876619
11.141284 74.148649 9.877243
11.137520 74.152621 9.877591
11.135305 74.154953 9.877796
11.133565 74.156778 9.877957
11.131341 74.159102 9.878162
11.127553 74.163050 9.878510
11.120770 74.170105 9.879133
11.109028 74.182289 9.880211
11.089719 74.202269 9.881981
11.059607 74.233326 9.884735
11.015019 74.279145 9.888807
10.952210 74.343422 9.894529
10.867910 74.429298 9.902191
10.759955 74.538723 9.911978
10.627900 74.671856 9.923917
10.473468 74.826666 9.937838
10.300689 74.998838 9.953366
10.115676 75.182075 9.969944
9.926012 75.368753 9.986885
9.739863 75.550836 10.003463
9.564971 75.720861 10.018991
9.407731 75.872818 10.032912
9.272519 76.002743 10.044851
9.161395 76.108949 10.054638
9.074192 76.191876 10.062300
9.008927 76.253657 10.068023
8.962406 76.297513 10.072094
8.930875 76.327128 10.074848
8.910591 76.346118 10.076618
8.898223 76.357665 10.077696
8.891061 76.364335 10.078319
8.887053 76.368060 10.078668
8.884694 76.370246 10.078872
8.882842 76.371957 10.079033
8.880475 76.374135 10.079238
8.876444 76.377836 10.079586
8.869228 76.384446 10.080210
8.856737 76.395860 10.081287
8.836199 76.414576 10.083057
8.804178 76.443660 10.085812
8.756774 76.486560 10.089883
8.690015 76.546724 10.095605
8.600438 76.627080 10.103268
8.485760 76.729438 10.113054
8.345527 76.853928 10.124993
8.181587 76.998631 10.138914
7.998236 77.159498 10.154443
7.801974 77.330631 10.171020
7.600852 77.504905 10.187962
7.403529 77.674814 10.204539
7.218206 77.833405 10.220068
7.051645 77.975083 10.233989
6.908465 78.096172 10.245927
6.790829 78.195115 10.255714
6.698542 78.272345 10.263376
6.629490 78.329862 10.269099
6.580281 78.370679 10.273170
6.546935 78.398234 10.275925
6.525487 78.415900 10.277694
6.512411 78.426639 10.278772
6.504841 78.432841 10.279395
6.500605 78.436305 10.279744
6.498112 78.438337 10.279949
6.496155 78.439927 10.280109
6.493655 78.441951 10.280314
6.489398 78.445388 10.280663
6.481777 78.451527 10.281286
6.468587 78.462127 10.282364
6.446903 78.479502 10.284133
6.413102 78.506497 10.286888
6.363072 78.546303 10.290959
6.292632 78.602112 10.296682
6.198139 78.676625 10.304344
6.077200 78.771503 10.314131
5.929354 78.886849 10.326069
5.756566 79.020863 10.339991
5.563382 79.169777 10.355519
5.356661 79.328118 10.372096
5.144890 79.489285 10.389038
4.937188 79.646338 10.405615
4.742180 79.792855 10.421144
4.566968 79.923684 10.435065
4.416396 80.035447 10.447004
4.292722 80.126731 10.456791
4.195723 80.197952 10.464453
4.123162 80.250974 10.470175
4.071463 80.288587 10.474246
4.036437 80.313972 10.477001
4.013912 80.330242 10.478771
4.000181 80.340131 10.479848
3.992233 80.345840 10.480472
3.987785 80.349028 10.480820
3.985169 80.350898 10.481025
3.983115 80.352361 10.481186
3.980492 80.354222 10.481391
3.976025 80.357382 10.481739
3.968029 80.363026 10.482362
3.954194 80.372767 10.483440
3.931452 80.388732 10.485210
3.896007 80.413529 10.487964
3.843553 80.450082 10.492036
3.769715 80.501311 10.497758
3.670686 80.569681 10.505420
3.543973 80.656697 10.515207
3.389109 80.762434 10.527146
3.208170 80.885219 10.541067
3.005930 81.021581 10.556595
2.789582 81.166492 10.573173
2.568016 81.313903 10.590115
2.350772 81.457466 10.606692
2.146863 81.591321 10.622220
1.963706 81.710774 10.636142
1.806349 81.812762 10.648080
1.677134 81.896018 10.657867
1.575813 81.960943 10.665529
1.500035 82.009256 10.671252
1.446055 82.043515 10.675323
1.409489 82.066628 10.678078
1.385978 82.081436 10.679847
1.371648 82.090434 10.680925
1.363354 82.095628 10.681548
1.358713 82.098527 10.681897
1.355983 82.100227 10.682102
1.353840 82.101557 10.682262
1.351104 82.103248 10.682467
1.346446 82.106119 10.682816
1.338109 82.111244 10.683439
1.323683 82.120088 10.684516
1.299974 82.134578 10.686286
1.263028 82.157077 10.689041
1.208361 82.190230 10.693112
1.131423 82.236672 10.698834
1.028257 82.298624 10.706497
0.896280 82.377429 10.716283
0.735022 82.473130 10.728222
0.546659 82.584192 10.742143
0.336178 82.707453 10.757672
0.111075 82.838351 10.774249
-0.119394 82.971412 10.791191
-0.345307 83.100908 10.807768
-0.557294 83.221560 10.823297
-0.747659 83.329156 10.837218
-0.911167 83.420959 10.849157
-1.045403 83.495852 10.858943
-1.150637 83.554220 10.866606
-1.229327 83.597630 10.872328
-1.285371 83.628396 10.876399
-1.323329 83.649143 10.879154
-1.347733 83.662430 10.880924
-1.362605 83.670501 10.882001
-1.371212 83.675159 10.882624
-1.376027 83.677758 10.882973
-1.378859 83.679282 10.883178
-1.381082 83.680472 10.883338
-1.383920 83.681986 10.883543
-1.388751 83.684556 10.883892
-1.397396 83.689142 10.884515
-1.412354 83.697053 10.885593
-1.436934 83.710011 10.887362
-1.475232 83.730121 10.890117
-1.531892 83.759740 10.894188
-1.611621 83.801209 10.899911
-1.718508 83.856493 10.907573
-1.855218 83.926769 10.917360
-2.022221 84.012050 10.929298
-2.217249 84.110941 10.943220
-2.435124 84.220604 10.958748
-2.668076 84.336962 10.975325
-2.906520 84.455138 10.992267
-3.140191 84.570045 11.008845
-3.359404 84.677009 11.024373
-3.556209 84.772315 11.038294
-3.725211 84.853563 11.050233
-3.863926 84.919791 11.060020
-3.972651 84.971368 11.067682
-4.053935 85.009699 11.073404
-4.111818 85.036849 11.077476
-4.151015 85.055146 11.080230
-4.176212 85.066859 11.082000
-4.191566 85.073970 11.083078
-4.200451 85.078073 11.083701
-4.205422 85.080361 11.084049
-4.208345 85.081702 11.084254
-4.210639 85.082750 11.084415
-4.213567 85.084081 11.084620
-4.218551 85.086339 11.084968
-4.227470 85.090367 11.085592
-4.242899 85.097314 11.086669
-4.268251 85.108686 11.088439
-4.307749 85.126327 11.091194
-4.366173 85.152293 11.095265
-4.448371 85.188622 11.100987
-4.558550 85.237015 11.108649
-4.699441 85.298479 11.118436
-4.871517 85.372996 11.130375
-5.072424 85.459319 11.144296
-5.296816 85.554943 11.159825
-5.536678 85.656291 11.176402
-5.782138 85.759107 11.193344
-6.022626 85.858962 11.209921
-6.248182 85.951807 11.225449
-6.450635 86.034439 11.239371
-6.624450 86.104804 11.251309
-6.767087 86.162102 11.261096
-6.878864 86.206678 11.268758
-6.962415 86.239777 11.274481
-7.021904 86.263201 11.278552
-7.062183 86.278976 11.281307
-7.088072 86.289067 11.283076
-7.103846 86.295190 11.284154
-7.112973 86.298721 11.284777
-7.118079 86.300689 11.285126
-7.121081 86.301842 11.285331
-7.123437 86.302742 11.285491
-7.126443 86.303885 11.285696
-7.131561 86.305822 11.286045
-7.140717 86.309277 11.286668
-7.156556 86.315231 11.287746
-7.182578 86.324972 11.289515
-7.223115 86.340073 11.292270
-7.283068 86.362281 11.296341
-7.367405 86.393323 11.302064
-7.480431 86.434631 11.309726
-7.624937 86.487035 11.319513
-7.801393 86.550488 11.331451
-8.007370 86.623896 11.345372
-8.237375 86.705095 11.360901
-8.483183 86.791027 11.377478
-8.734669 86.878067 11.394420
-8.981006 86.962468 11.410997
-9.211997 87.040821 11.426526
-9.419283 87.110446 11.440447
-9.597211 87.169646 11.452386
-9.743194 87.217781 11.462172
-9.857573 87.255179 11.469835
-9.943056 87.282912 11.475557
-10.003911 87.302516 11.479628
-10.045109 87.315704 11.482383
-10.071586 87.324133 11.484153
-10.087717 87.329243 11.485230
-10.097049 87.332188 11.485854
-10.102270 87.333828 11.486202
-10.105339 87.334789 11.486407
-10.107747 87.335537 11.486568
-10.110820 87.336487 11.486772
-10.116050 87.338096 11.487121
-10.125407 87.340963 11.487744
-10.141591 87.345900 11.488822
-10.168179 87.353972 11.490592
-10.209592 87.366471 11.493346
-10.270833 87.384832 11.497417
-10.356969 87.410462 11.503140
-10.472388 87.444519 11.510802
-10.619926 87.487652 11.520589
-10.800051 87.539786 11.532528
-11.010270 87.599982 11.546449
-11.244962 87.666430 11.561977
-11.495724 87.736598 11.578555
-11.752225 87.807513 11.595496
-12.003419 87.876121 11.612074
-12.238914 87.939665 11.627602
-12.450199 87.996003 11.641523
-12.631523 88.043799 11.653462
-12.780265 88.082579 11.663249
-12.896786 88.112647 11.670911
-12.983856 88.134902 11.676633
-13.045831 88.150607 11.680705
-13.087783 88.161156 11.683459
-13.114741 88.167888 11.685229
-13.131163 88.171965 11.686307
-13.140664 88.174312 11.686930
-13.145978 88.175618 11.687278
-13.149102 88.176382 11.687483
-13.151553 88.176976 11.687644
-13.154680 88.177729 11.687849
-13.160001 88.179003 11.688197
-13.169521 88.181271 11.688821
-13.185986 88.185172 11.689898
-13.213033 88.191541 11.691668
-13.255155 88.201388 11.694423
-13.317437 88.215828 11.698494
-13.405025 88.235944 11.704216
-13.522371 88.262612 11.711878
-13.672348 88.296300 11.721665
-13.855417 88.336905 11.733604
-14.069030 88.383647 11.747525
-14.307464 88.435076 11.763054
-14.562173 88.489199 11.779631
-14.822654 88.543703 11.796573
-15.077694 88.596240 11.813150
-15.316745 88.644721 11.828678
-15.531178 88.687545 11.842600
-15.715168 88.723744 11.854538
-15.866071 88.753012 11.864325
-15.984264 88.775629 11.871987
-16.072570 88.792318 11.877710
-16.135416 88.804060 11.881781
-16.177953 88.811927 11.884536
-16.205284 88.816936 11.886305
-16.221932 88.819964 11.887383
-16.231562 88.821703 11.888006
-16.236948 88.822669 11.888355
-16.240114 88.823234 11.888560
-16.242598 88.823671 11.888720
-16.245766 88.824224 11.888925
-16.251158 88.825158 11.889274
-16.260802 88.826818 11.889897
-16.277482 88.829667 11.890975
-16.304878 88.834307 11.892744
-16.347539 88.841463 11.895499
-16.410612 88.851924 11.899570
-16.499300 88.866444 11.905293
-16.618101 88.885615 11.912955
-16.769913 88.909724 11.922742
-16.955188 88.938637 11.934680
-17.171336 88.971736 11.948602
-17.412552 89.007939 11.964130
-17.670180 89.045798 11.980707
-17.933594 89.083671 11.997649
-18.191453 89.119928 12.014226
-18.433097 89.153150 12.029755
-18.649814 89.182287 12.043676
-18.835730 89.206744 12.055615
-18.988185 89.226382 12.065402
-19.107575 89.241457 12.073064
-19.196761 89.252512 12.078786
-19.260226 89.260244 12.082857
-19.303176 89.265398 12.085612
-19.330769 89.268663 12.087382
-19.347576 89.270629 12.088459
-19.357297 89.271753 12.089083
-19.362733 89.272377 12.089431
-19.365929 89.272739 12.089636
-19.368435 89.273018 12.089797
-19.371632 89.273369 12.090002
-19.377073 89.273959 12.090350
-19.386803 89.275003 12.090973
-19.403629 89.276789 12.092051
-19.431264 89.279683 12.093821
-19.474294 89.284118 12.096575
-19.537903 89.290558 12.100647
-19.627334 89.299424 12.106369
-19.747111 89.311021 12.114031
-19.900147 89.325453 12.123818
-20.086883 89.342557 12.135757
-20.304695 89.361880 12.149678
-20.547721 89.382712 12.165206
-20.807231 89.404155 12.181784
-21.072517 89.425245 12.198725
-21.332156 89.445074 12.215303
-21.575421 89.462903 12.230831
-21.793550 89.478237 12.244752
-21.980643 89.490853 12.256691
-22.134036 89.500782 12.266478
-22.254142 89.508255 12.274140
-22.343850 89.513630 12.279863
-22.407677 89.517322 12.283934
-22.450867 89.519741 12.286688
-22.478613 89.521250 12.288458
-22.495510 89.522146 12.289536
-22.505283 89.522652 12.290159
-22.510748 89.522929 12.290508
-22.513960 89.523087 12.290712
-22.516479 89.523207 12.290873
-22.519692 89.523355 12.291078
-22.525158 89.523598 12.291426
-22.534935 89.524024 12.292050
-22.551841 89.524738 12.293127
-22.579604 89.525874 12.294897
-22.622829 89.527571 12.297652
-22.686718 89.529963 12.301723
-22.776531 89.533139 12.307445
-22.896803 89.537117 12.315108
-23.050445 89.541814 12.324894
-23.237890 89.547039 12.336833
-23.456489 89.552509 12.350754
-23.700347 89.557885 12.366283
-23.960695 89.562826 12.382860
-24.226785 89.567048 12.399802
-24.487159 89.570370 12.416379
-24.731064 89.572734 12.431908
-24.949727 89.574202 12.445829
-25.137243 89.574927 12.457767
-25.290957 89.575107 12.467554
-25.411295 89.574948 12.475216
-25.501164 89.574623 12.480939
-25.565097 89.574259 12.485010
-25.608353 89.573934 12.487765
-25.636138 89.573680 12.489534
-25.653058 89.573502 12.490612
-25.662844 89.573387 12.491235
-25.668315 89.573317 12.491584
-25.671531 89.573272 12.491789
-25.674052 89.573232 12.491949
-25.677268 89.573175 12.492154
-25.682739 89.573071 12.492503
-25.692524 89.572876 12.493126
-25.709441 89.572517 12.494204
-25.737220 89.571889 12.495973
-25.780465 89.570842 12.498728
-25.844377 89.569177 12.502799
-25.934211 89.566650 12.508522
-26.054493 89.562992 12.516184
-26.208124 89.557934 12.525971
-26.395523 89.551261 12.537909
-26.614029 89.542855 12.551831
-26.857737 89.532754 12.567359
-27.117874 89.521173 12.583936
-27.383695 89.508510 12.600878
-27.643756 89.495311 12.617455
-27.887321 89.482201 12.632984
-28.105636 89.469798 12.646905
-28.292821 89.458628 12.658844
-28.446237 89.449059 12.668631
-28.566322 89.441267 12.676293
-28.655989 89.435243 12.682015
-28.719770 89.430825 12.686086
-28.762919 89.427757 12.688841
-28.790632 89.425742 12.690611
-28.807507 89.424491 12.691688
-28.817265 89.423756 12.692312
-28.822721 89.423338 12.692660
-28.825928 89.423089 12.692865
-28.828442 89.422889 12.693026
-28.831647 89.422629 12.693231
-28.837101 89.422179 12.693579
-28.846853 89.421363 12.694202
-28.863713 89.419932 12.695280
-28.891396 89.417543 12.697050
-28.934488 89.413755 12.699804
-28.998166 89.408040 12.703876
-29.087658 89.399821 12.709598
-29.207466 89.388541 12.717260
-29.360468 89.373750 12.727047
-29.547066 89.355204 12.738986
-29.764599 89.332957 12.752907
-30.007175 89.307419 12.768435
-30.266054 89.279362 12.785013
-30.530538 89.249866 12.801955
-30.789237 89.220200 12.818532
-31.031480 89.191668 12.834060
-31.248569 89.165443 12.847982
-31.434669 89.142424 12.859920
-31.587169 89.123144 12.869707
-31.706519 89.107752 12.877369
-31.795623 89.096053 12.883092
-31.858995 89.087598 12.887163
-31.901863 89.081800 12.889918
-31.929392 89.078031 12.891687
-31.946153 89.075712 12.892765
-31.955846 89.074359 12.893388
-31.961264 89.073597 12.893737
-31.964449 89.073145 12.893942
-31.966945 89.072786 12.894102
-31.970127 89.072323 12.894307
-31.975541 89.071528 12.894656
-31.985222 89.070095 12.895279
-32.001957 89.067597 12.896356
-32.029434 89.063458 12.898126
-32.072198 89.056945 12.900881
-32.135386 89.047202 12.904952
-32.224176 89.033324 12.910674
-32.343028 89.014468 12.918337
-32.494783 88.990003 12.928123
-32.679829 88.959659 12.940062
-32.895513 88.923660 12.953983
-33.135982 88.882789 12.969512
-33.392560 88.838369 12.986089
-33.654640 88.792157 13.003031
-33.910937 88.746143 13.019608
-34.150883 88.702305 13.035137
-34.365871 88.662365 13.049058
-34.550136 88.627588 13.060997
-34.701107 88.598675 13.070783
-34.819240 88.575744 13.078446
-34.907422 88.558417 13.084168
-34.970131 88.545961 13.088239
-35.012545 88.537455 13.090994
-35.039780 88.531947 13.092764
-35.056360 88.528570 13.093841
-35.065947 88.526606 13.094464
-35.071306 88.525501 13.094813
-35.074456 88.524848 13.095018
-35.076924 88.524332 13.095178
-35.080071 88.523667 13.095383
-35.085423 88.522530 13.095732
-35.094994 88.520487 13.096355
-35.111537 88.516933 13.097433
-35.138695 88.511059 13.099202
-35.180961 88.501846 13.101957
-35.243403 88.488116 13.106028
-35.331135 88.468634 13.111751
-35.448551 88.442278 13.119413
-35.598449 88.408237 13.129200
-35.781198 88.366219 13.141138
-35.994165 88.316613 13.155060
-36.231557 88.260572 13.170588
-36.484801 88.199968 13.187165
-36.743423 88.137228 13.204107
-36.996286 88.075051 13.220685
-37.232968 88.016082 13.236213
-37.444990 87.962587 13.250134
-37.626678 87.916194 13.262073
-37.775511 87.877764 13.271860
-37.891952 87.847387 13.279522
-37.978858 87.824502 13.285244
-38.040651 87.808093 13.289316
-38.082439 87.796914 13.292070
-38.109270 87.789690 13.293840
-38.125603 87.785269 13.294918
-38.135046 87.782700 13.295541
-38.140325 87.781258 13.295889
-38.143426 87.780406 13.296094
-38.145857 87.779734 13.296255
-38.148955 87.778872 13.296460
-38.154225 87.777398 13.296808
-38.163646 87.774751 13.297432
-38.179931 87.770155 13.298509
-38.206662 87.762570 13.300279
-38.248258 87.750696 13.303034
-38.309704 87.733033 13.307105
-38.396023 87.708026 13.312827
-38.511532 87.674276 13.320489
-38.658968 87.630796 13.330276
-38.838685 87.577272 13.342215
-39.048076 87.514259 13.356136
-39.281436 87.443274 13.371665
-39.530327 87.366731 13.388242
-39.784449 87.287714 13.405184
-40.032859 87.209624 13.421761
-40.265324 87.135764 13.437289
-40.473527 87.068929 13.451211
-40.651907 87.011106 13.463149
-40.798003 86.963313 13.472936
-40.912283 86.925612 13.480598
-40.997562 86.897261 13.486321
-41.058190 86.876967 13.490392
-41.099185 86.863160 13.493147
-41.125504 86.854249 13.494916
-41.141523 86.848800 13.495994
-41.150785 86.845638 13.496617
-41.155961 86.843864 13.496966
-41.159002 86.842817 13.497171
-41.161385 86.841992 13.497331
-41.164423 86.840935 13.497536
-41.169588 86.839130 13.497885
-41.178823 86.835891 13.498508
-41.194783 86.830271 13.499586
-41.220980 86.821006 13.501355
-41.261739 86.806518 13.504110
-41.321941 86.784993 13.508181
-41.406500 86.754562 13.513904
-41.519635 86.713554 13.521566
-41.664018 86.660811 13.531353
-41.839978 86.595995 13.543291
-42.044951 86.519829 13.557212
-42.273339 86.434187 13.572741
-42.516874 86.342012 13.589318
-42.765472 86.247036 13.606260
-43.008430 86.153349 13.622837
-43.235743 86.064893 13.638366
-43.439287 85.984988 13.652287
-43.613641 85.915968 13.664226
-43.756411 85.859005 13.674012
-43.868070 85.814132 13.681675
-43.951380 85.780429 13.687397
-44.010598 85.756331 13.691468
-44.050635 85.739952 13.694223
-44.076336 85.729389 13.695993
-44.091977 85.722936 13.697070
-44.101019 85.719192 13.697694
-44.106073 85.717093 13.698042
-44.109042 85.715856 13.698247
-44.111367 85.714882 13.698408
-44.114332 85.713634 13.698612
-44.119372 85.711505 13.698961
-44.128383 85.707686 13.699584
-44.143955 85.701066 13.700662
-44.169511 85.690158 13.702432
-44.209269 85.673114 13.705186
-44.267984 85.647814 13.709257
-44.350444 85.612081 13.714980
-44.460750 85.563980 13.722642
-44.601497 85.502186 13.732429
-44.772992 85.426341 13.744368
-44.972721 85.337328 13.758289
-45.195218 85.237373 13.773817
-45.432417 85.129938 13.790395
-45.674491 85.019386 13.807336
-45.911017 84.910478 13.823914
-46.132262 84.807783 13.839442
-46.330329 84.715129 13.853363
-46.499954 84.635190 13.865302
-46.638824 84.569287 13.875089
-46.747412 84.517422 13.882751
-46.828416 84.478504 13.888473
-46.885987 84.450697 13.892545
-46.924905 84.431812 13.895299
-46.949883 84.419641 13.897069
-46.965084 84.412208 13.898147
-46.973871 84.407899 13.898770
-46.978781 84.405484 13.899118
-46.981665 84.404061 13.899323
-46.983924 84.402941 13.899484
-46.986804 84.401508 13.899689
-46.991699 84.399063 13.900037
-47.000450 84.394681 13.900661
-47.015570 84.387086 13.901738
-47.040383 84.374580 13.903508
-47.078980 84.355048 13.906263
-47.135972 84.326075 13.910334
-47.215999 84.285184 13.916056
-47.323033 84.230184 13.923718
-47.459577 84.159587 13.933505
-47.625916 84.073018 13.945444
-47.819598 83.971516 13.959365
-48.035307 83.857651 13.974894
-48.265215 83.735388 13.991471
-48.499790 83.609706 14.008413
-48.728932 83.486016 14.024990
-48.943218 83.369496 14.040518
-49.135010 83.264466 14.054440
-49.299224 83.173929 14.066378
-49.433635 83.099351 14.076165
-49.538714 83.040704 14.083827
-49.617087 82.996726 14.089550
-49.672778 82.965325 14.093621
-49.710420 82.944009 14.096376
-49.734576 82.930278 14.098145
-49.749275 82.921896 14.099223
-49.757771 82.917038 14.099846
-49.762518 82.914317 14.100195
-49.765306 82.912713 14.100400
-49.767490 82.911453 14.100560
-49.770272 82.909840 14.100765
-49.775003 82.907089 14.101114
-49.783458 82.902161 14.101737
-49.798066 82.893622 14.102815
-49.822036 82.879568 14.104584
-49.859316 82.857627 14.107339
-49.914356 82.825098 14.111410
-49.991629 82.779213 14.117133
-50.094959 82.717536 14.124795
-50.226750 82.638421 14.134582
-50.387264 82.541477 14.146520
-50.574119 82.427895 14.160442
-50.782171 82.300578 14.175970
-51.003861 82.163980 14.192547
-51.229993 82.023673 14.209489
-51.450829 81.885699 14.226066
-51.657294 81.755822 14.241595
-51.842038 81.638839 14.255516
-52.000179 81.538070 14.267455
-52.129589 81.455117 14.277242
-52.230737 81.389924 14.284904
-52.306163 81.341064 14.290626
-52.359751 81.306193 14.294697
-52.395965 81.282533 14.297452
-52.419202 81.267298 14.299222
-52.433339 81.258000 14.300299
-52.441509 81.252613 14.300923
-52.446075 81.249596 14.301271
-52.448755 81.247819 14.301476
-52.450855 81.246423 14.301637
-52.453529 81.244636 14.301842
-52.458076 81.241591 14.302190
-52.466201 81.236137 14.302813
-52.480239 81.226689 14.303891
-52.503269 81.211142 14.305661
-52.539083 81.186881 14.308415
-52.591949 81.150927 14.312487
-52.666156 81.100234 14.318209
-52.765366 81.032127 14.325871
-52.891874 80.944813 14.335658
-53.045916 80.837883 14.347597
-53.225190 80.712679 14.361518
-53.424749 80.572423 14.377046
-53.637330 80.422039 14.393624
-53.854107 80.267672 14.410565
-54.065748 80.115970 14.427143
-54.263560 79.973260 14.442671
-54.440512 79.844795 14.456592
-54.591943 79.734199 14.468531
-54.715832 79.643206 14.478318
-54.812642 79.571728 14.485980
-54.884817 79.518183 14.491703
-54.936085 79.479983 14.495774
-54.970725 79.454074 14.498528
-54.992949 79.437396 14.500298
-55.006469 79.427221 14.501376
-55.014281 79.421326 14.501999
-55.018645 79.418026 14.502348
-55.021208 79.416082 14.502552
-55.023215 79.414555 14.502713
-55.025771 79.412603 14.502918
-55.030115 79.409276 14.503266
-55.037878 79.403317 14.503890
-55.051288 79.392998 14.504967
-55.073285 79.376022 14.506737
-55.107488 79.349538 14.509492
-55.157968 79.310303 14.513563
-55.228810 79.255006 14.519285
-55.323501 79.180743 14.526948
-55.444217 79.085581 14.536734
-55.591167 78.969097 14.548673
-55.762139 78.832775 14.562594
-55.952401 78.680144 14.578123
-56.155015 78.516580 14.594700
-56.361565 78.348776 14.611642
-56.563159 78.183955 14.628219
-56.751521 78.028987 14.643748
-56.919970 77.889558 14.657669
-57.064081 77.769580 14.669607
-57.181949 77.670912 14.679394
-57.274031 77.593439 14.687056
-57.342665 77.535423 14.692779
-57.391407 77.494049 14.696850
-57.424334 77.465995 14.699605
-57.445456 77.447941 14.701374
-57.458302 77.436929 14.702452
-57.465725 77.430551 14.703075
-57.469871 77.426980 14.703424
-57.472306 77.424878 14.703629
-57.474211 77.423227 14.703789
-57.476638 77.421116 14.703994
-57.480763 77.417520 14.704343
-57.488132 77.411081 14.704966
-57.500861 77.399932 14.706044
-57.521737 77.381595 14.707813
-57.554192 77.352995 14.710568
-57.602081 77.310638 14.714639
-57.669274 77.250959 14.720362
-57.759063 77.170840 14.728024
-57.873501 77.068214 14.737811
-58.012767 76.942644 14.749749
-58.174749 76.795752 14.763671
-58.354947 76.631362 14.779199
-58.546780 76.455277 14.795776
-58.742272 76.274710 14.812718
-58.933005 76.097435 14.829295
-59.111160 75.930832 14.844824
-59.270426 75.781000 14.858745
-59.406638 75.652124 14.870684
-59.518011 75.546179 14.880471
-59.604993 75.463021 14.888133
-59.669810 75.400770 14.893855
-59.715829 75.356388 14.897926
-59.746911 75.326302 14.900681
-59.766845 75.306944 14.902451
-59.778968 75.295139 14.903528
-59.785971 75.288303 14.904152
-59.789882 75.284477 14.904500
-59.792178 75.282225 14.904705
-59.793975 75.280456 14.904866
-59.796264 75.278196 14.905071
-59.800152 75.274345 14.905419
-59.807098 75.267452 14.906042
-59.819094 75.255518 14.907120
-59.838765 75.235894 14.908890
-59.869341 75.205293 14.911644
-59.914447 75.159983 14.915716
-59.977719 75.096163 14.921438
-60.062247 75.010511 14.929100
-60.169945 74.900833 14.938887
-60.300966 74.766683 14.950826
-60.453306 74.609814 14.964747
-60.622715 74.434325 14.980275
-60.802994 74.246428 14.996853
-60.986639 74.053826 15.013795
-61.165746 73.864811 15.030372
-61.332975 73.687244 15.045900
-61.482418 73.527613 15.059822
-61.610182 73.390356 15.071760
-61.714611 73.277562 15.081547
-61.796144 73.189054 15.089209
-61.856881 73.122817 15.094932
-61.899993 73.075606 15.099003
-61.929104 73.043609 15.101758
-61.947770 73.023026 15.103527
-61.959120 73.010476 15.104605
-61.965675 73.003210 15.105228
-61.969336 72.999143 15.105577
-61.971485 72.996750 15.105782
-61.973166 72.994870 15.105942
-61.975307 72.992470 15.106147
-61.978943 72.988380 15.106496
-61.985438 72.981060 15.107119
-61.996652 72.968390 15.108196
-62.015039 72.947557 15.109966
-62.043612 72.915079 15.112721
-62.085754 72.867000 15.116792
-62.144851 72.799295 15.122514
-62.223776 72.708454 15.130177
-62.324302 72.592166 15.139963
-62.446551 72.449977 15.151902
-62.588635 72.283761 15.165823
-62.746572 72.097881 15.181352
-62.914571 71.898928 15.197929
-63.085631 71.695067 15.214871
-63.252389 71.495073 15.231448
-63.408019 71.307257 15.246977
-63.547037 71.138469 15.260898
-63.665838 70.993385 15.272837
-63.762903 70.874194 15.282623
-63.838659 70.780694 15.290286
-63.895073 70.710738 15.296008
-63.935104 70.660887 15.300079
-63.962127 70.627109 15.302834
-63.979450 70.605383 15.304604
-63.989981 70.592139 15.305681
-63.996062 70.584472 15.306304
-63.999457 70.580180 15.306653
-64.001450 70.577656 15.306858
-64.003009 70.575674 15.307018
-64.004993 70.573142 15.307223
-64.008362 70.568830 15.307572
-64.014380 70.561113 15.308195
-64.024768 70.547757 15.309273
-64.041797 70.525800 15.311042
-64.068253 70.491575 15.313797
-64.107260 70.440920 15.317868
-64.161944 70.369603 15.323591
-64.234949 70.273940 15.331253
-64.327896 70.151510 15.341040
-64.440881 70.001853 15.352978
-64.572137 69.826961 15.366900
-64.717967 69.631438 15.382428
-64.873009 69.422231 15.399005
-65.030795 69.207930 15.415947
-65.184533 68.997762 15.432525
-65.327938 68.800454 15.448053
-65.455970 68.623189 15.461974
-65.565331 68.470862 15.473913
-65.654641 68.345755 15.483700
-65.724314 68.247638 15.491362
-65.776177 68.174245 15.497084
-65.812966 68.121956 15.501156
-65.837792 68.086532 15.503910
-65.853703 68.063751 15.505680
-65.863372 68.049865 15.506758
-65.868955 68.041828 15.507381
-65.872071 68.037330 15.507729
-65.873900 68.034684 15.507934
-65.875330 68.032607 15.508095
-65.877149 68.029955 15.508300
-65.880238 68.025438 15.508648
-65.885754 68.017355 15.509272
-65.895275 68.003366 15.510349
-65.910877 67.980374 15.512119
-65.935108 67.944540 15.514874
-65.970825 67.891513 15.518945
-66.020875 67.816871 15.524667
-66.087666 67.716770 15.532329
-66.172661 67.588692 15.542116
-66.275927 67.432170 15.554055
-66.395826 67.249305 15.567976
-66.528962 67.044927 15.583505
-66.670422 66.826308 15.600082
-66.814299 66.602431 15.617024
-66.954398 66.382936 15.633601
-67.085000 66.176929 15.649129
-67.201532 65.991900 15.663051
-67.301011 65.832945 15.674989
-67.382206 65.702425 15.684776
-67.445516 65.600087 15.692438
-67.492620 65.523552 15.698161
-67.526019 65.469035 15.702232
-67.548548 65.432107 15.704987
-67.562981 65.408364 15.706756
-67.571751 65.393893 15.707834
-67.576812 65.385517 15.708457
-67.579637 65.380831 15.708806
-67.581295 65.378074 15.709011
-67.582590 65.375911 15.709171
-67.584237 65.373148 15.709376
-67.587034 65.368445 15.709725
-67.592026 65.360028 15.710348
-67.600640 65.345464 15.711426
-67.614752 65.321528 15.713195
-67.636662 65.284229 15.715950
-67.668944 65.229043 15.720021
-67.714159 65.151378 15.725744
-67.774467 65.047242 15.733406
-67.851167 64.914031 15.743193
-67.944298 64.751275 15.755131
-68.052358 64.561174 15.769052
-68.172263 64.348763 15.784581
-68.299573 64.121612 15.801158
-68.428962 63.889061 15.818100
-68.554857 63.661122 15.834677
-68.672130 63.447247 15.850206
-68.776692 63.255200 15.864127
-68.865889 63.090255 15.876066
-68.938643 62.954848 15.885852
-68.995335 62.848701 15.893515
-69.037490 62.769332 15.899237
-69.067363 62.712807 15.903308
-69.087505 62.674524 15.906063
-69.100404 62.649913 15.907833
-69.108238 62.634915 15.908910
-69.112758 62.626235 15.909534
-69.115280 62.621379 15.909882
-69.116759 62.618523 15.910087
-69.117914 62.616282 15.910248
-69.119383 62.613420 15.910452
-69.121876 62.608549 15.910801
-69.126324 62.599832 15.911424
-69.133997 62.584751 15.912502
-69.146563 62.559969 15.914272
-69.166063 62.521356 15.917026
-69.194780 62.464233 15.921097
-69.234978 62.383856 15.926820
-69.288559 62.276105 15.934482
-69.356657 62.138298 15.944269
-69.439278 61.969963 15.956208
-69.535063 61.773391 15.970129
-69.641255 61.553803 15.985657
-69.753902 61.319034 16.002235
-69.868280 61.078745 16.019176
-69.979465 60.843281 16.035754
-70.082938 60.622398 16.051282
-70.175109 60.424106 16.065203
-70.253665 60.253836 16.077142
-70.317685 60.114087 16.086929
-70.367529 60.004558 16.094591
-70.404566 59.922676 16.100313
-70.430794 59.864369 16.104385
-70.448468 59.824887 16.107139
-70.459779 59.799507 16.108909
-70.466646 59.784042 16.109987
-70.470607 59.775093 16.110610
-70.472816 59.770087 16.110958
-70.474111 59.767143 16.111163
-70.475122 59.764833 16.111324
-70.476406 59.761884 16.111529
-70.478585 59.756864 16.111877
-70.482471 59.747883 16.112501
-70.489172 59.732346 16.113578
-70.500141 59.706816 16.115348
-70.517153 59.667044 16.118103
-70.542188 59.608215 16.122174
-70.577208 59.525451 16.127896
-70.623848 59.414518 16.135558
-70.683068 59.272669 16.145345
-70.754846 59.099433 16.157284
-70.837971 58.897182 16.171205
-70.930022 58.671301 16.186734
-71.027552 58.429860 16.203311
-71.126460 58.182800 16.220253
-71.222487 57.940758 16.236830
-71.311742 57.713758 16.252358
-71.391151 57.510019 16.266280
-71.458750 57.335109 16.278218
-71.513777 57.191582 16.288005
-71.556575 57.079112 16.295667
-71.588344 56.995045 16.301390
-71.610821 56.935193 16.305461
-71.625955 56.894669 16.308216
-71.635634 56.868623 16.309985
-71.641506 56.852753 16.311063
-71.644891 56.843571 16.311686
-71.646778 56.838435 16.312035
-71.647884 56.835415 16.312240
-71.648746 56.833045 16.312400
-71.649841 56.830021 16.312605
-71.651697 56.824873 16.312954
-71.655006 56.815663 16.313577
-71.660708 56.799732 16.314655
-71.670035 56.773558 16.316424
-71.684491 56.732787 16.319179
-71.705745 56.672489 16.323250
-71.735445 56.587670 16.328973
-71.774954 56.474003 16.336635
-71.825059 56.328684 16.346422
-71.885705 56.151244 16.358360
-71.955835 55.944127 16.372282
-72.033375 55.712863 16.387810
-72.115395 55.465723 16.404387
-72.198435 55.212887 16.421329
-72.278917 54.965242 16.437906
-72.353595 54.733038 16.453435
-72.419922 54.524673 16.467356
-72.476292 54.345828 16.479295
-72.522105 54.199099 16.489082
-72.557683 54.084141 16.496744
-72.584056 53.998229 16.502466
-72.602692 53.937072 16.506537
-72.615225 53.895669 16.509292
-72.623233 53.869062 16.511062
-72.628087 53.852852 16.512139
-72.630883 53.843474 16.512763
-72.632440 53.838228 16.513111
-72.633352 53.835144 16.513316
-72.634062 53.832724 16.513477
-72.634963 53.829637 16.513682
-72.636489 53.824382 16.514030
-72.639207 53.814980 16.514653
-72.643887 53.798720 16.515731
-72.651536 53.772007 16.517501
-72.663376 53.730401 16.520255
-72.680763 53.668877 16.524327
-72.705024 53.582345 16.530049
-72.737245 53.466400 16.537711
-72.778032 53.318196 16.547498
-72.827301 53.137267 16.559437
-72.884154 52.926120 16.573358
-72.946870 52.690403 16.588886
-73.013051 52.438558 16.605464
-73.079887 52.180965 16.622405
-73.144501 51.928714 16.638983
-73.204301 51.692241 16.654511
-73.257280 51.480088 16.668432
-73.302193 51.298029 16.680371
-73.338608 51.148690 16.690158
-73.366823 51.031706 16.697820
-73.387694 50.944295 16.703543
-73.402414 50.882078 16.707614
-73.412296 50.839964 16.710368
-73.418600 50.812903 16.712138
-73.422416 50.796418 16.713216
-73.424611 50.786881 16.713839
-73.425833 50.781547 16.714188
-73.426547 50.778411 16.714392
-73.427103 50.775951 16.714553
-73.427806 50.772813 16.714758
-73.428995 50.767472 16.715106
-73.431111 50.757917 16.715730
-73.434751 50.741392 16.716807
-73.440690 50.714248 16.718577
-73.449868 50.671975 16.721332
-73.463317 50.609472 16.725403
-73.482041 50.521575 16.731125
-73.506844 50.403821 16.738788
-73.538149 50.253328 16.748574
-73.575844 50.069638 16.760513
-73.619190 49.855310 16.774434
-73.666830 49.616090 16.789963
-73.716905 49.360555 16.806540
-73.767269 49.099242 16.823482
-73.815754 48.843400 16.840059
-73.860436 48.603611 16.855588
-73.899852 48.388525 16.869509
-73.933127 48.203983 16.881447
-73.959997 48.052636 16.891234
-73.980737 47.934098 16.898896
-73.996022 47.845539 16.904619
-74.006766 47.782514 16.908690
-74.013957 47.739858 16.911445
-74.018532 47.712451 16.913214
-74.021294 47.695757 16.914292
-74.022881 47.686101 16.914915
-74.023762 47.680700 16.915264
-74.024275 47.677525 16.915469
-74.024674 47.675035 16.915629
-74.025176 47.671858 16.915834
-74.026025 47.666452 16.916183
-74.027531 47.656783 16.916806
-74.030115 47.640060 16.917884
-74.034320 47.612594 16.919653
-74.040798 47.569824 16.922408
-74.050257 47.506594 16.926479
-74.063368 47.417687 16.932202
-74.080652 47.298596 16.939864
-74.102349 47.146421 16.949651
-74.128319 46.960710 16.961589
-74.157984 46.744064 16.975511
-74.190356 46.502305 16.991039
-74.224123 46.244108 17.007616
-74.257812 45.980127 17.024558
-74.289973 45.721725 17.041135
-74.319356 45.479584 17.056664
-74.345051 45.262432 17.070585
-74.366556 45.076151 17.082524
-74.383772 44.923404 17.092311
-74.396952 44.803790 17.099973
-74.406589 44.714439 17.105695
-74.413314 44.650860 17.109766
-74.417785 44.607834 17.112521
-74.420613 44.580192 17.114291
-74.422311 44.563357 17.115368
-74.423282 44.553619 17.115992
-74.423818 44.548173 17.116340
-74.424130 44.544972 17.116545
-74.424370 44.542462 17.116706
-74.424670 44.539259 17.116911
-74.425173 44.533811 17.117259
-74.426063 44.524065 17.117882
-74.427582 44.507212 17.118960
-74.430036 44.479535 17.120730
-74.433789 44.436440 17.123484
-74.439218 44.372737 17.127556
-74.446664 44.283177 17.133278
-74.456360 44.163230 17.140940
-74.468362 44.009985 17.150727
-74.482500 43.823001 17.162666
-74.498366 43.604910 17.176587
-74.515339 43.361584 17.192115
-74.532662 43.101766 17.208693
-74.549540 42.836179 17.225635
-74.565248 42.576258 17.242212
-74.579214 42.332741 17.257740
-74.591085 42.114396 17.271662
-74.600732 41.927127 17.283600
-74.608226 41.773595 17.293387
-74.613792 41.653386 17.301049
-74.617744 41.563604 17.306772
-74.620423 41.499726 17.310843
-74.622156 41.456503 17.313598
-74.623224 41.428737 17.315367
-74.623852 41.411828 17.316445
-74.624203 41.402048 17.317068
-74.624393 41.396580 17.317417
-74.624501 41.393365 17.317622
-74.624581 41.390845 17.317782
-74.624677 41.387630 17.317987
-74.624834 41.382160 17.318336
-74.625104 41.372378 17.318959
-74.625550 41.355463 17.320036
-74.626245 41.327685 17.321806
-74.627257 41.284439 17.324561
-74.628634 41.220520 17.328632
-74.630385 41.130668 17.334354
-74.632454 41.010348 17.342017
-74.634713 40.856650 17.351803
-74.636963 40.669146 17.363742
-74.638965 40.450488 17.377663
-74.640471 40.206575 17.393192
-74.641280 39.946181 17.409769
-74.641280 39.680059 17.426711
-74.640471 39.419665 17.443288
-74.638965 39.175752 17.458817
-74.636963 38.957094 17.472738
-74.634713 38.769590 17.484677
-74.632454 38.615892 17.494463
-74.630385 38.495572 17.502126
-74.628634 38.405720 17.507848
-74.627257 38.341801 17.511919
-74.626245 38.298555 17.514674
-74.625550 38.270777 17.516444
-74.625104 38.253862 17.517521
-74.624834 38.244080 17.518144
-74.624677 38.238610 17.518493
-74.624581 38.235395 17.518698
-74.624501 38.232875 17.518858
-74.624393 38.229660 17.519063
-74.624203 38.224192 17.519412
-74.623852 38.214412 17.520035
-74.623224 38.197503 17.521113
-74.622156 38.169737 17.522882
-74.620423 38.126514 17.525637
-74.617744 38.062636 17.529708
-74.613792 37.972854 17.535431
-74.608226 37.852645 17.543093
-74.600732 37.699113 17.552880
-74.591085 37.511844 17.564818
-74.579214 37.293499 17.578740
-74.565248 37.049982 17.594268
-74.549540 36.790061 17.610845
-74.532662 36.524474 17.627787
-74.515339 36.264656 17.644365
-74.498366 36.021330 17.659893
-74.482500 35.803239 17.673814
-74.468362 35.616255 17.685753
-74.456360 35.463010 17.695540
-74.446664 35.343063 17.703202
-74.439218 35.253503 17.708924
-74.433789 35.189800 17.712996
-74.430036 35.146705 17.715750
-74.427582 35.119028 17.717520
-74.426063 35.102175 17.718598
-74.425173 35.092429 17.719221
-74.424670 35.086981 17.719569
-74.424370 35.083778 17.719774
-74.424130 35.081268 17.719935
-74.423818 35.078067 17.720140
-74.423282 35.072621 17.720488
-74.422311 35.062883 17.721112
-74.420613 35.046048 17.722189
-74.417785 35.018406 17.723959
-74.413314 34.975380 17.726714
-74.406589 34.911801 17.730785
-74.396952 34.822450 17.736507
-74.383772 34.702836 17.744169
-74.366556 34.550089 17.753956
-74.345051 34.363808 17.765895
-74.319356 34.146656 17.779816
-74.289973 33.904515 17.795345
-74.257812 33.646113 17.811922
-74.224123 33.382132 17.828864
-74.190356 33.123935 17.845441
-74.157984 32.882176 17.860969
-74.128319 32.665530 17.874891
-74.102349 32.479819 17.886829
-74.080652 32.327644 17.896616
-74.063368 32.208553 17.904278
-74.050257 32.119646 17.910001
-74.040798 32.056416 17.914072
-74.034320 32.013646 17.916827
-74.030115 31.986180 17.918596
-74.027531 31.969457 17.919674
-74.026025 31.959788 17.920297
-74.025176 31.954382 17.920646
-74.024674 31.951205 17.920851
-74.024275 31.948715 17.921011
-74.023762 31.945540 17.921216
-74.022881 31.940139 17.921565
-74.021294 31.930483 17.922188
-74.018532 31.913789 17.923266
-74.013957 31.886382 17.925035
-74.006766 31.843726 17.927790
-73.996022 31.780701 17.931861
-73.980737 31.692142 17.937584
-73.959997 31.573604 17.945246
-73.933127 31.422257 17.955033
-73.899852 31.237715 17.966971
-73.860436 31.022629 17.980892
-73.815754 30.782840 17.996421
-73.767269 30.526998 18.012998
-73.716905 30.265685 18.029940
-73.666830 30.010150 18.046517
-73.619190 29.770930 18.062046
-73.575844 29.556602 18.075967
-73.538149 29.372912 18.087906
-73.506844 29.222419 18.097692
-73.482041 29.104665 18.105355
-73.463317 29.016768 18.111077
-73.449868 28.954265 18.115148
-73.440690 28.911992 18.117903
-73.434751 28.884848 18.119673
-73.431111 28.868323 18.120750
-73.428995 28.858768 18.121374
-73.427806 28.853427 18.121722
-73.427103 28.850289 18.121927
-73.426547 28.847829 18.122088
-73.425833 28.844693 18.122292
-73.424611 28.839359 18.122641
-73.422416 28.829822 18.123264
-73.418600 28.813337 18.124342
-73.412296 28.786276 18.126112
-73.402414 28.744162 18.128866
-73.387694 28.681945 18.132937
-73.366823 28.594534 18.138660
-73.338608 28.477550 18.146322
-73.302193 28.328211 18.156109
-73.257280 28.146152 18.168048
-73.204301 27.933999 18.181969
-73.144501 27.697526 18.197497
-73.079887 27.445275 18.214075
-73.013051 27.187682 18.231016
-72.946870 26.935837 18.247594
-72.884154 26.700120 18.263122
-72.827301 26.488973 18.277043
-72.778032 26.308044 18.288982
-72.737245 26.159840 18.298769
-72.705024 26.043895 18.306431
-72.680763 25.957363 18.312153
-72.663376 25.895839 18.316225
-72.651536 25.854233 18.318979
-72.643887 25.827520 18.320749
-72.639207 25.811260 18.321827
-72.636489 25.801858 18.322450
-72.634963 25.796603 18.322798
-72.634062 25.793516 18.323003
-72.633352 25.791096 18.323164
-72.632440 25.788012 18.323369
-72.630883 25.782766 18.323717
-72.628087 25.773388 18.324341
-72.623233 25.757178 18.325418
-72.615225 25.730571 18.327188
-72.602692 25.689168 18.329943
-72.584056 25.628011 18.334014
-72.557683 25.542099 18.339736
-72.522105 25.427141 18.347398
-72.476292 25.280412 18.357185
-72.419922 25.101567 18.369124
-72.353595 24.893202 18.383045
-72.278917 24.660998 18.398574
-72.198435 24.413353 18.415151
-72.115395 24.160517 18.432093
-72.033375 23.913377 18.448670
-71.955835 23.682113 18.464198
-71.885705 23.474996 18.478120
-71.825059 23.297556 18.490058
-71.774954 23.152237 18.499845
-71.735445 23.038570 18.507507
-71.705745 22.953751 18.513230
-71.684491 22.893453 18.517301
-71.670035 22.852682 18.520056
-71.660708 22.826508 18.521825
-71.655006 22.810577 18.522903
-71.651697 22.801367 18.523526
-71.649841 22.796219 18.523875
-71.648746 22.793195 18.524080
-71.647884 22.790825 18.524240
-71.646778 22.787805 18.524445
-71.644891 22.782669 18.524794
-71.641506 22.773487 18.525417
-71.635634 22.757617 18.526495
-71.625955 22.731571 18.528264
-71.610821 22.691047 18.531019
-71.588344 22.631195 18.535090
-71.556575 22.547128 18.540813
-71.513777 22.434658 18.548475
-71.458750 22.291131 18.558262
-71.391151 22.116221 18.570200
-71.311742 21.912482 18.584122
-71.222487 21.685482 18.599650
-71.126460 21.443440 18.616227
-71.027552 21.196380 18.633169
-70.930022 20.954939 18.649746
-70.837971 20.729058 18.665275
-70.754846 20.526807 18.679196
-70.683068 20.353571 18.691135
-70.623848 20.211722 18.700922
-70.577208 20.100789 18.708584
-70.542188 20.018025 18.714306
-70.517153 19.959196 18.718377
-70.500141 19.919424 18.721132
-70.489172 19.893894 18.722902
-70.482471 19.878357 18.723979
-70.478585 19.869376 18.724603
-70.476406 19.864356 18.724951
-70.475122 19.861407 18.725156
-70.474111 19.859097 18.725317
-70.472816 19.856153 18.725522
-70.470607 19.851147 18.725870
-70.466646 19.842198 18.726493
-70.459779 19.826733 18.727571
-70.448468 19.801353 18.729341
-70.430794 19.761871 18.732095
-70.404566 19.703564 18.736167
-70.367529 19.621682 18.741889
-70.317685 19.512153 18.749551
-70.253665 19.372404 18.759338
-70.175109 19.202134 18.771277
-70.082938 19.003842 18.785198
-69.979465 18.782959 18.800726
-69.868280 18.547495 18.817304
-69.753902 18.307206 18.834245
-69.641255 18.072437 18.850823
-69.535063 17.852849 18.866351
-69.439278 17.656277 18.880272
-69.356657 17.487942 18.892211
-69.288559 17.350135 18.901998
-69.234978 17.242384 18.909660
-69.194780 17.162007 18.915383
-69.166063 17.104884 18.919454
-69.146563 17.066271 18.922208
-69.133997 17.041489 18.923978
-69.126324 17.026408 18.925056
-69.121876 17.017691 18.925679
-69.119383 17.012820 18.926028
-69.117914 17.009958 18.926232
-69.116759 17.007717 18.926393
-69.115280 17.004861 18.926598
-69.112758 17.000005 18.926946
-69.108238 16.991325 18.927570
-69.100404 16.976327 18.928647
-69.087505 16.951716 18.930417
-69.067363 16.913433 18.933172
-69.037490 16.856908 18.937243
-68.995335 16.777539 18.942965
-68.938643 16.671392 18.950628
-68.865889 16.535985 18.960414
-68.776692 16.371040 18.972353
-68.672130 16.178993 18.986274
-68.554857 15.965118 19.001803
-68.428962 15.737179 19.018380
-68.299573 15.504628 19.035322
-68.172263 15.277477 19.051899
-68.052358 15.065066 19.067428
-67.944298 14.874965 19.081349
-67.851167 14.712209 19.093287
-67.774467 14.578998 19.103074
-67.714159 14.474862 19.110736
-67.668944 14.397197 19.116459
-67.636662 14.342011 19.120530
-67.614752 14.304712 19.123285
-67.600640 14.280776 19.125054
-67.592026 14.266212 19.126132
-67.587034 14.257795 19.126755
-67.584237 14.253092 19.127104
-67.582590 14.250329 19.127309
-67.581295 14.248166 19.127469
-67.579637 14.245409 19.127674
-67.576812 14.240723 19.128023
-67.571751 14.232347 19.128646
-67.562981 14.217876 19.129724
-67.548548 14.194133 19.131493
-67.526019 14.157205 19.134248
-67.492620 14.102688 19.138319
-67.445516 14.026153 19.144042
-67.382206 13.923815 19.151704
-67.301011 13.793295 19.161491
-67.201532 13.634340 19.173429
-67.085000 13.449311 19.187351
-66.954398 13.243304 19.202879
-66.814299 13.023809 19.219456
-66.670422 12.799932 19.236398
-66.528962 12.581313 19.252975
-66.395826 12.376935 19.268504
-66.275927 12.194070 19.282425
-66.172661 12.037548 19.294364
-66.087666 11.909470 19.304151
-66.020875 11.809369 19.311813
-65.970825 11.734727 19.317535
-65.935108 11.681700 19.321606
-65.910877 11.645866 19.324361
-65.895275 11.622874 19.326131
-65.885754 11.608885 19.327208
-65.880238 11.600802 19.327832
-65.877149 11.596285 19.328180
-65.875330 11.593633 19.328385
-65.873900 11.591556 19.328546
-65.872071 11.588910 19.328751
-65.868955 11.584412 19.329099
-65.863372 11.576375 19.329722
-65.853703 11.562489 19.330800
-65.837792 11.539708 19.332570
-65.812966 11.504284 19.335324
-65.776177 11.451995 19.339396
-65.724314 11.378602 19.345118
-65.654641 11.280485 19.352780
-65.565331 11.155378 19.362567
-65.455970 11.003051 19.374506
-65.327938 10.825786 19.388427
-65.184533 10.628478 19.403955
-65.030795 10.418310 19.420533
-64.873009 10.204009 19.437475
-64.717967 9.994802 19.454052
-64.572137 9.799279 19.469580
-64.440881 9.624387 19.483502
-64.327896 9.474730 19.495440
-64.234949 9.352300 19.505227
-64.161944 9.256637 19.512889
-64.107260 9.185320 19.518612
-64.068253 9.134665 19.522683
-64.041797 9.100440 19.525438
-64.024768 9.078483 19.527207
-64.014380 9.065127 19.528285
-64.008362 9.057410 19.528908
-64.004993 9.053098 19.529257
-64.003009 9.050566 19.529462
-64.001450 9.048584 19.529622
-63.999457 9.046060 19.529827
-63.996062 9.041768 19.530176
-63.989981 9.034101 19.530799
-63.979450 9.020857 19.531876
-63.962127 8.999131 19.533646
-63.935104 8.965353 19.536401
-63.895073 8.915502 19.540472
-63.838659 8.845546 19.546194
-63.762903 8.752046 19.553857
-63.665838 8.632855 19.563643
-63.547037 8.487771 19.575582
-63.408019 8.318983 19.589503
-63.252389 8.131167 19.605032
-63.085631 7.931173 19.621609
-62.914571 7.727312 19.638551
-62.746572 7.528359 19.655128
-62.588635 7.342479 19.670657
-62.446551 7.176263 19.684578
-62.324302 7.034074 19.696517
-62.223776 6.917786 19.706303
-62.144851 6.826945 19.713966
-62.085754 6.759240 19.719688
-62.043612 6.711161 19.723759
-62.015039 6.678683 19.726514
-61.996652 6.657850 19.728284
-61.985438 6.645180 19.729361
-61.978943 6.637860 19.729984
-61.975307 6.633770 19.730333
-61.973166 6.631370 19.730538
-61.971485 6.629490 19.730698
-61.969336 6.627097 19.730903
-61.965675 6.623030 19.731252
-61.959120 6.615764 19.731875
-61.947770 6.603214 19.732953
-61.929104 6.582631 19.734722
-61.899993 6.550634 19.737477
-61.856881 6.503423 19.741548
-61.796144 6.437186 19.747271
-61.714611 6.348678 19.754933
-61.610182 6.235884 19.764720
-61.482418 6.098627 19.776658
-61.332975 5.938996 19.790580
-61.165746 5.761429 19.806108
-60.986639 5.572414 19.822685
-60.802994 5.379812 19.839627
-60.622715 5.191915 19.856205
-60.453306 5.016426 19.871733
-60.300966 4.859557 19.885654
-60.169945 4.725407 19.897593
-60.062247 4.615729 19.907380
-59.977719 4.530077 19.915042
-59.914447 4.466257 19.920764
-59.869341 4.420947 19.924836
-59.838765 4.390346 19.927590
-59.819094 4.370722 19.929360
-59.807098 4.358788 19.930438
-59.800152 4.351895 19.931061
-59.796264 4.348044 19.931409
-59.793975 4.345784 19.931614
-59.792178 4.344015 19.931775
-59.789882 4.341763 19.931980
-59.785971 4.337937 19.932328
-59.778968 4.331101 19.932952
-59.766845 4.319296 19.934029
-59.746911 4.299938 19.935799
-59.715829 4.269852 19.938554
-59.669810 4.225470 19.942625
-59.604993 4.163219 19.948347
-59.518011 4.080061 19.956009
-59.406638 3.974116 19.965796
-59.270426 3.845240 19.977735
-59.111160 3.695408 19.991656
-58.933005 3.528805 20.007185
-58.742272 3.351530 20.023762
-58.546780 3.170963 20.040704
-58.354947 2.994878 20.057281
-58.174749 2.830488 20.072809
-58.012767 2.683596 20.086731
-57.873501 2.558026 20.098669
-57.759063 2.455400 20.108456
-57.669274 2.375281 20.116118
-57.602081 2.315602 20.121841
-57.554192 2.273245 20.125912
-57.521737 2.244645 20.128667
-57.500861 2.226308 20.130436
-57.488132 2.215159 20.131514
-57.480763 2.208720 20.132137
-57.476638 2.205124 20.132486
-57.474211 2.203013 20.132691
-57.472306 2.201362 20.132851
-57.469871 2.199260 20.133056
-57.465725 2.195689 20.133405
-57.458302 2.189311 20.134028
-57.445456 2.178299 20.135106
-57.424334 2.160245 20.136875
-57.391407 2.132191 20.139630
-57.342665 2.090817 20.143701
-57.274031 2.032801 20.149424
-57.181949 1.955328 20.157086
-57.064081 1.856660 20.166873
-56.919970 1.736682 20.178811
-56.751521 1.597253 20.192732
-56.563159 1.442285 20.208261
-56.361565 1.277464 20.224838
-56.155015 1.109660 20.241780
-55.952401 0.946096 20.258357
-55.762139 0.793465 20.273886
-55.591167 0.657143 20.287807
-55.444217 0.540659 20.299746
-55.323501 0.445497 20.309532
-55.228810 0.371234 20.317195
-55.157968 0.315937 20.322917
-55.107488 0.276702 20.326988
-55.073285 0.250218 20.329743
-55.051288 0.233242 20.331513
-55.037878 0.222923 20.332590
-55.030115 0.216964 20.333214
-55.025771 0.213637 20.333562
-55.023215 0.211685 20.333767
-55.021208 0.210158 20.333928
-55.018645 0.208214 20.334132
-55.014281 0.204914 20.334481
-55.006469 0.199019 20.335104
-54.992949 0.188844 20.336182
-54.970725 0.172166 20.337952
-54.936085 0.146257 20.340706
-54.884817 0.108057 20.344777
-54.812642 0.054512 20.350500
-54.715832 -0.016966 20.358162
-54.591943 -0.107959 20.367949
-54.440512 -0.218555 20.379888
-54.263560 -0.347020 20.393809
-54.065748 -0.489730 20.409337
-53.854107 -0.641432 20.425915
-53.637330 -0.795799 20.442856
-53.424749 -0.946183 20.459434
-53.225190 -1.086439 20.474962
-53.045916 -1.211643 20.488883
-52.891874 -1.318573 20.500822
-52.765366 -1.405887 20.510609
-52.666156 -1.473994 20.518271
-52.591949 -1.524687 20.523993
-52.539083 -1.560641 20.528065
-52.503269 -1.584902 20.530819
-52.480239 -1.600449 20.532589
-52.466201 -1.609897 20.533667
-52.458076 -1.615351 20.534290
-52.453529 -1.618396 20.534638
-52.450855 -1.620183 20.534843
-52.448755 -1.621579 20.535004
-52.446075 -1.623356 20.535209
-52.441509 -1.626373 20.535557
-52.433339 -1.631760 20.536181
-52.419202 -1.641058 20.537258
-52.395965 -1.656293 20.539028
-52.359751 -1.679953 20.541783
-52.306163 -1.714824 20.545854
-52.230737 -1.763684 20.551576
-52.129589 -1.828877 20.559238
-52.000179 -1.911830 20.569025
-51.842038 -2.012599 20.580964
-51.657294 -2.129582 20.594885
-51.450829 -2.259459 20.610414
-51.229993 -2.397433 20.626991
-51.003861 -2.537740 20.643933
-50.782171 -2.674338 20.660510
-50.574119 -2.801655 20.676038
-50.387264 -2.915237 20.689960
-50.226750 -3.012181 20.701898
-50.094959 -3.091296 20.711685
-49.991629 -3.152973 20.719347
-49.914356 -3.198858 20.725070
-49.859316 -3.231387 20.729141
-49.822036 -3.253328 20.731896
-49.798066 -3.267382 20.733665
-49.783458 -3.275921 20.734743
-49.775003 -3.280849 20.735366
-49.770272 -3.283600 20.735715
-49.767490 -3.285213 20.735920
-49.765306 -3.286473 20.736080
-49.762518 -3.288077 20.736285
-49.757771 -3.290798 20.736634
-49.749275 -3.295656 20.737257
-49.734576 -3.304038 20.738335
-49.710420 -3.317769 20.740104
-49.672778 -3.339085 20.742859
-49.617087 -3.370486 20.746930
-49.538714 -3.414464 20.752653
-49.433635 -3.473111 20.760315
-49.299224 -3.547689 20.770102
-49.135010 -3.638226 20.782040
-48.943218 -3.743256 20.795962
-48.728932 -3.859776 20.811490
-48.499790 -3.983466 20.828067
-48.265215 -4.109148 20.845009
-48.035307 -4.231411 20.861586
-47.819598 -4.345276 20.877115
-47.625916 -4.446778 20.891036
-47.459577 -4.533347 20.902975
-47.323033 -4.603944 20.912762
-47.215999 -4.658944 20.920424
-47.135972 -4.699835 20.926146
-47.078980 -4.728808 20.930217
-47.040383 -4.748340 20.932972
-47.015570 -4.760846 20.934742
-47.000450 -4.768441 20.935819
-46.991699 -4.772823 20.936443
-46.986804 -4.775268 20.936791
-46.983924 -4.776701 20.936996
-46.981665 -4.777821 20.937157
-46.978781 -4.779244 20.937362
-46.973871 -4.781659 20.937710
-46.965084 -4.785968 20.938333
-46.949883 -4.793401 20.939411
-46.924905 -4.805572 20.941181
-46.885987 -4.824457 20.943935
-46.828416 -4.852264 20.948007
-46.747412 -4.891182 20.953729
-46.638824 -4.943047 20.961391
-46.499954 -5.008950 20.971178
-46.330329 -5.088889 20.983117
-46.132262 -5.181543 20.997038
-45.911017 -5.284238 21.012566
-45.674491 -5.393146 21.029144
-45.432417 -5.503698 21.046085
-45.195218 -5.611133 21.062663
-44.972721 -5.711088 21.078191
-44.772992 -5.800101 21.092112
-44.601497 -5.875946 21.104051
-44.460750 -5.937740 21.113838
-44.350444 -5.985841 21.121500
-44.267984 -6.021574 21.127223
-44.209269 -6.046874 21.131294
-44.169511 -6.063918 21.134048
-44.143955 -6.074826 21.135818
-44.128383 -6.081446 21.136896
-44.119372 -6.085265 21.137519
-44.114332 -6.087394 21.137868
-44.111367 -6.088642 21.138072
-44.109042 -6.089616 21.138233
-44.106073 -6.090853 21.138438
-44.101019 -6.092952 21.138786
-44.091977 -6.096696 21.139410
-44.076336 -6.103149 21.140487
-44.050635 -6.113712 21.142257
-44.010598 -6.130091 21.145012
-43.951380 -6.154189 21.149083
-43.868070 -6.187892 21.154805
-43.756411 -6.232765 21.162468
-43.613641 -6.289728 21.172254
-43.439287 -6.358748 21.184193
-43.235743 -6.438653 21.198114
-43.008430 -6.527109 21.213643
-42.765472 -6.620796 21.230220
-42.516874 -6.715772 21.247162
-42.273339 -6.807947 21.263739
-42.044951 -6.893589 21.279268
-41.839978 -6.969755 21.293189
-41.664018 -7.034571 21.305127
-41.519635 -7.087314 21.314914
-41.406500 -7.128322 21.322576
-41.321941 -7.158753 21.328299
-41.261739 -7.180278 21.332370
-41.220980 -7.194766 21.335125
-41.194783 -7.204031 21.336894
-41.178823 -7.209651 21.337972
-41.169588 -7.212890 21.338595
-41.164423 -7.214695 21.338944
-41.161385 -7.215752 21.339149
-41.159002 -7.216577 21.339309
-41.155961 -7.217624 21.339514
-41.150785 -7.219398 21.339863
-41.141523 -7.222560 21.340486
-41.125504 -7.228009 21.341564
-41.099185 -7.236920 21.343333
-41.058190 -7.250727 21.346088
-40.997562 -7.271021 21.350159
-40.912283 -7.299372 21.355882
-40.798003 -7.337073 21.363544
-40.651907 -7.384866 21.373331
-40.473527 -7.442689 21.385269
-40.265324 -7.509524 21.399191
-40.032859 -7.583384 21.414719
-39.784449 -7.661474 21.431296
-39.530327 -7.740491 21.448238
-39.281436 -7.817034 21.464815
-39.048076 -7.888019 21.480344
-38.838685 -7.951032 21.494265
-38.658968 -8.004556 21.506204
-38.511532 -8.048036 21.515991
-38.396023 -8.081786 21.523653
-38.309704 -8.106793 21.529375
-38.248258 -8.124456 21.533446
-38.206662 -8.136330 21.536201
-38.179931 -8.143915 21.537971
-38.163646 -8.148511 21.539048
-38.154225 -8.151158 21.539672
-38.148955 -8.152632 21.540020
-38.145857 -8.153494 21.540225
-38.143426 -8.154166 21.540386
-38.140325 -8.155018 21.540591
-38.135046 -8.156460 21.540939
-38.125603 -8.159029 21.541562
-38.109270 -8.163450 21.542640
-38.082439 -8.170674 21.544410
-38.040651 -8.181853 21.547164
-37.978858 -8.198262 21.551236
-37.891952 -8.221147 21.556958
-37.775511 -8.251524 21.564620
-37.626678 -8.289954 21.574407
-37.444990 -8.336347 21.586346
-37.232968 -8.389842 21.600267
-36.996286 -8.448811 21.615795
-36.743423 -8.510988 21.632373
-36.484801 -8.573728 21.649315
-36.231557 -8.634332 21.665892
-35.994165 -8.690373 21.681420
-35.781198 -8.739979 21.695342
-35.598449 -8.781997 21.707280
-35.448551 -8.816038 21.717067
-35.331135 -8.842394 21.724729
-35.243403 -8.861876 21.730452
-35.180961 -8.875606 21.734523
-35.138695 -8.884819 21.737278
-35.111537 -8.890693 21.739047
-35.094994 -8.894247 21.740125
-35.085423 -8.896290 21.740748
-35.080071 -8.897427 21.741097
-35.076924 -8.898092 21.741302
-35.074456 -8.898608 21.741462
-35.071306 -8.899261 21.741667
-35.065947 -8.900366 21.742016
-35.056360 -8.902330 21.742639
-35.039780 -8.905707 21.743716
-35.012545 -8.911215 21.745486
-34.970131 -8.919721 21.748241
-34.907422 -8.932177 21.752312
-34.819240 -8.949504 21.758034
-34.701107 -8.972435 21.765697
-34.550136 -9.001348 21.775483
-34.365871 -9.036125 21.787422
-34.150883 -9.076065 21.801343
-33.910937 -9.119903 21.816872
-33.654640 -9.165917 21.833449
-33.392560 -9.212129 21.850391
-33.135982 -9.256549 21.866968
-32.895513 -9.297420 21.882497
-32.679829 -9.333419 21.896418
-32.494783 -9.363763 21.908357
-32.343028 -9.388228 21.918143
-32.224176 -9.407084 21.925806
-32.135386 -9.420962 21.931528
-32.072198 -9.430705 21.935599
-32.029434 -9.437218 21.938354
-32.001957 -9.441357 21.940124
-31.985222 -9.443855 21.941201
-31.975541 -9.445288 21.941824
-31.970127 -9.446083 21.942173
-31.966945 -9.446546 21.942378
-31.964449 -9.446905 21.942538
-31.961264 -9.447357 21.942743
-31.955846 -9.448119 21.943092
-31.946153 -9.449472 21.943715
-31.929392 -9.451791 21.944793
-31.901863 -9.455560 21.946562
-31.858995 -9.461358 21.949317
-31.795623 -9.469813 21.953388
-31.706519 -9.481512 21.959111
-31.587169 -9.496904 21.966773
-31.434669 -9.516184 21.976560
-31.248569 -9.539203 21.988498
-31.031480 -9.565428 22.002420
-30.789237 -9.593960 22.017948
-30.530538 -9.623626 22.034525
-30.266054 -9.653122 22.051467
-30.007175 -9.681179 22.068045
-29.764599 -9.706717 22.083573
-29.547066 -9.728964 22.097494
-29.360468 -9.747510 22.109433
-29.207466 -9.762301 22.119220
-29.087658 -9.773581 22.126882
-28.998166 -9.781800 22.132604
-28.934488 -9.787515 22.136676
-28.891396 -9.791303 22.139430
-28.863713 -9.793692 22.141200
-28.846853 -9.795123 22.142278
-28.837101 -9.795939 22.142901
-28.831647 -9.796389 22.143249
-28.828442 -9.796649 22.143454
-28.825928 -9.796849 22.143615
-28.822721 -9.797098 22.143820
-28.817265 -9.797516 22.144168
-28.807507 -9.798251 22.144792
-28.790632 -9.799502 22.145869
-28.762919 -9.801517 22.147639
-28.719770 -9.804585 22.150394
-28.655989 -9.809003 22.154465
-28.566322 -9.815027 22.160187
-28.446237 -9.822819 22.167849
-28.292821 -9.832388 22.177636
-28.105636 -9.843558 22.189575
-27.887321 -9.855961 22.203496
-27.643756 -9.869071 22.219025
-27.383695 -9.882270 22.235602
-27.117874 -9.894933 22.252544
-26.857737 -9.906514 22.269121
-26.614029 -9.916615 22.284649
-26.395523 -9.925021 22.298571
-26.208124 -9.931694 22.310509
-26.054493 -9.936752 22.320296
-25.934211 -9.940410 22.327958
-25.844377 -9.942937 22.333681
-25.780465 -9.944602 22.337752
-25.737220 -9.945649 22.340507
-25.709441 -9.946277 22.342276
-25.692524 -9.946636 22.343354
-25.682739 -9.946831 22.343977
-25.677268 -9.946935 22.344326
-25.674052 -9.946992 22.344531
-25.671531 -9.947032 22.344691
-25.668315 -9.947077 22.344896
-25.662844 -9.947147 22.345245
-25.653058 -9.947262 22.345868
-25.636138 -9.947440 22.346946
-25.608353 -9.947694 22.348715
-25.565097 -9.948019 22.351470
-25.501164 -9.948383 22.355541
-25.411295 -9.948708 22.361264
-25.290957 -9.948867 22.368926
-25.137243 -9.948687 22.378713
-24.949727 -9.947962 22.390651
-24.731064 -9.946494 22.404572
-24.487159 -9.944130 22.420101
-24.226785 -9.940808 22.436678
-23.960695 -9.936586 22.453620
-23.700347 -9.931645 22.470197
-23.456489 -9.926269 22.485726
-23.237890 -9.920799 22.499647
-23.050445 -9.915574 22.511586
-22.896803 -9.910877 22.521372
-22.776531 -9.906899 22.529035
-22.686718 -9.903723 22.534757
-22.622829 -9.901331 22.538828
-22.579604 -9.899634 22.541583
-22.551841 -9.898498 22.543353
-22.534935 -9.897784 22.544430
-22.525158 -9.897358 22.545054
-22.519692 -9.897115 22.545402
-22.516479 -9.896967 22.545607
-22.513960 -9.896847 22.545768
-22.510748 -9.896689 22.545972
-22.505283 -9.896412 22.546321
-22.495510 -9.895906 22.546944
-22.478613 -9.895010 22.548022
-22.450867 -9.893501 22.549792
-22.407677 -9.891082 22.552546
-22.343850 -9.887390 22.556617
-22.254142 -9.882015 22.562340
-22.134036 -9.874542 22.570002
-21.980643 -9.864613 22.579789
-21.793550 -9.851997 22.591728
-21.575421 -9.836663 22.605649
-21.332156 -9.818834 22.621177
-21.072517 -9.799005 22.637755
-20.807231 -9.777915 22.654696
-20.547721 -9.756472 22.671274
-20.304695 -9.735640 22.686802
-20.086883 -9.716317 22.700723
-19.900147 -9.699213 22.712662
-19.747111 -9.684781 22.722449
-19.627334 -9.673184 22.730111
-19.537903 -9.664318 22.735833
-19.474294 -9.657878 22.739905
-19.431264 -9.653443 22.742659
-19.403629 -9.650549 22.744429
-19.386803 -9.648763 22.745507
-19.377073 -9.647719 22.746130
-19.371632 -9.647129 22.746478
-19.368435 -9.646778 22.746683
-19.365929 -9.646499 22.746844
-19.362733 -9.646137 22.747049
-19.357297 -9.645513 22.747397
-19.347576 -9.644389 22.748021
-19.330769 -9.642423 22.749098
-19.303176 -9.639158 22.750868
-19.260226 -9.634004 22.753623
-19.196761 -9.626272 22.757694
-19.107575 -9.615217 22.763416
-18.988185 -9.600142 22.771078
-18.835730 -9.580504 22.780865
-18.649814 -9.556047 22.792804
-18.433097 -9.526910 22.806725
-18.191453 -9.493688 22.822254
-17.933594 -9.457431 22.838831
-17.670180 -9.419558 22.855773
-17.412552 -9.381699 22.872350
-17.171336 -9.345496 22.887878
-16.955188 -9.312397 22.901800
-16.769913 -9.283484 22.913738
-16.618101 -9.259375 22.923525
-16.499300 -9.240204 22.931187
-16.410612 -9.225684 22.936910
-16.347539 -9.215223 22.940981
-16.304878 -9.208067 22.943736
-16.277482 -9.203427 22.945505
-16.260802 -9.200578 22.946583
-16.251158 -9.198918 22.947206
-16.245766 -9.197984 22.947555
-16.242598 -9.197431 22.947760
-16.240114 -9.196994 22.947920
-16.236948 -9.196429 22.948125
-16.231562 -9.195463 22.948474
-16.221932 -9.193724 22.949097
-16.205284 -9.190696 22.950175
-16.177953 -9.185687 22.951944
-16.135416 -9.177820 22.954699
-16.072570 -9.166078 22.958770
-15.984264 -9.149389 22.964493
-15.866071 -9.126772 22.972155
-15.715168 -9.097504 22.981942
-15.531178 -9.061305 22.993880
-15.316745 -9.018481 23.007802
-15.077694 -8.970000 23.023330
-14.822654 -8.917463 23.039907
-14.562173 -8.862959 23.056849
-14.307464 -8.808836 23.073426
-14.069030 -8.757407 23.088955
-13.855417 -8.710665 23.102876
-13.672348 -8.670060 23.114815
-13.522371 -8.636372 23.124602
-13.405025 -8.609704 23.132264
-13.317437 -8.589588 23.137986
-13.255155 -8.575148 23.142057
-13.213033 -8.565301 23.144812
-13.185986 -8.558932 23.146582
-13.169521 -8.555031 23.147659
-13.160001 -8.552763 23.148283
-13.154680 -8.551489 23.148631
-13.151553 -8.550736 23.148836
-13.149102 -8.550142 23.148997
-13.145978 -8.549378 23.149202
-13.140664 -8.548072 23.149550
-13.131163 -8.545725 23.150173
-13.114741 -8.541648 23.151251
-13.087783 -8.534916 23.153021
-13.045831 -8.524367 23.155775
-12.983856 -8.508662 23.159847
-12.896786 -8.486407 23.165569
-12.780265 -8.456339 23.173231
-12.631523 -8.417559 23.183018
-12.450199 -8.369763 23.194957
-12.238914 -8.313425 23.208878
-12.003419 -8.249881 23.224406
-11.752225 -8.181273 23.240984
-11.495724 -8.110358 23.257925
-11.244962 -8.040190 23.274503
-11.010270 -7.973742 23.290031
-10.800051 -7.913546 23.303952
-10.619926 -7.861412 23.315891
-10.472388 -7.818279 23.325678
-10.356969 -7.784222 23.333340
-10.270833 -7.758592 23.339063
-10.209592 -7.740231 23.343134
-10.168179 -7.727732 23.345888
-10.141591 -7.719660 23.347658
-10.125407 -7.714723 23.348736
-10.116050 -7.711856 23.349359
-10.110820 -7.710247 23.349708
-10.107747 -7.709297 23.349912
-10.105339 -7.708549 23.350073
-10.102270 -7.707588 23.350278
-10.097049 -7.705948 23.350626
-10.087717 -7.703003 23.351250
-10.071586 -7.697893 23.352327
-10.045109 -7.689464 23.354097
-10.003911 -7.676276 23.356852
-9.943056 -7.656672 23.360923
-9.857573 -7.628939 23.366645
-9.743194 -7.591541 23.374308
-9.597211 -7.543406 23.384094
-9.419283 -7.484206 23.396033
-9.211997 -7.414581 23.409954
-8.981006 -7.336228 23.425483
-8.734669 -7.251827 23.442060
-8.483183 -7.164787 23.459002
-8.237375 -7.078855 23.475579
-8.007370 -6.997656 23.491108
-7.801393 -6.924248 23.505029
-7.624937 -6.860795 23.516967
-7.480431 -6.808391 23.526754
-7.367405 -6.767083 23.534416
-7.283068 -6.736041 23.540139
-7.223115 -6.713833 23.544210
-7.182578 -6.698732 23.546965
-7.156556 -6.688991 23.548734
-7.140717 -6.683037 23.549812
-7.131561 -6.679582 23.550435
-7.126443 -6.677645 23.550784
-7.123437 -6.676502 23.550989
-7.121081 -6.675602 23.551149
-7.118079 -6.674449 23.551354
-7.112973 -6.672481 23.551703
-7.103846 -6.668950 23.552326
-7.088072 -6.662827 23.553404
-7.062183 -6.652736 23.555173
-7.021904 -6.636961 23.557928
-6.962415 -6.613537 23.561999
-6.878864 -6.580438 23.567722
-6.767087 -6.535862 23.575384
-6.624450 -6.478564 23.585171
-6.450635 -6.408199 23.597109
-6.248182 -6.325567 23.611031
-6.022626 -6.232722 23.626559
-5.782138 -6.132867 23.643136
-5.536678 -6.030051 23.660078
-5.296816 -5.928703 23.676655
-5.072424 -5.833079 23.692184
-4.871517 -5.746756 23.706105
-4.699441 -5.672239 23.718044
-4.558550 -5.610775 23.727831
-4.448371 -5.562382 23.735493
-4.366173 -5.526053 23.741215
-4.307749 -5.500087 23.745286
-4.268251 -5.482446 23.748041
-4.242899 -5.471074 23.749811
-4.227470 -5.464127 23.750888
-4.218551 -5.460099 23.751512
-4.213567 -5.457841 23.751860
-4.210639 -5.456510 23.752065
-4.208345 -5.455462 23.752226
-4.205422 -5.454121 23.752431
-4.200451 -5.451833 23.752779
-4.191566 -5.447730 23.753402
-4.176212 -5.440619 23.754480
-4.151015 -5.428906 23.756250
-4.111818 -5.410609 23.759004
-4.053935 -5.383459 23.763076
-3.972651 -5.345128 23.768798
-3.863926 -5.293551 23.776460
-3.725211 -5.227323 23.786247
-3.556209 -5.146075 23.798186
-3.359404 -5.050769 23.812107
-3.140191 -4.943805 23.827635
-2.906520 -4.828898 23.844213
-2.668076 -4.710722 23.861155
-2.435124 -4.594364 23.877732
-2.217249 -4.484701 23.893260
-2.022221 -4.385810 23.907182
-1.855218 -4.300529 23.919120
-1.718508 -4.230253 23.928907
-1.611621 -4.174969 23.936569
-1.531892 -4.133500 23.942292
-1.475232 -4.103881 23.946363
-1.436934 -4.083771 23.949118
-1.412354 -4.070813 23.950887
-1.397396 -4.062902 23.951965
-1.388751 -4.058316 23.952588
-1.383920 -4.055746 23.952937
-1.381082 -4.054232 23.953142
-1.378859 -4.053042 23.953302
-1.376027 -4.051518 23.953507
-1.371212 -4.048919 23.953856
-1.362605 -4.044261 23.954479
-1.347733 -4.036190 23.955556
-1.323329 -4.022903 23.957326
-1.285371 -4.002156 23.960081
-1.229327 -3.971390 23.964152
-1.150637 -3.927980 23.969874
-1.045403 -3.869612 23.977537
-0.911167 -3.794719 23.987323
-0.747659 -3.702916 23.999262
-0.557294 -3.595320 24.013183
-0.345307 -3.474668 24.028712
-0.119394 -3.345172 24.045289
0.111075 -3.212111 24.062231
0.336178 -3.081213 24.078808
0.546659 -2.957952 24.094337
0.735022 -2.846890 24.108258
0.896280 -2.751189 24.120197
1.028257 -2.672384 24.129983
1.131423 -2.610432 24.137646
1.208361 -2.563990 24.143368
1.263028 -2.530837 24.147439
1.299974 -2.508338 24.150194
1.323683 -2.493848 24.151964
1.338109 -2.485004 24.153041
1.346446 -2.479879 24.153664
1.351104 -2.477008 24.154013
1.353840 -2.475317 24.154218
1.355983 -2.473987 24.154378
1.358713 -2.472287 24.154583
1.363354 -2.469388 24.154932
1.371648 -2.464194 24.155555
1.385978 -2.455196 24.156633
1.409489 -2.440388 24.158402
1.446055 -2.417275 24.161157
1.500035 -2.383016 24.165228
1.575813 -2.334703 24.170951
1.677134 -2.269778 24.178613
1.806349 -2.186522 24.188400
1.963706 -2.084534 24.200338
2.146863 -1.965081 24.214260
2.350772 -1.831226 24.229788
2.568016 -1.687663 24.246365
2.789582 -1.540252 24.263307
3.005930 -1.395341 24.279885
3.208170 -1.258979 24.295413
3.389109 -1.136194 24.309334
3.543973 -1.030457 24.321273
3.670686 -0.943441 24.331060
3.769715 -0.875071 24.338722
3.843553 -0.823842 24.344444
3.896007 -0.787289 24.348516
3.931452 -0.762492 24.351270
3.954194 -0.746527 24.353040
3.968029 -0.736786 24.354118
3.976025 -0.731142 24.354741
3.980492 -0.727982 24.355089
3.983115 -0.726121 24.355294
3.985169 -0.724658 24.355455
3.987785 -0.722788 24.355660
3.992233 -0.719600 24.356008
4.000181 -0.713891 24.356632
4.013912 -0.704002 24.357709
4.036437 -0.687732 24.359479
4.071463 -0.662347 24.362234
4.123162 -0.624734 24.366305
4.195723 -0.571712 24.372027
4.292722 -0.500491 24.379689
4.416396 -0.409207 24.389476
4.566968 -0.297444 24.401415
4.742180 -0.166615 24.415336
4.937188 -0.020098 24.430865
5.144890 0.136955 24.447442
5.356661 0.298122 24.464384
5.563382 0.456463 24.480961
5.756566 0.605377 24.496489
5.929354 0.739391 24.510411
6.077200 0.854737 24.522349
6.198139 0.949615 24.532136
6.292632 1.024128 24.539798
6.363072 1.079937 24.545521
6.413102 1.119743 24.549592
6.446903 1.146738 24.552347
6.468587 1.164113 24.554116
6.481777 1.174713 24.555194
6.489398 1.180852 24.555817
6.493655 1.184289 24.556166
6.496155 1.186313 24.556371
6.498112 1.187903 24.556531
6.500605 1.189935 24.556736
6.504841 1.193399 24.557085
6.512411 1.199601 24.557708
6.525487 1.210340 24.558786
6.546935 1.228006 24.560555
6.580281 1.255561 24.563310
6.629490 1.296378 24.567381
6.698542 1.353895 24.573104
6.790829 1.431125 24.580766
6.908465 1.530068 24.590553
7.051645 1.651157 24.602491
7.218206 1.792835 24.616412
7.403529 1.951426 24.631941
7.600852 2.121335 24.648518
7.801974 2.295609 24.665460
7.998236 2.466742 24.682037
8.181587 2.627609 24.697566
8.345527 2.772312 24.711487
8.485760 2.896802 24.723426
8.600438 2.999160 24.733212
8.690015 3.079516 24.740875
8.756774 3.139680 24.746597
8.804178 3.182580 24.750668
8.836199 3.211664 24.753423
8.856737 3.230380 24.755193
8.869228 3.241794 24.756270
8.876444 3.248404 24.756894
8.880475 3.252105 24.757242
8.882842 3.254283 24.757447
8.884694 3.255994 24.757608
8.887053 3.258180 24.757812
8.891061 3.261905 24.758161
8.898223 3.268575 24.758784
8.910591 3.280122 24.759862
8.930875 3.299112 24.761632
8.962406 3.328727 24.764386
9.008927 3.372583 24.768457
9.074192 3.434364 24.774180
9.161395 3.517291 24.781842
9.272519 3.623497 24.791629
9.407731 3.753422 24.803568
9.564971 3.905379 24.817489
9.739863 4.075404 24.833017
9.926012 4.257487 24.849595
10.115676 4.444165 24.866536
10.300689 4.627402 24.883114
10.473468 4.799574 24.898642
10.627900 4.954384 24.912563
10.759955 5.087517 24.924502
10.867910 5.196942 24.934289
10.952210 5.282818 24.941951
11.015019 5.347095 24.947673
11.059607 5.392914 24.951745
11.089719 5.423971 24.954499
11.109028 5.443951 24.956269
11.120770 5.456135 24.957347
11.127553 5.463190 24.957970
11.131341 5.467138 24.958318
11.133565 5.469462 24.958523
11.135305 5.471287 24.958684
11.137520 5.473619 24.958889
11.141284 5.477591 24.959237
11.148008 5.484701 24.959861
11.159619 5.497010 24.960938
11.178658 5.517248 24.962708
11.208247 5.548803 24.965463
11.251893 5.595521 24.969534
11.313108 5.661317 24.975256
11.394876 5.749608 24.982918
11.499040 5.862648 24.992705
11.625739 6.000887 25.004644
11.773025 6.162511 25.018565
11.936781 6.343286 25.034094
12.111007 6.536809 25.050671
12.288450 6.735140 25.067613
12.461469 6.929743 25.084190
12.622980 7.112526 25.099718
12.767283 7.276819 25.113640
12.890627 7.418060 25.125578
12.991425 7.534111 25.135365
13.070109 7.625161 25.143027
13.128714 7.693292 25.148750
13.170307 7.741847 25.152821
13.198388 7.774751 25.155576
13.216392 7.795916 25.157345
13.227337 7.808820 25.158423
13.233659 7.816290 25.159046
13.237189 7.820471 25.159395
13.239261 7.822932 25.159600
13.240881 7.824863 25.159760
13.242944 7.827331 25.159965
13.246449 7.831533 25.160314
13.252708 7.839056 25.160937
13.263515 7.852076 25.162015
13.281232 7.873481 25.163784
13.308761 7.906849 25.166539
13.349356 7.956242 25.170610
13.406275 8.025787 25.176333
13.482278 8.119087 25.183995
13.579063 8.238505 25.193782
13.696740 8.384502 25.205720
13.833478 8.555142 25.219642
13.985439 8.745939 25.235170
14.147040 8.950122 25.251747
14.311546 9.159309 25.268689
14.471874 9.364493 25.285266
14.621467 9.557152 25.300795
14.755060 9.730266 25.314716
14.869198 9.879046 25.326655
14.962433 10.001256 25.336442
15.035183 10.097113 25.344104
15.089350 10.168824 25.349826
15.127779 10.219919 25.353897
15.153716 10.254538 25.356652
15.170341 10.276802 25.358422
15.180447 10.290374 25.359499
15.186282 10.298231 25.360123
15.189539 10.302627 25.360471
15.191451 10.305214 25.360676
15.192946 10.307245 25.360837
15.194848 10.309838 25.361042
15.198079 10.314254 25.361390
15.203849 10.322159 25.362013
15.213809 10.335838 25.363091
15.230132 10.358324 25.364861
15.255488 10.393371 25.367615
15.292869 10.445238 25.371687
15.345263 10.518254 25.377409
15.415196 10.616186 25.385071
15.504212 10.741503 25.394858
15.612392 10.894669 25.406797
15.738032 11.073638 25.420718
15.877586 11.273689 25.436246
16.025912 11.487710 25.452824
16.176819 11.706909 25.469765
16.323811 11.921849 25.486343
16.460884 12.123608 25.501871
16.583228 12.304846 25.515792
16.687700 12.460565 25.527731
16.772996 12.588443 25.537518
16.839520 12.688721 25.545180
16.889029 12.763723 25.550903
16.924141 12.817153 25.554974
16.947830 12.853348 25.557728
16.963010 12.876621 25.559498
16.972234 12.890807 25.560576
16.977559 12.899017 25.561199
16.980531 12.903612 25.561548
16.982275 12.906314 25.561752
16.983638 12.908436 25.561913
16.985372 12.911145 25.562118
16.988316 12.915757 25.562466
16.993573 12.924011 25.563090
17.002645 12.938295 25.564167
17.017510 12.961771 25.565937
17.040592 12.998355 25.568692
17.074608 13.052489 25.572763
17.122265 13.128681 25.578485
17.185846 13.230851 25.586148
17.266735 13.361561 25.595934
17.364983 13.521281 25.607873
17.479019 13.707858 25.621794
17.605604 13.916357 25.637323
17.740057 14.139355 25.653900
17.876758 14.367684 25.670842
18.009822 14.591513 25.687419
18.133822 14.801560 25.702948
18.244425 14.990193 25.716869
18.338811 15.152224 25.728807
18.415824 15.285255 25.738594
18.475855 15.389550 25.746256
18.520507 15.467541 25.751979
18.552159 15.523090 25.756050
18.573505 15.560714 25.758805
18.587178 15.584904 25.760574
18.595484 15.599646 25.761652
18.600277 15.608178 25.762275
18.602952 15.612951 25.762624
18.604521 15.615759 25.762829
18.605747 15.617963 25.762989
18.607306 15.620776 25.763194
18.609952 15.625566 25.763543
18.614674 15.634137 25.764166
18.622822 15.648967 25.765244
18.636168 15.673338 25.767013
18.656883 15.711313 25.769768
18.687398 15.767496 25.773839
18.730126 15.846557 25.779562
18.787099 15.952553 25.787224
18.859535 16.088131 25.797011
18.947455 16.253760 25.808949
19.049428 16.447194 25.822871
19.162534 16.663302 25.838399
19.282573 16.894378 25.854976
19.404518 17.130918 25.871918
19.523118 17.362736 25.888495
19.633546 17.580224 25.904024
19.731962 17.775492 25.917945
19.815881 17.943184 25.929884
19.884302 18.080831 25.939671
19.937597 18.188724 25.947333
19.977214 18.269390 25.953055
20.005278 18.326835 25.957126
20.024196 18.365737 25.959881
20.036307 18.390745 25.961651
20.043661 18.405984 25.962728
20.047903 18.414803 25.963352
20.050270 18.419736 25.963700
20.051658 18.422638 25.963905
20.052741 18.424915 25.964066
20.054119 18.427821 25.964271
20.056455 18.432769 25.964619
20.060625 18.441623 25.965242
20.067816 18.456940 25.966320
20.079589 18.482108 25.968090
20.097854 18.521321 25.970844
20.124744 18.579325 25.974916
20.162372 18.660937 25.980638
20.212507 18.770334 25.988300
20.276198 18.910232 25.998087
20.353436 19.081104 26.010026
20.442936 19.280617 26.023947
20.542108 19.503463 26.039475
20.647250 19.741688 26.056053
20.753947 19.985485 26.072995
20.857605 20.224359 26.089572
20.954017 20.448413 26.105100
21.039850 20.649530 26.119022
21.112965 20.822206 26.130960
21.172518 20.963916 26.140747
21.218863 21.074971 26.148409
21.253283 21.157987 26.154132
21.277648 21.217097 26.158203
21.294060 21.257120 26.160958
21.304560 21.282846 26.162727
21.310933 21.298521 26.163805
21.314608 21.307591 26.164428
21.316657 21.312665 26.164777
21.317857 21.315649 26.164982
21.318795 21.317990 26.165142
21.319985 21.320978 26.165347
21.322003 21.326064 26.165696
21.325603 21.335164 26.166319
21.331807 21.350906 26.167396
21.341960 21.376771 26.169166
21.357702 21.417063 26.171921
21.380859 21.476656 26.175992
21.413235 21.560490 26.181714
21.456331 21.672847 26.189377
21.511021 21.816503 26.199163
21.577266 21.991929 26.211102
21.653932 22.196716 26.225023
21.738770 22.425404 26.240552
21.828591 22.669817 26.257129
21.919611 22.919891 26.274071
22.007910 23.164858 26.290648
22.089917 23.394576 26.306177
22.162822 23.600732 26.320098
22.224838 23.777698 26.332037
22.275283 23.922899 26.341823
22.314491 24.036671 26.349486
22.343577 24.121703 26.355208
22.364144 24.182238 26.359279
22.377984 24.223222 26.362034
22.386832 24.249562 26.363804
22.392198 24.265610 26.364881
22.395290 24.274895 26.365504
22.397013 24.280088 26.365853
22.398022 24.283142 26.366058
22.398809 24.285538 26.366218
22.399807 24.288595 26.366423
22.401499 24.293799 26.366772
22.404514 24.303109 26.367395
22.409708 24.319213 26.368473
22.418200 24.345670 26.370242
22.431354 24.386879 26.372997
22.450684 24.447821 26.377068
22.477679 24.533540 26.382791
22.513562 24.648403 26.390453
22.559030 24.795239 26.400240
22.614016 24.974514 26.412178
22.677539 25.183751 26.426100
22.747702 25.417359 26.441628
22.821841 25.666977 26.458205
22.896816 25.922320 26.475147
22.969401 26.172394 26.491725
23.036674 26.406851 26.507253
23.096357 26.617216 26.521174
23.147023 26.797759 26.533113
23.188158 26.945867 26.542900
23.220071 27.061896 26.550562
23.243705 27.148602 26.556284
23.260391 27.210320 26.560356
23.271604 27.252099 26.563110
23.278764 27.278947 26.564880
23.283101 27.295303 26.565958
23.285598 27.304765 26.566581
23.286988 27.310058 26.566929
23.287802 27.313169 26.567134
23.288435 27.315610 26.567295
23.289237 27.318725 26.567500
23.290595 27.324026 26.567848
23.293014 27.333508 26.568472
23.297176 27.349909 26.569549
23.303973 27.376851 26.571319
23.314487 27.418812 26.574074
23.329913 27.480857 26.578145
23.351417 27.568115 26.583867
23.379943 27.685023 26.591529
23.416007 27.834447 26.601316
23.459511 28.016849 26.613255
23.509636 28.229693 26.627176
23.564842 28.467281 26.642705
23.622999 28.721099 26.659282
23.681629 28.980683 26.676224
23.738206 29.234857 26.692801
23.790474 29.473109 26.708329
23.836694 29.686835 26.722251
23.875808 29.870228 26.734189
23.907466 30.020647 26.743976
23.931956 30.138467 26.751638
23.950044 30.226497 26.757361
23.962782 30.289149 26.761432
23.971322 30.331555 26.764187
23.976765 30.358803 26.765956
23.980056 30.375401 26.767034
23.981947 30.385003 26.767657
23.982999 30.390373 26.768006
23.983614 30.393530 26.768211
23.984091 30.396006 26.768371
23.984694 30.399165 26.768576
23.985713 30.404541 26.768925
23.987525 30.414158 26.769548
23.990639 30.430790 26.770626
23.995714 30.458109 26.772395
24.003546 30.500652 26.775150
24.015005 30.563550 26.779221
24.030931 30.651997 26.784944
24.051985 30.770479 26.792606
24.078499 30.921889 26.802393
24.110347 31.106683 26.814331
24.146872 31.322278 26.828252
24.186898 31.562889 26.843781
24.228840 31.819884 26.860358
24.270887 32.082664 26.877300
24.311230 32.339915 26.893877
24.348282 32.581002 26.909406
24.380854 32.797229 26.923327
24.408258 32.982734 26.935266
24.430312 33.134858 26.945052
24.447280 33.253994 26.952715
24.459748 33.342993 26.958437
24.468486 33.406327 26.962508
24.474320 33.449190 26.965263
24.478023 33.476728 26.967033
24.480255 33.493501 26.968110
24.481534 33.503204 26.968734
24.482243 33.508630 26.969082
24.482656 33.511819 26.969287
24.482975 33.514321 26.969448
24.483377 33.517512 26.969652
24.484053 33.522942 26.970001
24.485252 33.532654 26.970624
24.487304 33.549450 26.971702
24.490636 33.577036 26.973472
24.495754 33.619990 26.976226
24.503201 33.683489 26.980297
24.513485 33.772767 26.986020
24.526982 33.892346 26.993682
24.543840 34.045133 27.003469
24.563904 34.231574 27.015408
24.586681 34.449052 27.029329
24.611366 34.691717 27.044857
24.636924 34.950855 27.061435
24.662220 35.215773 27.078376
24.686166 35.475064 27.094954
24.707852 35.718016 27.110482
24.726645 35.935874 27.124403
24.742228 36.122743 27.136342
24.754590 36.275960 27.146129
24.763967 36.395932 27.153791
24.770765 36.485543 27.159513
24.775469 36.549304 27.163585
24.778573 36.592450 27.166339
24.780522 36.620168 27.168109
24.781686 36.637049 27.169187
24.782348 36.646815 27.169810
24.782716 36.652282 27.170159
24.782941 36.655518 27.170364
24.783149 36.658113 27.170527
24.783477 36.661540 27.170737
24.784134 36.667547 27.171099
24.785461 36.678561 27.171753
24.788008 36.698061 27.172895
24.792599 36.730832 27.174789
24.800346 36.782970 27.177765
24.812569 36.861520 27.182200
24.830578 36.973634 27.188475
24.855315 37.125269 27.196915
24.886911 37.319616 27.207710
24.924281 37.555607 27.220852
24.964935 37.826988 27.236081
25.005133 38.122356 27.252886
25.040454 38.426374 27.270545
25.066663 38.721991 27.288220
25.080651 38.993181 27.305066
25.081172 39.227490 27.320359
25.069102 39.417736 27.333579
25.047177 39.562480 27.344461
25.019274 39.665266 27.352990
24.989503 39.733022 27.359352
24.961382 39.774148 27.363869
24.937306 39.796838 27.366921
24.918399 39.807959 27.368881
24.904691 39.812571 27.370078
24.895475 39.813969 27.370772
24.889685 39.814033 27.371155
24.886196 39.813662 27.371358
24.883951 39.813142 27.371470
24.881943 39.812368 27.371545
24.879034 39.810885 27.371623
24.873650 39.807765 27.371733
24.863372 39.801302 27.371895
24.844462 39.788564 27.372113
24.811417 39.764880 27.372368
24.756690 39.723390 27.372596
24.670810 39.654916 27.372685
24.543088 39.548410 27.372474
24.363045 39.392203 27.371784
24.122467 39.176050 27.370460
23.817734 38.893692 27.368436
23.451824 38.545305 27.365789
23.035316 38.139079 27.362757
22.585891 37.691241 27.359716
22.126207 37.224269 27.357108
21.680540 36.763565 27.355336
21.271021 36.333410 27.354662
20.914397 35.953227 27.355150
20.620108 35.635108 27.356653
20.390010 35.383072 27.358866
20.219568 35.193992 27.361417
20.099972 35.059665 27.363949
20.020485 34.969299 27.366196
19.970453 34.911735 27.368009
19.940631 34.877015 27.369351
19.923794 34.857183 27.370269
19.914769 34.846428 27.370854
19.910114 34.840811 27.371210
19.907655 34.837788 27.371440
19.906030 34.835712 27.371644
19.904315 34.833396 27.371932
19.901784 34.829793 27.372455
19.897796 34.823801 27.373435
19.891850 34.814229 27.375212
19.883798 34.799924 27.378276
19.874172 34.780061 27.383295
19.864563 34.754521 27.391108
19.857873 34.724250 27.402674
19.858286 34.691451 27.418964
19.870807 34.659447 27.440800
19.900379 34.632184 27.468661
19.950718 34.613440 27.502509
20.023198 34.605945 27.541664
20.116135 34.610703 27.584798
20.224770 34.626727 27.630050
20.341989 34.651298 27.675265
20.459632 34.680656 27.718291
20.569983 34.710880 27.757283
20.667047 34.738690 27.790930
20.747292 34.761947 27.818570
20.809747 34.779774 27.840178
20.855565 34.792349 27.856245
20.887273 34.800522 27.867599
20.907986 34.805416 27.875219
20.920762 34.808107 27.880068
20.928206 34.809460 27.882992
20.932317 34.810078 27.884667
20.934504 34.810329 27.885594
20.935714 34.810412 27.886132
20.936595 34.810420 27.886548
20.937663 34.810383 27.887074
20.939453 34.810295 27.887967
20.942646 34.810128 27.889563
20.948165 34.809832 27.892322
20.957226 34.809337 27.896853
20.971332 34.808547 27.903906
20.992180 34.807351 27.914330
21.021483 34.805623 27.928981
21.060718 34.803240 27.948599
21.110834 34.800101 27.973657
21.171967 34.796148 28.004224
21.243254 34.791385 28.039867
21.322771 34.785896 28.079625
21.407658 34.779844 28.122069
21.494411 34.773461 28.165446
21.579298 34.767022 28.207889
21.658815 34.760815 28.247647
21.730102 34.755099 28.283291
21.791235 34.750072 28.313858
21.841351 34.745856 28.338915
21.880586 34.742487 28.358533
21.909889 34.739924 28.373185
21.930737 34.738071 28.383608
21.944843 34.736799 28.390661
21.953904 34.735972 28.395192
21.959423 34.735464 28.397951
21.962614 34.735167 28.399547
21.964399 34.734999 28.400440
21.965448 34.734900 28.400964
21.966271 34.734821 28.401375
21.967320 34.734720 28.401900
21.969104 34.734545 28.402792
21.972296 34.734229 28.404388
21.977814 34.733679 28.407147
21.986876 34.732767 28.411678
22.000982 34.731330 28.418731
22.021830 34.729179 28.429155
22.051132 34.726112 28.443806
22.090368 34.721942 28.463424
22.140483 34.716527 28.488482
22.201617 34.709806 28.519049
22.272904 34.701828 28.554692
22.352420 34.692766 28.594450
22.437307 34.682914 28.636894
22.524061 34.672662 28.680270
22.608948 34.662454 28.722714
22.688464 34.652729 28.762472
22.759751 34.643870 28.798116
22.820885 34.636159 28.828683
22.871000 34.629750 28.853740
22.910236 34.624669 28.873358
22.939539 34.620831 28.888009
22.960386 34.618074 28.898433
22.974492 34.616192 28.905486
22.983554 34.614974 28.910017
22.989072 34.614227 28.912776
22.992264 34.613793 28.914372
22.994049 34.613549 28.915264
22.995098 34.613405 28.915789
22.995920 34.613291 28.916200
22.996969 34.613144 28.916725
22.998754 34.612893 28.917617
23.001946 34.612442 28.919213
23.007464 34.611657 28.921972
23.016526 34.610360 28.926503
23.030632 34.608326 28.933556
23.051479 34.605294 28.943980
23.080782 34.600993 28.958631
23.120017 34.595176 28.978249
23.170133 34.587663 29.003306
23.231267 34.578393 29.033873
23.302554 34.567454 29.069517
23.382070 34.555103 29.109275
23.466957 34.541753 29.151718
23.553711 34.527943 29.195095
23.638598 34.514267 29.237539
23.718114 34.501308 29.277297
23.789401 34.489561 29.312940
23.850535 34.479383 29.343507
23.900650 34.470960 29.368565
23.939886 34.464308 29.388183
23.969188 34.459300 29.402834
23.990036 34.455713 29.413258
24.004142 34.453270 29.420311
24.013203 34.451693 29.424842
24.018722 34.450728 29.427601
24.021914 34.450168 29.429197
24.023698 34.449854 29.430089
24.024747 34.449669 29.430614
24.025570 34.449522 29.431025
24.026619 34.449335 29.431549
24.028404 34.449014 29.432442
24.031595 34.448438 29.434038
24.037114 34.447439 29.436797
24.046175 34.445790 29.441328
24.060281 34.443209 29.448381
24.081129 34.439371 29.458804
24.110432 34.433940 29.473456
24.149667 34.426615 29.493074
24.199783 34.417184 29.518131
24.260916 34.405583 29.548698
24.332203 34.391937 29.584342
24.411720 34.376579 29.624100
24.496607 34.360036 29.666543
24.583360 34.342976 29.709920
24.668247 34.326136 29.752364
24.747764 34.310226 29.792122
24.819050 34.295846 29.827765
24.880184 34.283419 29.858332
24.930300 34.273160 29.883390
24.969535 34.265076 29.903008
24.998838 34.259003 29.917659
25.019686 34.254660 29.928083
25.033792 34.251708 29.935136
25.042853 34.249804 29.939667
25.048371 34.248641 29.942426
25.051563 34.247966 29.944022
25.053348 34.247588 29.944914
25.054397 34.247365 29.945439
25.055220 34.247189 29.945850
25.056269 34.246964 29.946374
25.058053 34.246580 29.947267
25.061245 34.245892 29.948863
25.066763 34.244697 29.951622
25.075825 34.242728 29.956152
25.089931 34.239650 29.963206
25.110779 34.235081 29.973629
25.140081 34.228625 29.988281
25.179317 34.219932 30.007898
25.229432 34.208762 30.032956
25.290566 34.195048 30.063523
25.361853 34.178949 30.099166
25.441369 34.160869 30.138925
25.526256 34.141434 30.181368
25.613010 34.121435 30.224745
25.697897 34.101732 30.267188
25.777413 34.083155 30.306947
25.848700 34.066396 30.342590
25.909834 34.051939 30.373157
25.959949 34.040023 30.398215
25.999185 34.030648 30.417832
26.028488 34.023614 30.432484
26.049335 34.018590 30.442908
26.063441 34.015178 30.449961
26.072503 34.012980 30.454491
26.078021 34.011638 30.457251
26.081213 34.010860 30.458846
26.082998 34.010424 30.459739
26.084047 34.010167 30.460263
26.084869 34.009965 30.460675
26.085918 34.009707 30.461199
26.087703 34.009265 30.462092
26.090895 34.008475 30.463687
26.096413 34.007105 30.466447
26.105475 34.004848 30.470977
26.119581 34.001324 30.478030
26.140428 33.996098 30.488454
26.169731 33.988721 30.503105
26.208966 33.978801 30.522723
26.259082 33.966069 30.547781
26.320216 33.950460 30.578348
26.391502 33.932164 30.613991
26.471019 33.911645 30.653749
26.555906 33.889621 30.696193
26.642660 33.866991 30.739570
26.727547 33.844730 30.782013
26.807063 33.823769 30.821772
26.878350 33.804886 30.857415
26.939484 33.788617 30.887982
26.989599 33.775222 30.913040
27.028835 33.764695 30.932657
27.058137 33.756805 30.947309
27.078985 33.751174 30.957732
27.093091 33.747353 30.964785
27.102152 33.744893 30.969316
27.107671 33.743391 30.972075
27.110863 33.742522 30.973671
27.112647 33.742035 30.974564
27.113696 33.741748 30.975088
27.114519 33.741522 30.975499
27.115568 33.741234 30.976024
27.117353 33.740742 30.976916
27.120544 33.739861 30.978512
27.126063 33.738335 30.981271
27.135124 33.735824 30.985802
27.149230 33.731904 30.992855
27.170078 33.726094 31.003279
27.199381 33.717901 31.017930
27.238616 33.706893 31.037548
27.288731 33.692780 31.062606
27.349865 33.675494 31.093173
27.421152 33.655253 31.128816
27.500669 33.632580 31.168574
27.585556 33.608270 31.211018
27.672309 33.583319 31.254395
27.757196 33.558802 31.296838
27.836713 33.535741 31.336596
27.907999 33.514987 31.372240
27.969133 33.497124 31.402807
28.019249 33.482430 31.427864
28.058484 33.470891 31.447482
28.087787 33.462249 31.462133
28.108634 33.456085 31.472557
28.122741 33.451906 31.479610
28.131802 33.449216 31.484141
28.137320 33.447575 31.486900
28.140512 33.446625 31.488496
28.142297 33.446093 31.489388
28.143346 33.445780 31.489913
28.144168 33.445534 31.490324
28.145218 33.445219 31.490849
28.147002 33.444683 31.491741
28.150194 33.443723 31.493337
28.155712 33.442061 31.496096
28.164774 33.439327 31.500627
28.178880 33.435061 31.507680
28.199728 33.428743 31.518104
28.229030 33.419839 31.532755
28.268266 33.407883 31.552373
28.318381 33.392566 31.577431
28.379515 33.373821 31.607998
28.450802 33.351891 31.643641
28.530318 33.327346 31.683399
28.615205 33.301054 31.725843
28.701959 33.274091 31.769219
28.786846 33.247620 31.811663
28.866362 33.222744 31.851421
28.937649 33.200373 31.887065
28.998783 33.181134 31.917631
29.048898 33.165319 31.942689
29.088134 33.152908 31.962307
29.117437 33.143619 31.976958
29.138284 33.136997 31.987382
29.152390 33.132509 31.994435
29.161452 33.129622 31.998966
29.166970 33.127862 32.001725
29.170162 33.126842 32.003321
29.171947 33.126272 32.004213
29.172996 33.125936 32.004738
29.173818 33.125672 32.005149
29.174867 33.125336 32.005674
29.176652 33.124762 32.006566
29.179844 33.123734 32.008162
29.185362 33.121956 32.010921
29.194423 33.119031 32.015452
29.208530 33.114470 32.022505
29.229377 33.107717 32.032929
29.258680 33.098206 32.047580
29.297915 33.085443 32.067198
29.348031 33.069101 32.092255
29.409165 33.049116 32.122822
29.480451 33.025750 32.158466
29.559968 32.999618 32.198224
29.644855 32.971645 32.240667
29.731609 32.942980 32.284044
29.816496 32.914858 32.326488
29.896012 32.888450 32.366246
29.967299 32.864717 32.401889
30.028433 32.844319 32.432456
30.078548 32.827563 32.457514
30.117784 32.814420 32.477132
30.147086 32.804588 32.491783
30.167934 32.797583 32.502207
30.182040 32.792837 32.509260
30.191101 32.789784 32.513791
30.196620 32.787924 32.516550
30.199811 32.786847 32.518146
30.201596 32.786244 32.519038
30.202645 32.785890 32.519563
30.203468 32.785611 32.519974
30.204517 32.785256 32.520498
30.206302 32.784651 32.521391
30.209493 32.783567 32.522987
30.215012 32.781692 32.525746
30.224073 32.778608 32.530277
30.238179 32.773803 32.537330
30.259027 32.766690 32.547753
30.288330 32.756676 32.562405
30.327565 32.743245 32.582023
30.377680 32.726057 32.607080
30.438814 32.705050 32.637647
30.510101 32.680503 32.673291
30.589618 32.653067 32.713049
30.674505 32.623716 32.755492
30.761258 32.593659 32.798869
30.846145 32.564190 32.841313
30.925662 32.536532 32.881071
30.996948 32.511692 32.916714
31.058082 32.490354 32.947281
31.108198 32.472835 32.972339
31.147433 32.459100 32.991957
31.176736 32.448830 33.006608
31.197583 32.441515 33.017032
31.211690 32.436561 33.024085
31.220751 32.433376 33.028616
31.226269 32.431435 33.031375
31.229461 32.430312 33.032971
31.231246 32.429683 33.033863
31.232295 32.429314 33.034387
31.233117 32.429024 33.034799
31.234167 32.428653 33.035323
31.235951 32.428023 33.036216
31.239143 32.426894 33.037811
31.244661 32.424942 33.040571
31.253723 32.421733 33.045101
31.267829 32.416732 33.052154
31.288676 32.409334 33.062578
31.317979 32.398923 33.077230
31.357215 32.384964 33.096847
31.407330 32.367109 33.121905
31.468464 32.345297 33.152472
31.539751 32.319823 33.188115
31.619267 32.291366 33.227874
31.704154 32.260941 33.270317
31.790908 32.229801 33.313694
31.875795 32.199286 33.356137
31.955311 32.170664 33.395896
32.026598 32.144970 33.431539
32.087732 32.122910 33.462106
32.137847 32.104807 33.487164
32.177083 32.090620 33.506781
32.206386 32.080016 33.521433
32.227233 32.072466 33.531857
32.241339 32.067355 33.538910
32.250401 32.064069 33.543440
32.255919 32.062068 33.546200
32.259111 32.060910 33.547795
32.260896 32.060262 33.548688
32.261945 32.059881 33.549212
32.262767 32.059582 33.549624
32.263816 32.059201 33.550148
32.265601 32.058551 33.551040
32.268793 32.057389 33.552636
32.274311 32.055379 33.555396
32.283372 32.052077 33.559926
32.297479 32.046932 33.566979
32.318326 32.039323 33.577403
32.347629 32.028618 33.592054
32.386864 32.014271 33.611672
32.436980 31.995928 33.636730
32.498114 31.973529 33.667297
32.569400 31.947383 33.702940
32.648917 31.918190 33.742698
32.733804 31.886993 33.785142
32.820558 31.855078 33.828519
32.905444 31.823822 33.870962
32.984961 31.794518 33.910720
33.056248 31.768225 33.946364
33.117382 31.745662 33.976931
33.167497 31.727153 34.001989
33.206733 31.712654 34.021606
33.236035 31.701821 34.036258
33.256883 31.694110 34.046681
33.270989 31.688891 34.053734
33.280050 31.685538 34.058265
33.285569 31.683495 34.061024
33.288760 31.682314 34.062620
33.290545 31.681653 34.063513
33.291594 31.681264 34.064037
33.292417 31.680959 34.064448
33.293466 31.680571 34.064973
33.295251 31.679909 34.065865
33.298442 31.678725 34.067461
33.303961 31.676677 34.070220
33.313022 31.673314 34.074751
33.327128 31.668075 34.081804
33.347976 31.660329 34.092228
33.377278 31.649435 34.106879
33.416514 31.634840 34.126497
33.466629 31.616187 34.151555
33.527763 31.593420 34.182122
33.599050 31.566856 34.217765
33.678567 31.537210 34.257523
33.763453 31.505543 34.299967
33.850207 31.473165 34.343344
33.935094 31.441469 34.385787
34.014611 31.411767 34.425545
34.085897 31.385130 34.461189
34.147031 31.362280 34.491756
34.197147 31.343545 34.516813
34.236382 31.328874 34.536431
34.265685 31.317916 34.551082
34.286532 31.310119 34.561506
34.300639 31.304843 34.568559
34.309700 31.301454 34.573090
34.315218 31.299390 34.575849
34.318410 31.298196 34.577445
34.320195 31.297529 34.578337
34.321244 31.297137 34.578862
34.322066 31.296829 34.579273
34.323115 31.296436 34.579798
34.324900 31.295769 34.580690
34.328092 31.294574 34.582286
34.333610 31.292508 34.585045
34.342672 31.289116 34.589576
34.356778 31.283833 34.596629
34.377625 31.276025 34.607053
34.406928 31.265046 34.621704
34.446164 31.250344 34.641322
34.496279 31.231560 34.666380
34.557413 31.208643 34.696946
34.628700 31.181915 34.732590
34.708216 31.152099 34.772348
34.793103 31.120267 34.814792
34.879857 31.087733 34.858168
34.964744 31.055901 34.900612
35.044260 31.026085 34.940370
35.115547 30.999357 34.976014
35.176681 30.976440 35.006580
35.226796 30.957656 35.031638
35.266032 30.942954 35.051256
35.295335 30.931975 35.065907
35.316182 30.924167 35.076331
35.330288 30.918884 35.083384
35.339350 30.915492 35.087915
35.344868 30.913426 35.090674
35.348060 30.912231 35.092270
35.349845 30.911564 35.093162
35.350894 30.911171 35.093687
35.351716 30.910863 35.094098
35.352765 30.910471 35.094623
35.354550 30.909804 35.095515
35.357742 30.908610 35.097111
35.363260 30.906546 35.099870
35.372321 30.903157 35.104401
35.386428 30.897881 35.111454
35.407275 30.890084 35.121878
35.436578 30.879126 35.136529
35.475813 30.864455 35.156147
35.525929 30.845720 35.181204
35.587063 30.822870 35.211771
35.658349 30.796233 35.247415
35.737866 30.766531 35.287173
35.822753 30.734835 35.329616
35.909507 30.702457 35.372993
35.994393 30.670790 35.415437
36.073910 30.641144 35.455195
36.145197 30.614580 35.490838
36.206331 30.591813 35.521405
36.256446 30.573160 35.546463
36.295682 30.558565 35.566081
36.324984 30.547671 35.580732
36.345832 30.539925 35.591156
36.359938 30.534686 35.598209
36.368999 30.531323 35.602740
36.374518 30.529275 35.605499
36.377709 30.528091 35.607095
36.379494 30.527429 35.607987
36.380543 30.527041 35.608512
36.381366 30.526736 35.608923
36.382415 30.526347 35.609447
36.384200 30.525686 35.610340
36.387391 30.524505 35.611936
36.392910 30.522462 35.614695
36.401971 30.519109 35.619226
36.416077 30.513890 35.626279
36.436925 30.506179 35.636702
36.466227 30.495346 35.651354
36.505463 30.480847 35.670971
36.555578 30.462338 35.696029
36.616712 30.439775 35.726596
36.687999 30.413482 35.762240
36.767516 30.384178 35.801998
36.852402 30.352922 35.844441
36.939156 30.321007 35.887818
37.024043 30.289810 35.930262
37.103560 30.260617 35.970020
37.174846 30.234471 36.005663
37.235980 30.212072 36.036230
37.286096 30.193729 36.061288
37.325331 30.179382 36.080906
37.354634 30.168677 36.095557
37.375481 30.161068 36.105981
37.389588 30.155923 36.113034
37.398649 30.152621 36.117564
37.404167 30.150611 36.120324
37.407359 30.149449 36.121920
37.409144 30.148799 36.122812
37.410193 30.148418 36.123336
37.411015 30.148119 36.123748
37.412064 30.147738 36.124272
37.413849 30.147090 36.125165
37.417041 30.145932 36.126760
37.422559 30.143931 36.129520
37.431621 30.140645 36.134050
37.445727 30.135534 36.141103
37.466574 30.127984 36.151527
37.495877 30.117380 36.166179
37.535113 30.103193 36.185796
37.585228 30.085090 36.210854
37.646362 30.063030 36.241421
37.717649 30.037336 36.277064
37.797165 30.008714 36.316823
37.882052 29.978199 36.359266
37.968806 29.947059 36.402643
38.053693 29.916634 36.445086
38.133209 29.888177 36.484845
38.204496 29.862703 36.520488
38.265630 29.840891 36.551055
38.315745 29.823036 36.576113
38.354981 29.809077 36.595730
38.384284 29.798666 36.610382
38.405131 29.791268 36.620806
38.419237 29.786267 36.627859
38.428299 29.783058 36.632389
38.433817 29.781106 36.635149
38.437009 29.779977 36.636744
38.438793 29.779347 36.637637
38.439843 29.778976 36.638161
38.440665 29.778686 36.638573
38.441714 29.778317 36.639097
38.443499 29.777688 36.639989
38.446691 29.776565 36.641585
38.452209 29.774624 36.644344
38.461270 29.771439 36.648875
38.475377 29.766485 36.655928
38.496224 29.759170 36.666352
38.525527 29.748900 36.681003
38.564762 29.735165 36.700621
38.614878 29.717646 36.725679
38.676012 29.696308 36.756246
38.747298 29.671468 36.791889
38.826815 29.643810 36.831647
38.911702 29.614341 36.874091
38.998455 29.584284 36.917468
39.083342 29.554933 36.959911
39.162859 29.527497 36.999669
39.234146 29.502950 37.035313
39.295280 29.481943 37.065880
39.345395 29.464755 37.090937
39.384630 29.451324 37.110555
39.413933 29.441310 37.125207
39.434781 29.434197 37.135630
39.448887 29.429392 37.142683
39.457948 29.426308 37.147214
39.463467 29.424433 37.149973
39.466658 29.423349 37.151569
39.468443 29.422744 37.152462
39.469492 29.422389 37.152986
39.470315 29.422110 37.153397
39.471364 29.421756 37.153922
39.473149 29.421153 37.154814
39.476340 29.420076 37.156410
39.481859 29.418216 37.159169
39.490920 29.415163 37.163700
39.505026 29.410417 37.170753
39.525874 29.403412 37.181177
39.555176 29.393580 37.195828
39.594412 29.380437 37.215446
39.644527 29.363681 37.240504
39.705661 29.343283 37.271071
39.776948 29.319550 37.306714
39.856464 29.293142 37.346472
39.941351 29.265020 37.388916
40.028105 29.236355 37.432293
40.112992 29.208382 37.474736
40.192509 29.182250 37.514494
40.263795 29.158884 37.550138
40.324929 29.138899 37.580705
40.375045 29.122557 37.605762
40.414280 29.109794 37.625380
40.443583 29.100283 37.640031
40.464430 29.093530 37.650455
40.478537 29.088969 37.657508
40.487598 29.086044 37.662039
40.493116 29.084266 37.664798
40.496308 29.083238 37.666394
40.498093 29.082664 37.667286
40.499142 29.082328 37.667811
40.499964 29.082064 37.668222
40.501013 29.081728 37.668747
40.502798 29.081158 37.669639
40.505990 29.080138 37.671235
40.511508 29.078378 37.673994
40.520570 29.075491 37.678525
40.534676 29.071003 37.685578
40.555523 29.064381 37.696002
40.584826 29.055092 37.710653
40.624062 29.042681 37.730271
40.674177 29.026866 37.755329
40.735311 29.007627 37.785895
40.806598 28.985256 37.821539
40.886114 28.960380 37.861297
40.971001 28.933909 37.903741
41.057755 28.906946 37.947117
41.142642 28.880654 37.989561
41.222158 28.856109 38.029319
41.293445 28.834179 38.064962
41.354579 28.815434 38.095529
41.404694 28.800117 38.120587
41.443930 28.788161 38.140205
41.473232 28.779257 38.154856
41.494080 28.772939 38.165280
41.508186 28.768673 38.172333
41.517248 28.765939 38.176864
41.522766 28.764277 38.179623
41.525958 28.763317 38.181219
41.527742 28.762781 38.182111
41.528792 28.762466 38.182636
41.529614 28.762220 38.183047
41.530663 28.761907 38.183572
41.532448 28.761375 38.184464
41.535640 28.760425 38.186060
41.541158 28.758784 38.188819
41.550219 28.756094 38.193350
41.564326 28.751915 38.200403
41.585173 28.745751 38.210827
41.614476 28.737109 38.225478
41.653711 28.725570 38.245096
41.703827 28.710876 38.270153
41.764961 28.693013 38.300720
41.836247 28.672259 38.336364
41.915764 28.649198 38.376122
42.000651 28.624681 38.418565
42.087404 28.599730 38.461942
42.172291 28.575420 38.504386
42.251808 28.552747 38.544144
42.323095 28.532506 38.579787
42.384229 28.515220 38.610354
42.434344 28.501107 38.635412
42.473579 28.490099 38.655030
42.502882 28.481906 38.669681
42.523730 28.476096 38.680105
42.537836 28.472176 38.687158
42.546897 28.469665 38.691689
42.552416 28.468139 38.694448
42.555607 28.467258 38.696044
42.557392 28.466766 38.696936
42.558441 28.466478 38.697461
42.559264 28.466252 38.697872
42.560313 28.465965 38.698396
42.562097 28.465478 38.699289
42.565289 28.464609 38.700885
42.570808 28.463107 38.703644
42.579869 28.460647 38.708175
42.593975 28.456826 38.715228
42.614823 28.451195 38.725651
42.644125 28.443305 38.740303
42.683361 28.432778 38.759920
42.733476 28.419383 38.784978
42.794610 28.403114 38.815545
42.865897 28.384231 38.851188
42.945413 28.363270 38.890947
43.030300 28.341009 38.933390
43.117054 28.318379 38.976767
43.201941 28.296355 39.019211
43.281458 28.275836 39.058969
43.352744 28.257540 39.094612
43.413878 28.241931 39.125179
43.463994 28.229199 39.150237
43.503229 28.219279 39.169855
43.532532 28.211902 39.184506
43.553379 28.206676 39.194930
43.567485 28.203152 39.201983
43.576547 28.200895 39.206513
43.582065 28.199525 39.209273
43.585257 28.198735 39.210868
43.587042 28.198293 39.211761
43.588091 28.198035 39.212285
43.588913 28.197833 39.212697
43.589962 28.197576 39.213221
43.591747 28.197140 39.214114
43.594939 28.196362 39.215709
43.600457 28.195020 39.218469
43.609519 28.192822 39.222999
43.623625 28.189410 39.230052
43.644472 28.184386 39.240476
43.673775 28.177352 39.255128
43.713011 28.167977 39.274745
43.763126 28.156061 39.299803
43.824260 28.141604 39.330370
43.895547 28.124845 39.366013
43.975063 28.106268 39.405772
44.059950 28.086565 39.448215
44.146704 28.066566 39.491592
44.231591 28.047131 39.534035
44.311107 28.029051 39.573794
44.382394 28.012952 39.609437
44.443528 27.999238 39.640004
44.493643 27.988068 39.665062
44.532879 27.979375 39.684679
44.562181 27.972919 39.699331
44.583029 27.968350 39.709754
44.597135 27.965272 39.716808
44.606197 27.963303 39.721338
44.611715 27.962108 39.724097
44.614907 27.961420 39.725693
44.616691 27.961036 39.726586
44.617740 27.960811 39.727110
44.618563 27.960635 39.727521
44.619612 27.960412 39.728046
44.621397 27.960034 39.728938
44.624589 27.959359 39.730534
44.630107 27.958196 39.733293
44.639168 27.956292 39.737824
44.653274 27.953340 39.744877
44.674122 27.948997 39.755301
44.703425 27.942924 39.769952
44.742660 27.934840 39.789570
44.792776 27.924581 39.814628
44.853910 27.912154 39.845195
44.925196 27.897774 39.880838
45.004713 27.881864 39.920596
45.089600 27.865024 39.963040
45.176353 27.847964 40.006417
45.261240 27.831421 40.048860
45.340757 27.816063 40.088618
45.412044 27.802417 40.124262
45.473177 27.790816 40.154829
45.523293 27.781385 40.179886
45.562528 27.774060 40.199504
45.591831 27.768629 40.214156
45.612679 27.764791 40.224579
45.626785 27.762210 40.231632
45.635846 27.760561 40.236163
45.641365 27.759562 40.238922
45.644556 27.758986 40.240518
45.646341 27.758665 40.241411
45.647390 27.758478 40.241935
45.648213 27.758331 40.242346
45.649262 27.758146 40.242871
45.651046 27.757832 40.243763
45.654238 27.757272 40.245359
45.659757 27.756307 40.248118
45.668818 27.754730 40.252649
45.682924 27.752287 40.259702
45.703772 27.748700 40.270126
45.733074 27.743692 40.284777
45.772310 27.737040 40.304395
45.822425 27.728617 40.329453
45.883559 27.718439 40.360020
45.954846 27.706692 40.395663
46.034362 27.693733 40.435421
46.119249 27.680057 40.477865
46.206003 27.666247 40.521242
46.290890 27.652897 40.563685
46.370406 27.640546 40.603443
46.441693 27.629607 40.639087
46.502827 27.620337 40.669654
46.552943 27.612824 40.694711
46.592178 27.607007 40.714329
46.621481 27.602706 40.728980
46.642328 27.599674 40.739404
46.656434 27.597640 40.746457
46.665496 27.596343 40.750988
46.671014 27.595558 40.753747
46.674206 27.595107 40.755343
46.675991 27.594856 40.756235
46.677040 27.594709 40.756760
46.677862 27.594595 40.757171
46.678911 27.594451 40.757696
46.680696 27.594207 40.758588
46.683888 27.593773 40.760184
46.689406 27.593026 40.762943
46.698468 27.591808 40.767474
46.712574 27.589926 40.774527
46.733421 27.587169 40.784951
46.762724 27.583331 40.799602
46.801960 27.578250 40.819220
46.852075 27.571841 40.844277
46.913209 27.564130 40.874844
46.984496 27.555271 40.910488
47.064012 27.545546 40.950246
47.148899 27.535338 40.992690
47.235653 27.525086 41.036066
47.320540 27.515234 41.078510
47.400056 27.506172 41.118268
47.471343 27.498194 41.153911
47.532477 27.491473 41.184478
47.582592 27.486058 41.209536
47.621828 27.481888 41.229154
47.651130 27.478821 41.243805
47.671978 27.476670 41.254229
47.686084 27.475233 41.261282
47.695146 27.474321 41.265813
47.700664 27.473771 41.268572
47.703856 27.473455 41.270168
47.705640 27.473280 41.271060
47.706689 27.473179 41.271585
47.707512 27.473100 41.271996
47.708561 27.473001 41.272520
47.710346 27.472833 41.273413
47.713537 27.472536 41.275009
47.719056 27.472028 41.277768
47.728117 27.471201 41.282299
47.742223 27.469929 41.289352
47.763071 27.468076 41.299775
47.792374 27.465513 41.314427
47.831609 27.462144 41.334045
47.881725 27.457928 41.359102
47.942858 27.452901 41.389669
48.014145 27.447185 41.425313
48.093662 27.440978 41.465071
48.178549 27.434539 41.507514
48.265302 27.428156 41.550891
48.350189 27.422104 41.593335
48.429706 27.416615 41.633093
48.500993 27.411852 41.668736
48.562126 27.407899 41.699303
48.612242 27.404760 41.724361
48.651477 27.402377 41.743979
48.680780 27.400649 41.758630
48.701628 27.399453 41.769054
48.715734 27.398663 41.776107
48.724795 27.398168 41.780638
48.730314 27.397872 41.783397
48.733506 27.397703 41.784993
48.735291 27.397608 41.785886
48.736344 27.397547 41.786412
48.737176 27.397483 41.786828
48.738253 27.397367 41.787366
48.740106 27.397118 41.788293
48.743456 27.396593 41.789968
48.749304 27.395552 41.792892
48.759002 27.393627 41.797741
48.774241 27.390309 41.805361
48.796950 27.384985 41.816715
48.829084 27.377034 41.832782
48.872300 27.366002 41.854390
48.927581 27.351812 41.882030
48.994874 27.334966 41.915677
49.072858 27.316639 41.954669
49.158910 27.298611 41.997695
49.249340 27.282998 42.042910
49.339844 27.271827 42.088162
49.426112 27.266579 42.131296
49.504422 27.267830 42.170451
49.572117 27.275120 42.204299
49.627841 27.287085 42.232160
49.671511 27.301805 42.253996
49.704092 27.317257 42.270286
49.727224 27.331720 42.281852
49.742851 27.344032 42.289665
49.752888 27.353665 42.294684
49.759016 27.360631 42.297748
49.762569 27.365306 42.299525
49.764530 27.368239 42.300505
49.765576 27.370004 42.301028
49.766153 27.371137 42.301317
49.766563 27.372144 42.301521
49.767030 27.373594 42.301754
49.767758 27.376264 42.302117
49.768965 27.381341 42.302718
49.770880 27.390651 42.303671
49.773716 27.406877 42.305079
49.777611 27.433684 42.307009
49.782547 27.475676 42.309449
49.788285 27.538054 42.312274
49.794331 27.625943 42.315237
49.799986 27.743413 42.317985
49.804454 27.892365 42.320125
49.807021 28.071555 42.321306
49.807228 28.276080 42.321309
49.805000 28.497573 42.320111
49.800675 28.725171 42.317891
49.794921 28.947082 42.314993
49.788570 29.152382 42.311836
49.782422 29.332602 42.308817
49.777090 29.482713 42.306234
49.772911 29.601345 42.304243
49.769949 29.690299 42.302863
49.768061 29.753579 42.302014
49.766998 29.796280 42.301562
49.766488 29.823608 42.301369
49.766300 29.840191 42.301320
49.766270 29.849731 42.301335
49.766301 29.854947 42.301369
49.766345 29.857698 42.301403
49.766389 29.859197 42.301432
49.766442 29.860245 42.301465
49.766527 29.861430 42.301516
49.766686 29.863287 42.301612
49.766986 29.866385 42.301792
49.767529 29.871352 42.302118
49.768467 29.878807 42.302680
49.770002 29.889223 42.303601
49.772392 29.902737 42.305035
49.775930 29.918963 42.307158
49.780914 29.936901 42.310148
49.787593 29.954985 42.314156
49.796116 29.971326 42.319270
49.806471 29.984087 42.325482
49.818448 29.991903 42.332669
49.831643 29.994211 42.340586
49.845486 29.991370 42.348892
49.859318 29.984543 42.357191
49.872480 29.975368 42.365088
49.884408 29.965552 42.372245
49.894700 29.956501 42.378420
49.903156 29.949107 42.383493
49.909766 29.943702 42.387459
49.914681 29.940174 42.390408
49.918154 29.938144 42.392493
49.920485 29.937146 42.393891
49.921968 29.936766 42.394781
49.922863 29.936695 42.395318
49.923375 29.936746 42.395625
49.923659 29.936827 42.395795
49.923823 29.936910 42.395894
49.923951 29.937007 42.395970
49.924112 29.937159 42.396067
49.924385 29.937434 42.396231
49.924873 29.937939 42.396524
49.925717 29.938828 42.397030
49.927103 29.940317 42.397862
49.929261 29.942688 42.399156
49.932449 29.946282 42.401070
49.936931 29.951475 42.403759
49.942933 29.958638 42.407360
49.950598 29.968077 42.411959
49.959949 29.979974 42.417569
49.970852 29.994315 42.424111
49.983015 30.010859 42.431409
49.995998 30.029117 42.439199
50.009268 30.048397 42.447161
50.022251 30.067865 42.454951
50.034414 30.086658 42.462248
50.045317 30.103989 42.468790
50.054668 30.119247 42.474401
50.062333 30.132060 42.479000
50.068334 30.142313 42.482601
50.072816 30.150122 42.485290
50.076005 30.155774 42.487203
50.078163 30.159656 42.488498
50.079549 30.162183 42.489329
50.080393 30.163739 42.489836
50.080881 30.164647 42.490129
50.081154 30.165160 42.490292
50.081314 30.165464 42.490389
50.081440 30.165705 42.490464
50.081601 30.166018 42.490560
50.081874 30.166555 42.490724
50.082362 30.167523 42.491017
50.083206 30.169211 42.491523
50.084592 30.172013 42.492355
50.086749 30.176427 42.493650
50.089938 30.183037 42.495563
50.094420 30.192465 42.498252
50.100421 30.205294 42.501853
50.108087 30.221963 42.506452
50.117437 30.242668 42.512062
50.128341 30.267270 42.518604
50.140503 30.295243 42.525902
50.153487 30.325688 42.533692
50.166756 30.357406 42.541654
50.179740 30.389029 42.549444
50.191902 30.419192 42.556741
50.202806 30.446704 42.563283
50.212156 30.470683 42.568894
50.219822 30.490637 42.573493
50.225823 30.506474 42.577094
50.230305 30.518450 42.579783
50.233494 30.527064 42.581696
50.235651 30.532949 42.582991
50.237037 30.536761 42.583822
50.237881 30.539099 42.584329
50.238369 30.540459 42.584622
50.238642 30.541225 42.584785
50.238803 30.541677 42.584882
50.238929 30.542035 42.584957
50.239089 30.542496 42.585054
50.239362 30.543285 42.585217
50.239850 30.544704 42.585510
50.240694 30.547171 42.586017
50.242080 30.551251 42.586848
50.244238 30.557653 42.588143
50.247427 30.567200 42.590056
50.251909 30.580752 42.592745
50.257910 30.599096 42.596346
50.265575 30.622803 42.600945
50.274926 30.652084 42.606555
50.285829 30.686673 42.613098
50.297992 30.725772 42.620395
50.310975 30.768079 42.628185
50.324245 30.811902 42.636147
50.337229 30.855355 42.643937
50.349391 30.896585 42.651235
50.360294 30.934006 42.657777
50.369645 30.966472 42.663387
50.377310 30.993375 42.667986
50.383312 31.014647 42.671587
50.387794 31.030677 42.674276
50.390982 31.042173 42.676189
50.393140 31.050006 42.677484
50.394526 31.055069 42.678316
50.395370 31.058169 42.678822
50.395858 31.059970 42.679115
50.396131 31.060981 42.679279
50.396292 31.061578 42.679375
50.396417 31.062049 42.679450
50.396578 31.062654 42.679547
50.396851 31.063688 42.679710
50.397339 31.065545 42.680003
50.398183 31.068771 42.680510
50.399569 31.074094 42.681341
50.401727 31.082431 42.682636
50.404915 31.094834 42.684549
50.409397 31.112397 42.687238
50.415398 31.136108 42.690839
50.423064 31.166661 42.695438
50.432414 31.204283 42.701049
50.443318 31.248587 42.707591
50.455480 31.298508 42.714888
50.468464 31.352352 42.722678
50.481733 31.407950 42.730640
50.494717 31.462908 42.738430
50.506879 31.514901 42.745728
50.517783 31.561958 42.752270
50.527134 31.602677 42.757880
50.534799 31.636337 42.762479
50.540800 31.662894 42.766080
50.545282 31.682866 42.768769
50.548471 31.697165 42.770683
50.550628 31.706893 42.771977
50.552014 31.713172 42.772809
50.552859 31.717012 42.773315
50.553347 31.719241 42.773608
50.553620 31.720491 42.773772
50.553780 31.721229 42.773868
50.553906 31.721810 42.773944
50.554066 31.722555 42.774040
50.554339 31.723828 42.774204
50.554828 31.726111 42.774497
50.555672 31.730073 42.775003
50.557058 31.736606 42.775835
50.559215 31.746823 42.777129
50.562404 31.762003 42.779042
50.566886 31.783466 42.781732
50.572887 31.812392 42.785332
50.580552 31.849600 42.789931
50.589903 31.895330 42.795542
50.600807 31.949076 42.802084
50.612969 32.009515 42.809381
50.625953 32.074571 42.817172
50.639222 32.141612 42.825133
50.652206 32.207751 42.832923
50.664368 32.270203 42.840221
50.675272 32.326623 42.846763
50.684622 32.375361 42.852373
50.692288 32.415588 42.856973
50.698289 32.447279 42.860573
50.702771 32.471082 42.863262
50.705959 32.488104 42.865176
50.708117 32.499673 42.866470
50.709503 32.507133 42.867302
50.710347 32.511692 42.867808
50.710835 32.514336 42.868101
50.711108 32.515819 42.868265
50.711269 32.516693 42.868361
50.711395 32.517381 42.868437
50.711555 32.518263 42.868533
50.711828 32.519767 42.868697
50.712316 32.522465 42.868990
50.713160 32.527142 42.869496
50.714546 32.534849 42.870328
50.716704 32.546893 42.871622
50.719892 32.564770 42.873535
50.724374 32.590020 42.876225
50.730376 32.624012 42.879825
50.738041 32.667683 42.884425
50.747392 32.721288 42.890035
50.758295 32.784203 42.896577
50.770458 32.854856 42.903875
50.783441 32.930800 42.911665
50.796711 33.008953 42.919626
50.809694 33.085948 42.927417
50.821857 33.158555 42.934714
50.832760 33.224066 42.941256
50.842111 33.280589 42.946867
50.849776 33.327190 42.951466
50.855777 33.363866 42.955066
50.860259 33.391388 42.957756
50.863448 33.411052 42.959669
50.865606 33.424408 42.960963
50.866992 33.433016 42.961795
50.867836 33.438272 42.962301
50.868324 33.441320 42.962594
50.868597 33.443028 42.962758
50.868757 33.444035 42.962854
50.868883 33.444827 42.962930
50.869044 33.445841 42.963026
50.869317 33.447570 42.963190
50.869805 33.450669 42.963483
50.870649 33.456041 42.963989
50.872035 33.464888 42.964821
50.874192 33.478704 42.966115
50.877381 33.499198 42.968029
50.881863 33.528124 42.970718
50.887864 33.567032 42.974319
50.895530 33.616975 42.978918
50.904880 33.678219 42.984528
50.915784 33.750032 42.991070
50.927946 33.830594 42.998368
50.940930 33.917103 43.006158
50.954199 34.006035 43.014120
50.967183 34.093562 43.021910
50.979345 34.176019 43.029207
50.990249 34.250348 43.035749
50.999600 34.314424 43.041360
51.007265 34.367207 43.045959
51.013266 34.408718 43.049560
51.017748 34.439846 43.052249
51.020937 34.462074 43.054162
51.023094 34.477163 43.055457
51.024480 34.486882 43.056288
51.025324 34.492816 43.056795
51.025813 34.496255 43.057088
51.026086 34.498182 43.057251
51.026246 34.499317 43.057348
51.026372 34.500210 43.057423
51.026532 34.501352 43.057519
51.026805 34.503299 43.057683
51.027293 34.506788 43.057976
51.028137 34.512834 43.058482
51.029523 34.522785 43.059314
51.031681 34.538320 43.060609
51.034870 34.561352 43.062522
51.039352 34.593841 43.065211
51.045353 34.637515 43.068812
51.053018 34.693537 43.073411
51.062369 34.762189 43.079021
51.073272 34.842626 43.085563
51.085435 34.932794 43.092861
51.098419 35.029542 43.100651
51.111688 35.128921 43.108613
51.124672 35.226655 43.116403
51.136834 35.318659 43.123700
51.147737 35.401535 43.130242
51.157088 35.472929 43.135853
51.164753 35.531703 43.140452
51.170755 35.577898 43.144053
51.175237 35.612521 43.146742
51.178425 35.637232 43.148655
51.180583 35.654000 43.149950
51.181969 35.664797 43.150781
51.182813 35.671387 43.151288
51.183301 35.675205 43.151581
51.183574 35.677344 43.151744
51.183735 35.678603 43.151841
51.183860 35.679593 43.151916
51.184021 35.680860 43.152012
51.184294 35.683018 43.152176
51.184782 35.686885 43.152469
51.185626 35.693582 43.152976
51.187012 35.704604 43.153807
51.189170 35.721804 43.155102
51.192358 35.747294 43.157015
51.196840 35.783235 43.159704
51.202841 35.831524 43.163305
51.210507 35.893435 43.167904
51.219857 35.969259 43.173514
51.230761 36.058048 43.180057
51.242923 36.157519 43.187354
51.255907 36.264180 43.195144
51.269176 36.373676 43.203106
51.282160 36.481293 43.210896
51.294323 36.582540 43.218194
51.305226 36.673688 43.224736
51.314577 36.752167 43.230346
51.322242 36.816741 43.234945
51.328243 36.867470 43.238546
51.332725 36.905476 43.241235
51.335914 36.932591 43.243148
51.338072 36.950984 43.244443
51.339457 36.962824 43.245274
51.340302 36.970048 43.245781
51.340790 36.974233 43.246074
51.341063 36.976577 43.246238
51.341223 36.977957 43.246334
51.341349 36.979041 43.246409
51.341509 36.980428 43.246506
51.341782 36.982791 43.246669
51.342271 36.987023 43.246962
51.343115 36.994351 43.247469
51.344501 37.006409 43.248300
51.346658 37.025219 43.249595
51.349847 37.053088 43.251508
51.354329 37.092368 43.254197
51.360330 37.145123 43.257798
51.367995 37.212731 43.262397
51.377346 37.295494 43.268008
51.388250 37.392362 43.274550
51.400412 37.500831 43.281847
51.413396 37.617083 43.289637
51.426665 37.736363 43.297599
51.439649 37.853538 43.305389
51.451811 37.963723 43.312687
51.462715 38.062873 43.319229
51.472065 38.148202 43.324839
51.479731 38.218384 43.329438
51.485732 38.273498 43.333039
51.490214 38.314774 43.335728
51.493403 38.344213 43.337642
51.495560 38.364177 43.338936
51.496946 38.377026 43.339768
51.497790 38.384863 43.340274
51.498278 38.389403 43.340567
51.498551 38.391945 43.340731
51.498712 38.393441 43.340827
51.498838 38.394617 43.340903
51.498998 38.396120 43.340999
51.499271 38.398680 43.341163
51.499759 38.403265 43.341456
51.500603 38.411204 43.341962
51.501989 38.424262 43.342794
51.504147 38.444629 43.344088
51.507336 38.474797 43.346001
51.511817 38.517304 43.348690
51.517819 38.574375 43.352291
51.525484 38.647488 43.356890
51.534835 38.736957 43.362501
51.545738 38.841632 43.369043
51.557901 38.958794 43.376340
51.570884 39.084311 43.384131
51.584154 39.213045 43.392092
51.597137 39.339453 43.399882
51.609300 39.458273 43.407180
51.620203 39.565151 43.413722
51.629554 39.657097 43.419332
51.637219 39.732695 43.423932
51.643220 39.792044 43.427532
51.647702 39.836478 43.430221
51.650891 39.868162 43.432135
51.653049 39.889643 43.433429
51.654435 39.903465 43.434261
51.655279 39.911896 43.434767
51.655767 39.916778 43.435060
51.656040 39.919511 43.435224
51.656200 39.921120 43.435320
51.656326 39.922384 43.435396
51.656487 39.923998 43.435492
51.656760 39.926750 43.435656
51.657248 39.931676 43.435949
51.658092 39.940203 43.436455
51.659478 39.954228 43.437287
51.661635 39.976098 43.438581
51.664824 40.008485 43.440494
51.669306 40.054107 43.443184
51.675307 40.115344 43.446784
51.682973 40.193770 43.451384
51.692323 40.289711 43.456994
51.703227 40.401921 43.463536
51.715389 40.527473 43.470834
51.728373 40.661931 43.478624
51.741642 40.799785 43.486585
51.754626 40.935102 43.494376
51.766788 41.062253 43.501673
51.777692 41.176586 43.508215
51.787043 41.274916 43.513826
51.794708 41.355739 43.518425
51.800709 41.419172 43.522025
51.805191 41.466653 43.524715
51.808380 41.500501 43.526628
51.810537 41.523445 43.527922
51.811923 41.538207 43.528754
51.812767 41.547209 43.529260
51.813256 41.552421 43.529553
51.813529 41.555339 43.529717
51.813689 41.557056 43.529813
51.813815 41.558405 43.529889
51.813975 41.560128 43.529985
51.814248 41.563063 43.530149
51.814736 41.568318 43.530442
51.815580 41.577413 43.530948
51.816966 41.592370 43.531780
51.819124 41.615689 43.533074
51.822313 41.650215 43.534988
51.826795 41.698840 43.537677
51.832796 41.764093 43.541278
51.840461 41.847641 43.545877
51.849812 41.949820 43.551487
51.860715 42.069291 43.558029
51.872878 42.202929 43.565327
51.885862 42.346003 43.573117
51.899131 42.492647 43.581079
51.912115 42.636549 43.588869
51.924277 42.771726 43.596166
51.935181 42.893243 43.602708
51.944531 42.997722 43.608319
51.952196 43.083578 43.612918
51.958198 43.150945 43.616519
51.962680 43.201361 43.619208
51.965868 43.237294 43.621121
51.968026 43.261648 43.622416
51.969412 43.277314 43.623247
51.970256 43.286866 43.623754
51.970744 43.292397 43.624046
51.971017 43.295492 43.624210
51.971178 43.297314 43.624307
51.971303 43.298744 43.624382
51.971464 43.300571 43.624478
51.971737 43.303683 43.624642
51.972225 43.309254 43.624935
51.973069 43.318897 43.625441
51.974455 43.334750 43.626273
51.976613 43.359465 43.627568
51.979801 43.396050 43.629481
51.984283 43.447567 43.632170
51.990285 43.516686 43.635771
51.997950 43.605164 43.640370
52.007301 43.713347 43.645980
52.018204 43.839807 43.652522
52.030366 43.981227 43.659820
52.043350 44.132593 43.667610
52.056619 44.287695 43.675572
52.069603 44.439857 43.683362
52.081766 44.582757 43.690659
52.092669 44.711184 43.697201
52.102020 44.821579 43.702812
52.109685 44.912276 43.707411
52.115686 44.983428 43.711012
52.120168 45.036666 43.713701
52.123357 45.074605 43.715614
52.125515 45.100314 43.716909
52.126901 45.116849 43.717740
52.127745 45.126931 43.718247
52.128233 45.132767 43.718540
52.128506 45.136034 43.718703
52.128666 45.137955 43.718800
52.128792 45.139464 43.718875
52.128952 45.141392 43.718971
52.129225 45.144674 43.719135
52.129714 45.150550 43.719428
52.130558 45.160718 43.719935
52.131944 45.177433 43.720766
52.134101 45.203489 43.722061
52.137290 45.242054 43.723974
52.141772 45.296350 43.726663
52.147773 45.369185 43.730264
52.155438 45.462402 43.734863
52.164789 45.576355 43.740473
52.175693 45.709533 43.747016
52.187855 45.858430 43.754313
52.200839 46.017763 43.762103
52.214108 46.180991 43.770065
52.227092 46.341088 43.777855
52.239254 46.491407 43.785152
52.250158 46.626472 43.791695
52.259508 46.742549 43.797305
52.267174 46.837896 43.801904
52.273175 46.912683 43.805505
52.277657 46.968631 43.808194
52.280846 47.008496 43.810107
52.283003 47.035506 43.811402
52.284389 47.052877 43.812233
52.285233 47.063466 43.812740
52.285721 47.069596 43.813033
52.285994 47.073027 43.813197
52.286155 47.075045 43.813293
52.286281 47.076630 43.813368
52.286441 47.078653 43.813465
52.286714 47.082099 43.813628
52.287202 47.088266 43.813921
52.288046 47.098939 43.814428
52.289432 47.116483 43.815259
52.291590 47.143826 43.816554
52.294779 47.184291 43.818467
52.299261 47.241254 43.821156
52.305262 47.317655 43.824757
52.312927 47.415418 43.829356
52.322278 47.534909 43.834967
52.333181 47.674530 43.841509
52.345344 47.830602 43.848806
52.358327 47.997577 43.856596
52.371597 48.168600 43.864558
52.384580 48.336308 43.872348
52.396743 48.493741 43.879646
52.407646 48.635172 43.886188
52.416997 48.756697 43.891798
52.424662 48.856503 43.896397
52.430664 48.934773 43.899998
52.435145 48.993320 43.902687
52.438334 49.035031 43.904601
52.440492 49.063288 43.905895
52.441878 49.081460 43.906727
52.442722 49.092536 43.907233
52.443210 49.098948 43.907526
52.443483 49.102536 43.907690
52.443643 49.104646 43.907786
52.443769 49.106303 43.907862
52.443930 49.108419 43.907958
52.444203 49.112021 43.908122
52.444691 49.118468 43.908415
52.445535 49.129625 43.908921
52.446921 49.147961 43.909753
52.449078 49.176538 43.911047
52.452267 49.218823 43.912960
52.456749 49.278342 43.915649
52.462750 49.358158 43.919250
52.470416 49.460277 43.923849
52.479766 49.585071 43.929460
52.490670 49.730864 43.936002
52.502832 49.893805 43.943299
52.515816 50.068099 43.951090
52.529085 50.246584 43.959051
52.542069 50.421578 43.966841
52.554231 50.585822 43.974139
52.565135 50.733346 43.980681
52.574486 50.860086 43.986291
52.582151 50.964158 43.990891
52.588152 51.045763 43.994491
52.592634 51.106796 43.997180
52.595823 51.150273 43.999094
52.597980 51.179724 44.000388
52.599366 51.198662 44.001220
52.600210 51.210204 44.001726
52.600699 51.216885 44.002019
52.600972 51.220623 44.002183
52.601132 51.222822 44.002279
52.601258 51.224548 44.002355
52.601418 51.226752 44.002451
52.601691 51.230504 44.002615
52.602179 51.237219 44.002908
52.603024 51.248838 44.003414
52.604410 51.267933 44.004246
52.606567 51.297688 44.005540
52.609756 51.341715 44.007453
52.614238 51.403676 44.010143
52.620239 51.486758 44.013743
52.627904 51.593041 44.018343
52.637255 51.722904 44.023953
52.648159 51.874596 44.030495
52.660321 52.044104 44.037793
52.673305 52.225391 44.045583
52.686574 52.411007 44.053544
52.699558 52.592963 44.061335
52.711720 52.763714 44.068632
52.722624 52.917057 44.075174
52.731974 53.048778 44.080785
52.739640 53.156926 44.085384
52.745641 53.241716 44.088984
52.750123 53.305123 44.091674
52.753311 53.350286 44.093587
52.755469 53.380877 44.094881
52.756855 53.400546 44.095713
52.757699 53.412533 44.096219
52.758187 53.419471 44.096512
52.758460 53.423353 44.096676
52.758621 53.425636 44.096772
52.758746 53.427428 44.096848
52.758907 53.429716 44.096944
52.759180 53.433611 44.097108
52.759668 53.440581 44.097401
52.760512 53.452641 44.097907
52.761898 53.472460 44.098739
52.764056 53.503341 44.100033
52.767244 53.549029 44.101947
52.771726 53.613321 44.104636
52.777728 53.699519 44.108237
52.785393 53.809774 44.112836
52.794744 53.944473 44.118446
52.805647 54.101792 44.124988
52.817809 54.277561 44.132286
52.830793 54.465517 44.140076
52.844062 54.657933 44.148037
52.857046 54.846526 44.155828
52.869209 55.023479 44.163125
52.880112 55.182371 44.169667
52.889463 55.318839 44.175278
52.897128 55.430870 44.179877
52.903129 55.518694 44.183478
52.907611 55.584363 44.186167
52.910800 55.631134 44.188080
52.912958 55.662810 44.189375
52.914344 55.683175 44.190206
52.915188 55.695586 44.190713
52.915676 55.702769 44.191005
52.915949 55.706788 44.191169
52.916109 55.709151 44.191266
52.916235 55.711006 44.191341
52.916396 55.713374 44.191437
52.916668 55.717405 44.191601
52.917157 55.724619 44.191894
52.918001 55.737099 44.192400
52.919387 55.757607 44.193232
52.921544 55.789560 44.194527
52.924733 55.836829 44.196440
52.929215 55.903340 44.199129
52.935216 55.992504 44.202730
52.942882 56.106540 44.207329
52.952232 56.245841 44.212939
52.963136 56.408513 44.219481
52.975298 56.590240 44.226779
52.988282 56.784541 44.234569
53.001551 56.983424 44.242531
53.014535 57.178330 44.250321
53.026697 57.361182 44.257618
53.037601 57.525349 44.264160
53.046951 57.666330 44.269771
53.054617 57.782053 44.274370
53.060618 57.872762 44.277971
53.065100 57.940581 44.280660
53.068289 57.988879 44.282573
53.070446 58.021587 44.283868
53.071832 58.042614 44.284699
53.072676 58.055428 44.285206
53.073164 58.062843 44.285499
53.073437 58.066992 44.285662
53.073598 58.069432 44.285759
53.073724 58.071346 44.285834
53.073884 58.073790 44.285930
53.074157 58.077951 44.286094
53.074645 58.085396 44.286387
53.075489 58.098275 44.286894
53.076875 58.119438 44.287725
53.079033 58.152408 44.289020
53.082222 58.201178 44.290933
53.086704 58.269797 44.293622
53.092705 58.361776 44.297223
53.100370 58.479401 44.301822
53.109721 58.623070 44.307432
53.120624 58.790824 44.313975
53.132787 58.978205 44.321272
53.145770 59.178525 44.329062
53.159040 59.383545 44.337024
53.172023 59.584439 44.344814
53.184186 59.772885 44.352111
53.195089 59.942055 44.358654
53.204440 60.087316 44.364264
53.212105 60.206539 44.368863
53.218107 60.299982 44.372464
53.222589 60.369840 44.375153
53.225777 60.419585 44.377066
53.227935 60.453271 44.378361
53.229321 60.474925 44.379192
53.230165 60.488121 44.379699
53.230653 60.495756 44.379992
53.230926 60.500028 44.380156
53.231086 60.502540 44.380252
53.231212 60.504512 44.380327
53.231373 60.507028 44.380424
53.231646 60.511311 44.380587
53.232134 60.518975 44.380880
53.232978 60.532232 44.381387
53.234364 60.554014 44.382218
53.236522 60.587948 44.383513
53.239710 60.638141 44.385426
53.244192 60.708754 44.388115
53.250193 60.803399 44.391716
53.257859 60.924422 44.396315
53.267209 61.072225 44.401926
53.278113 61.244788 44.408468
53.290275 61.437518 44.415765
53.303259 61.643535 44.423555
53.316528 61.854359 44.431517
53.329512 62.060916 44.439307
53.341674 62.254653 44.446605
53.352578 62.428553 44.453147
53.361929 62.577860 44.458757
53.369594 62.700392 44.463356
53.375595 62.796419 44.466957
53.380077 62.868203 44.469646
53.383266 62.919316 44.471559
53.385423 62.953926 44.472854
53.386809 62.976173 44.473686
53.387653 62.989728 44.474192
53.388142 62.997572 44.474485
53.388415 63.001960 44.474649
53.388575 63.004541 44.474745
53.388701 63.006566 44.474821
53.388861 63.009150 44.474917
53.389134 63.013549 44.475081
53.389623 63.021419 44.475374
53.390467 63.035033 44.475880
53.391853 63.057401 44.476712
53.394010 63.092245 44.478006
53.397199 63.143779 44.479919
53.401681 63.216276 44.482608
53.407682 63.313437 44.486209
53.415347 63.437665 44.490808
53.424698 63.589369 44.496419
53.435602 63.766468 44.502961
53.447764 63.964244 44.510258
53.460748 64.175631 44.518049
53.474017 64.391928 44.526010
53.487001 64.603824 44.533800
53.499163 64.802548 44.541098
53.510067 64.980905 44.547640
53.519417 65.134025 44.553250
53.527083 65.259674 44.557850
53.533084 65.358136 44.561450
53.537566 65.431734 44.564139
53.540754 65.484135 44.566053
53.542912 65.519615 44.567347
53.544298 65.542419 44.568179
53.545142 65.556314 44.568685
53.545630 65.564354 44.568978
53.545903 65.568852 44.569142
53.546064 65.571497 44.569238
53.546189 65.573572 44.569314
53.546350 65.576220 44.569410
53.546623 65.580728 44.569574
53.547111 65.588792 44.569867
53.547955 65.602742 44.570373
53.549341 65.625661 44.571205
53.551499 65.661361 44.572499
53.554687 65.714157 44.574412
53.559169 65.788425 44.577102
53.565171 65.887951 44.580702
53.572836 66.015194 44.585302
53.582187 66.170565 44.590912
53.593090 66.351928 44.597454
53.605252 66.554446 44.604751
53.618236 66.770879 44.612542
53.631506 66.992317 44.620503
53.644489 67.209228 44.628294
53.656652 67.412634 44.635591
53.667555 67.595177 44.642133
53.676906 67.751875 44.647744
53.684571 67.880449 44.652343
53.690572 67.981195 44.655943
53.695054 68.056495 44.658633
53.698243 68.110105 44.660546
53.700401 68.146401 44.661840
53.701787 68.169729 44.662672
53.702631 68.183942 44.663178
53.703119 68.192166 44.663471
53.703392 68.196766 44.663635
53.703552 68.199471 44.663731
53.703678 68.201593 44.663807
53.703839 68.204302 44.663903
53.704112 68.208911 44.664067
53.704600 68.217158 44.664360
53.705444 68.231423 44.664866
53.706830 68.254858 44.665698
53.708987 68.291359 44.666992
53.712176 68.345339 44.668906
53.716658 68.421265 44.671595
53.722659 68.523007 44.675196
53.730325 68.653072 44.679795
53.739675 68.811877 44.685405
53.750579 68.997231 44.691947
53.762741 69.204187 44.699245
53.775725 69.425342 44.707035
53.788994 69.651589 44.714996
53.801978 69.873190 44.722787
53.814140 70.080974 44.730084
53.825044 70.267430 44.736626
53.834394 70.427473 44.742237
53.842060 70.558781 44.746836
53.848061 70.661662 44.750437
53.852543 70.738551 44.753126
53.855732 70.793289 44.755039
53.857889 70.830348 44.756334
53.859275 70.854164 44.757165
53.860119 70.868675 44.757672
53.860607 70.877070 44.757964
53.860880 70.881766 44.758128
53.861041 70.884528 44.758225
53.861167 70.886694 44.758300
53.861327 70.889458 44.758396
53.861600 70.894163 44.758560
53.862088 70.902580 44.758853
53.862932 70.917138 44.759359
53.864318 70.941054 44.760191
53.866476 70.978304 44.761486
53.869665 71.033386 44.763399
53.874147 71.110860 44.766088
53.880148 71.214668 44.769689
53.887813 71.347364 44.774288
53.897164 71.509368 44.779898
53.908067 71.698441 44.786440
53.920230 71.909530 44.793738
53.933213 72.135082 44.801528
53.946483 72.365807 44.809490
53.959467 72.591773 44.817280
53.971629 72.803632 44.824577
53.982532 72.993728 44.831119
53.991883 73.156882 44.836730
53.999548 73.290732 44.841329
54.005550 73.395598 44.844930
54.010032 73.473965 44.847619
54.013220 73.529752 44.849532
54.015378 73.567519 44.850827
54.016764 73.591790 44.851658
54.017608 73.606576 44.852165
54.018096 73.615131 44.852458
54.018369 73.619916 44.852621
54.018530 73.622730 44.852718
54.018655 73.624937 44.852793
54.018816 73.627753 44.852889
54.019089 73.632546 44.853053
54.019577 73.641121 44.853346
54.020421 73.655952 44.853853
54.021807 73.680314 44.854684
54.023965 73.718258 44.855979
54.027153 73.774364 44.857892
54.031635 73.853272 44.860581
54.037636 73.958996 44.864182
54.045302 74.094131 44.868781
54.054652 74.259101 44.874391
54.065556 74.451620 44.880934
54.077718 74.666539 44.888231
54.090702 74.896164 44.896021
54.103971 75.131035 44.903983
54.116955 75.361042 44.911773
54.129117 75.576672 44.919070
54.140021 75.770135 44.925613
54.149372 75.936166 44.931223
54.157037 76.072367 44.935822
54.163038 76.179067 44.939423
54.167520 76.258801 44.942112
54.170709 76.315557 44.944025
54.172866 76.353977 44.945320
54.174252 76.378668 44.946151
54.175096 76.393709 44.946658
54.175585 76.402411 44.946951
54.175858 76.407279 44.947115
54.176018 76.410140 44.947211
54.176144 76.412385 44.947286
54.176304 76.415250 44.947383
54.176577 76.420125 44.947546
54.177066 76.428845 44.947839
54.177910 76.443927 44.948346
54.179296 76.468702 44.949177
54.181453 76.507285 44.950472
54.184642 76.564335 44.952385
54.189124 76.644566 44.955074
54.195125 76.752055 44.958675
54.202790 76.889439 44.963274
54.212141 77.057141 44.968885
54.223045 77.252833 44.975427
54.235207 77.471278 44.982724
54.248191 77.704651 44.990514
54.261460 77.943336 44.998476
54.274444 78.177060 45.006266
54.286606 78.396156 45.013564
54.297510 78.592714 45.020106
54.306860 78.761389 45.025716
54.314526 78.899749 45.030315
54.320527 79.008133 45.033916
54.325009 79.089121 45.036605
54.328197 79.146766 45.038518
54.330355 79.185787 45.039813
54.331741 79.210862 45.040645
54.332585 79.226137 45.041151
54.333073 79.234975 45.041444
54.333346 79.239917 45.041608
54.333507 79.242823 45.041704
54.333633 79.245103 45.041780
54.333793 79.248011 45.041876
54.334066 79.252961 45.042040
54.334554 79.261815 45.042332
54.335398 79.277127 45.042839
54.336784 79.302279 45.043671
54.338942 79.341449 45.044965
54.342130 79.399363 45.046878
54.346612 79.480804 45.049567
54.352614 79.589910 45.053168
54.360279 79.729349 45.057767
54.369630 79.899550 45.063378
54.380533 80.098143 45.069920
54.392696 80.319810 45.077217
54.405679 80.556607 45.085008
54.418949 80.798774 45.092969
54.431932 81.035889 45.100759
54.444095 81.258148 45.108057
54.454998 81.457528 45.114599
54.464349 81.628613 45.120209
54.472014 81.768941 45.124809
54.478015 81.878859 45.128409
54.482497 81.960989 45.131098
54.485686 82.019444 45.133012
54.487844 82.059012 45.134306
54.489230 82.084437 45.135138
54.490074 82.099925 45.135644
54.490562 82.108885 45.135937
54.490835 82.113896 45.136101
54.490995 82.116842 45.136197
54.491121 82.119153 45.136273
54.491282 82.122102 45.136369
54.491555 82.127119 45.136533
54.492043 82.136094 45.136826
54.492887 82.151616 45.137332
54.494273 82.177111 45.138164
54.496430 82.216813 45.139458
54.499619 82.275511 45.141371
54.504101 82.358051 45.144061
54.510102 82.468622 45.147661
54.517768 82.609926 45.152261
54.527118 82.782391 45.157871
54.538022 82.983613 45.164413
54.550184 83.208197 45.171710
54.563168 83.448093 45.179501
54.576437 83.693412 45.187462
54.589421 83.933594 45.195253
54.601583 84.158711 45.202550
54.612487 84.360641 45.209092
54.621837 84.533903 45.214702
54.629503 84.676006 45.219302
54.635504 84.787309 45.222902
54.639986 84.870468 45.225592
54.643175 84.929654 45.227505
54.645332 84.969714 45.228799
54.646718 84.995454 45.229631
54.647562 85.011134 45.230137
54.648050 85.020205 45.230430
54.648323 85.025278 45.230594
54.648484 85.028260 45.230690
54.648610 85.030599 45.230766
54.648770 85.033584 45.230862
54.649043 85.038662 45.231026
54.649531 85.047747 45.231319
54.650375 85.063456 45.231825
54.651761 85.089259 45.232657
54.653919 85.129439 45.233951
54.657108 85.188842 45.235865
54.661590 85.272369 45.238554
54.667591 85.384256 45.242155
54.675256 85.527233 45.246754
54.684607 85.701729 45.252364
54.695510 85.905307 45.258906
54.707673 86.132505 45.266204
54.720656 86.375175 45.273994
54.733926 86.623313 45.281955
54.746910 86.866238 45.289746
54.759072 87.093910 45.297043
54.769975 87.298117 45.303585
54.779326 87.473321 45.309196
54.786991 87.617008 45.313795
54.792993 87.729546 45.317396
54.797475 87.813623 45.320085
54.800663 87.873459 45.321998
54.802821 87.913957 45.323293
54.804207 87.939979 45.324124
54.805051 87.955829 45.324631
54.805539 87.964998 45.324923
54.805812 87.970126 45.325087
54.805973 87.973141 45.325184
54.806098 87.975505 45.325259
54.806259 87.978521 45.325355
54.806532 87.983654 45.325519
54.807020 87.992835 45.325812
54.807864 88.008712 45.326318
54.809250 88.034788 45.327150
54.811408 88.075393 45.328445
54.814596 88.135421 45.330358
54.819078 88.219822 45.333047
54.825079 88.332874 45.336648
54.832745 88.477333 45.341247
54.842095 88.653626 45.346857
54.852999 88.859288 45.353399
54.865161 89.088795 45.360697
54.878145 89.333916 45.368487
54.891414 89.584541 45.376449
54.904398 89.829884 45.384239
54.916560 90.059806 45.391536
54.927464 90.266019 45.398078
54.936815 90.442931 45.403689
54.944480 90.588011 45.408288
54.950481 90.701633 45.411889
54.954963 90.786516 45.414578
54.958152 90.846923 45.416491
54.960309 90.887806 45.417786
54.961695 90.914073 45.418617
54.962540 90.930073 45.419124
54.963028 90.939328 45.419417
54.963301 90.944504 45.419580
54.963461 90.947547 45.419677
54.963587 90.949933 45.419752
54.963747 90.952978 45.419848
54.964020 90.958158 45.420012
54.964509 90.967424 45.420305
54.965353 90.983446 45.420812
54.966739 91.009762 45.421643
54.968896 91.050737 45.422938
54.972085 91.111309 45.424851
54.976567 91.196473 45.427540
54.982568 91.310542 45.431141
54.990233 91.456290 45.435740
54.999584 91.634147 45.441350
55.010488 91.841619 45.447893
55.022650 92.073132 45.455190
55.035634 92.320378 45.462980
55.048903 92.573160 45.470942
55.061887 92.820596 45.478732
55.074049 93.052465 45.486029
55.084953 93.260409 45.492572
55.094303 93.438797 45.498182
55.101969 93.585078 45.502781
55.107970 93.699634 45.506382
55.112452 93.785211 45.509071
55.115641 93.846109 45.510984
55.117798 93.887322 45.512279
55.119184 93.913801 45.513110
55.120028 93.929929 45.513617
55.120516 93.939258 45.513910
55.120789 93.944476 45.514074
55.120950 93.947543 45.514170
55.121076 93.949948 45.514245
55.121236 93.953016 45.514342
55.121509 93.958237 45.514505
55.121997 93.967575 45.514798
55.122841 93.983723 45.515305
55.124227 94.010242 45.516136
55.126385 94.051534 45.517431
55.129574 94.112572 45.519344
55.134055 94.198387 45.522033
55.140057 94.313320 45.525634
55.147722 94.460167 45.530233
55.157073 94.639354 45.535844
55.167976 94.848364 45.542386
55.180139 95.081579 45.549683
55.193122 95.330626 45.557473
55.206392 95.585232 45.565435
55.219375 95.834437 45.573225
55.231538 96.067948 45.580523
55.242441 96.277352 45.587065
55.251792 96.456981 45.592675
55.259457 96.604272 45.597274
55.265458 96.719612 45.600875
55.269940 96.805771 45.603564
55.273129 96.867080 45.605477
55.275287 96.908570 45.606772
55.276673 96.935226 45.607604
55.277517 96.951461 45.608110
55.278005 96.960852 45.608403
55.278278 96.966104 45.608567
55.278438 96.969191 45.608663
55.278564 96.971612 45.608739
55.278725 96.974701 45.608835
55.278998 96.979955 45.608999
55.279486 96.989354 45.609291
55.280330 97.005605 45.609798
55.281716 97.032294 45.610629
55.283873 97.073848 45.611924
55.287062 97.135272 45.613837
55.291544 97.221625 45.616526
55.297545 97.337275 45.620127
55.305211 97.485028 45.624726
55.314561 97.665310 45.630337
55.325465 97.875587 45.636879
55.337627 98.110199 45.644176
55.350611 98.360722 45.651967
55.363880 98.616821 45.659928
55.376864 98.867471 45.667718
55.389026 99.102320 45.675016
55.399930 99.312911 45.681558
55.409281 99.493548 45.687168
55.416946 99.641656 45.691768
55.422947 99.757631 45.695368
55.427429 99.844259 45.698057
55.430618 99.905900 45.699971
55.432775 99.947613 45.701265
55.434161 99.974411 45.702097
55.435005 99.990733 45.702603
55.435494 100.000173 45.702896
55.435767 100.005453 45.703060
55.435927 100.008556 45.703156
55.436053 100.010990 45.703232
55.436213 100.014094 45.703328
55.436486 100.019376 45.703492
55.436974 100.028822 45.703785
55.437818 100.045156 45.704291
55.439204 100.071980 45.705123
55.441362 100.113742 45.706417
55.444551 100.175472 45.708330
55.449033 100.262252 45.711020
55.455034 100.378467 45.714620
55.462699 100.526935 45.719220
55.472050 100.708080 45.724830
55.482953 100.919350 45.731372
55.495116 101.155056 45.738669
55.508100 101.406731 45.746460
55.521369 101.663990 45.754421
55.534353 101.915760 45.762212
55.546515 102.151644 45.769509
55.557418 102.363150 45.776051
55.566769 102.544560 45.781661
55.574434 102.693295 45.786261
55.580436 102.809754 45.789861
55.584918 102.896740 45.792551
55.588106 102.958632 45.794464
55.590264 103.000515 45.795758
55.591650 103.027420 45.796590
55.592494 103.043807 45.797096
55.592982 103.053285 45.797389
55.593255 103.058585 45.797553
55.593416 103.061701 45.797649
55.593541 103.064144 45.797725
55.593702 103.067260 45.797821
55.593975 103.072562 45.797985
55.594463 103.082044 45.798278
55.595307 103.098439 45.798784
55.596693 103.125363 45.799616
55.598851 103.167281 45.800910
55.602039 103.229237 45.802824
55.606521 103.316331 45.805513
55.612522 103.432962 45.809113
55.620188 103.581954 45.813713
55.629538 103.763727 45.819323
55.640442 103.975717 45.825865
55.652604 104.212213 45.833163
55.665588 104.464715 45.840953
55.678857 104.722804 45.848914
55.691841 104.975369 45.856705
55.704004 105.211983 45.864002
55.714907 105.424131 45.870544
55.724258 105.606082 45.876155
55.731923 105.755251 45.880754
55.737924 105.872044 45.884355
55.742406 105.959276 45.887044
55.745595 106.021341 45.888957
55.747753 106.063338 45.890252
55.749139 106.090317 45.891083
55.749983 106.106747 45.891590
55.750471 106.116250 45.891882
55.750744 106.121564 45.892046
55.750904 106.124688 45.892143
55.751030 106.127137 45.892218
55.751190 106.130261 45.892314
55.751463 106.135576 45.892478
55.751952 106.145082 45.892771
55.752796 106.161518 45.893277
55.754182 106.188508 45.894109
55.756339 106.230526 45.895404
55.759528 106.292629 45.897317
55.764010 106.379925 45.900006
55.770011 106.496822 45.903607
55.777676 106.646146 45.908206
55.787027 106.828314 45.913816
55.797931 107.040752 45.920358
55.810093 107.277734 45.927656
55.823077 107.530738 45.935446
55.836346 107.789324 45.943408
55.849330 108.042361 45.951198
55.861492 108.279402 45.958495
55.872396 108.491919 45.965037
55.881746 108.674175 45.970648
55.889412 108.823588 45.975247
55.895413 108.940566 45.978848
55.899895 109.027931 45.981537
55.903084 109.090088 45.983450
55.905241 109.132146 45.984745
55.906627 109.159163 45.985576
55.907471 109.175617 45.986083
55.907959 109.185133 45.986376
55.908232 109.190454 45.986539
55.908393 109.193582 45.986636
55.908519 109.196034 45.986711
55.908679 109.199162 45.986807
55.908952 109.204484 45.986971
55.909440 109.214001 45.987264
55.910284 109.230456 45.987771
55.911670 109.257477 45.988602
55.913828 109.299542 45.989897
55.917017 109.361712 45.991810
55.921499 109.449099 45.994499
55.927500 109.566111 45.998100
55.935165 109.715575 46.002699
55.944516 109.897904 46.008309
55.955419 110.110518 46.014852
55.967582 110.347681 46.022149
55.980565 110.600864 46.029939
55.993835 110.859616 46.037901
56.006818 111.112799 46.045691
56.018981 111.349962 46.052988
56.029884 111.562576 46.059531
56.039235 111.744905 46.065141
56.046900 111.894369 46.069740
56.052901 112.011381 46.073341
56.057383 112.098768 46.076030
56.060572 112.160938 46.077943
56.062730 112.203003 46.079238
56.064116 112.230024 46.080069
56.064960 112.246479 46.080576
56.065448 112.255996 46.080869
56.065721 112.261318 46.081033
56.065881 112.264446 46.081129
56.066007 112.266898 46.081204
56.066168 112.270026 46.081301
56.066441 112.275347 46.081464
56.066929 112.284863 46.081757
56.067773 112.301317 46.082264
56.069159 112.328334 46.083095
56.071316 112.370392 46.084390
56.074505 112.432549 46.086303
56.078987 112.519914 46.088992
56.084988 112.636892 46.092593
56.092654 112.786305 46.097192
56.102004 112.968561 46.102803
56.112908 113.181078 46.109345
56.125070 113.418119 46.116642
56.138054 113.671156 46.124432
56.151323 113.929742 46.132394
56.164307 114.182746 46.140184
56.176469 114.419728 46.147482
56.187373 114.632166 46.154024
56.196724 114.814334 46.159634
56.204389 114.963658 46.164233
56.210390 115.080555 46.167834
56.214872 115.167851 46.170523
56.218061 115.229954 46.172436
56.220218 115.271972 46.173731
56.221604 115.298962 46.174563
56.222448 115.315398 46.175069
56.222937 115.324904 46.175362
56.223210 115.330219 46.175526
56.223370 115.333343 46.175622
56.223496 115.335792 46.175697
56.223656 115.338916 46.175794
56.223929 115.344230 46.175958
56.224417 115.353733 46.176250
56.225261 115.370163 46.176757
56.226647 115.397142 46.177588
56.228805 115.439139 46.178883
56.231994 115.501204 46.180796
56.236476 115.588436 46.183485
56.242477 115.705229 46.187086
56.250142 115.854398 46.191685
56.259493 116.036349 46.197296
56.270396 116.248497 46.203838
56.282559 116.485111 46.211135
56.295543 116.737676 46.218926
56.308812 116.995765 46.226887
56.321796 117.248267 46.234677
56.333958 117.484763 46.241975
56.344862 117.696753 46.248517
56.354212 117.878526 46.254127
56.361878 118.027518 46.258727
56.367879 118.144149 46.262327
56.372361 118.231243 46.265016
56.375549 118.293199 46.266930
56.377707 118.335117 46.268224
56.379093 118.362041 46.269056
56.379937 118.378436 46.269562
56.380425 118.387918 46.269855
56.380698 118.393220 46.270019
56.380859 118.396336 46.270115
56.380984 118.398779 46.270191
56.381145 118.401895 46.270287
56.381418 118.407195 46.270451
56.381906 118.416673 46.270744
56.382750 118.433060 46.271250
56.384136 118.459965 46.272082
56.386294 118.501848 46.273376
56.389482 118.563740 46.275289
56.393964 118.650726 46.277979
56.399966 118.767185 46.281579
56.407631 118.915920 46.286179
56.416982 119.097330 46.291789
56.427885 119.308836 46.298331
56.440047 119.544720 46.305628
56.453031 119.796490 46.313419
56.466300 120.053749 46.321380
56.479284 120.305424 46.329171
56.491447 120.541130 46.336468
56.502350 120.752400 46.343010
56.511701 120.933545 46.348620
56.519366 121.082013 46.353220
56.525367 121.198228 46.356820
56.529849 121.285008 46.359510
56.533038 121.346738 46.361423
56.535196 121.388500 46.362717
56.536582 121.415324 46.363549
56.537426 121.431658 46.364055
56.537914 121.441104 46.364348
56.538187 121.446386 46.364512
56.538347 121.449490 46.364608
56.538473 121.451924 46.364684
56.538633 121.455027 46.364780
56.538906 121.460307 46.364944
56.539395 121.469747 46.365237
56.540239 121.486069 46.365743
56.541625 121.512867 46.366575
56.543782 121.554580 46.367869
56.546971 121.616221 46.369783
56.551453 121.702849 46.372472
56.557454 121.818824 46.376072
56.565119 121.966932 46.380672
56.574470 122.147569 46.386282
56.585374 122.358160 46.392824
56.597536 122.593009 46.400122
56.610520 122.843659 46.407912
56.623789 123.099758 46.415873
56.636773 123.350281 46.423664
56.648935 123.584893 46.430961
56.659839 123.795170 46.437503
56.669189 123.975452 46.443114
56.676855 124.123205 46.447713
56.682856 124.238855 46.451314
56.687338 124.325208 46.454003
56.690527 124.386632 46.455916
56.692684 124.428186 46.457211
56.694070 124.454875 46.458042
56.694914 124.471126 46.458549
56.695402 124.480525 46.458841
56.695675 124.485779 46.459005
56.695836 124.488868 46.459101
56.695962 124.491289 46.459177
56.696122 124.494376 46.459273
56.696395 124.499628 46.459437
56.696883 124.509019 46.459730
56.697727 124.525254 46.460236
56.699113 124.551910 46.461068
56.701271 124.593400 46.462363
56.704460 124.654709 46.464276
56.708942 124.740868 46.466965
56.714943 124.856208 46.470566
56.722608 125.003499 46.475165
56.731959 125.183128 46.480775
56.742862 125.392532 46.487317
56.755025 125.626043 46.494615
56.768008 125.875248 46.502405
56.781278 126.129854 46.510367
56.794261 126.378901 46.518157
56.806424 126.612116 46.525454
56.817327 126.821126 46.531996
56.826678 127.000313 46.537607
56.834343 127.147160 46.542206
56.840345 127.262093 46.545807
56.844826 127.347908 46.548496
56.848015 127.408946 46.550409
56.850173 127.450238 46.551704
56.851559 127.476757 46.552535
56.852403 127.492905 46.553042
56.852891 127.502243 46.553335
56.853164 127.507464 46.553498
56.853324 127.510532 46.553595
56.853450 127.512937 46.553670
56.853611 127.516004 46.553766
56.853884 127.521222 46.553930
56.854372 127.530551 46.554223
56.855216 127.546679 46.554730
56.856602 127.573158 46.555561
56.858759 127.614371 46.556856
56.861948 127.675269 46.558769
56.866430 127.760846 46.561458
56.872431 127.875402 46.565059
56.880097 128.021683 46.569658
56.889447 128.200071 46.575268
56.900351 128.408015 46.581811
56.912513 128.639884 46.589108
56.925497 128.887320 46.596898
56.938766 129.140102 46.604860
56.951750 129.387348 46.612650
56.963912 129.618861 46.619947
56.974816 129.826333 46.626490
56.984167 130.004190 46.632100
56.991832 130.149938 46.636699
56.997833 130.264007 46.640300
57.002315 130.349171 46.642989
57.005504 130.409743 46.644902
57.007661 130.450718 46.646197
57.009047 130.477034 46.647028
57.009891 130.493056 46.647535
57.010380 130.502322 46.647828
57.010653 130.507502 46.647992
57.010813 130.510547 46.648088
57.010939 130.512933 46.648163
57.011099 130.515976 46.648260
57.011372 130.521152 46.648423
57.011860 130.530407 46.648716
57.012705 130.546407 46.649223
57.014091 130.572674 46.650054
57.016248 130.613557 46.651349
57.019437 130.673964 46.653262
57.023919 130.758847 46.655951
57.029920 130.872469 46.659552
57.037585 131.017549 46.664151
57.046936 131.194461 46.669762
57.057840 131.400674 46.676304
57.070002 131.630596 46.683601
57.082986 131.875939 46.691391
57.096255 132.126564 46.699353
57.109239 132.371685 46.707143
57.121401 132.601192 46.714441
57.132305 132.806854 46.720983
57.141655 132.983147 46.726593
57.149321 133.127606 46.731192
57.155322 133.240658 46.734793
57.159804 133.325059 46.737482
57.162992 133.385087 46.739395
57.165150 133.425692 46.740690
57.166536 133.451768 46.741522
57.167380 133.467645 46.742028
57.167868 133.476826 46.742321
57.168141 133.481959 46.742485
57.168302 133.484975 46.742581
57.168427 133.487339 46.742656
57.168588 133.490354 46.742753
57.168861 133.495482 46.742917
57.169349 133.504651 46.743209
57.170193 133.520501 46.743716
57.171579 133.546523 46.744547
57.173737 133.587021 46.745842
57.176925 133.646857 46.747755
57.181407 133.730934 46.750444
57.187409 133.843472 46.754045
57.195074 133.987159 46.758644
57.204425 134.162363 46.764255
57.215328 134.366570 46.770797
57.227490 134.594242 46.778094
57.240474 134.837167 46.785885
57.253744 135.085305 46.793846
57.266727 135.327975 46.801636
57.278890 135.555173 46.808934
57.289793 135.758751 46.815476
57.299144 135.933247 46.821086
57.306809 136.076224 46.825685
57.312810 136.188111 46.829286
57.317292 136.271638 46.831975
57.320481 136.331041 46.833889
57.322639 136.371221 46.835183
57.324025 136.397024 46.836015
57.324869 136.412733 46.836521
57.325357 136.421818 46.836814
57.325630 136.426896 46.836978
57.325790 136.429881 46.837074
57.325916 136.432220 46.837150
57.326077 136.435202 46.837246
57.326350 136.440275 46.837410
57.326838 136.449346 46.837703
57.327682 136.465026 46.838209
57.329068 136.490766 46.839041
57.331225 136.530826 46.840335
57.334414 136.590012 46.842248
57.338896 136.673171 46.844938
57.344897 136.784474 46.848538
57.352563 136.926577 46.853138
57.361913 137.099839 46.858748
57.372817 137.301769 46.865290
57.384979 137.526886 46.872587
57.397963 137.767068 46.880378
57.411232 138.012387 46.888339
57.424216 138.252283 46.896130
57.436378 138.476867 46.903427
57.447282 138.678089 46.909969
57.456632 138.850554 46.915579
57.464298 138.991858 46.920179
57.470299 139.102429 46.923779
57.474781 139.184969 46.926469
57.477970 139.243667 46.928382
57.480127 139.283369 46.929676
57.481513 139.308864 46.930508
57.482357 139.324386 46.931014
57.482845 139.333361 46.931307
57.483118 139.338378 46.931471
57.483279 139.341327 46.931567
57.483405 139.343638 46.931643
57.483565 139.346584 46.931739
57.483838 139.351595 46.931903
57.484326 139.360555 46.932196
57.485170 139.376043 46.932702
57.486556 139.401468 46.933534
57.488714 139.441036 46.934828
57.491903 139.499491 46.936742
57.496385 139.581621 46.939431
57.502386 139.691539 46.943031
57.510051 139.831867 46.947631
57.519402 140.002952 46.953241
57.530305 140.202332 46.959783
57.542468 140.424591 46.967081
57.555451 140.661706 46.974871
57.568721 140.903873 46.982832
57.581704 141.140670 46.990623
57.593867 141.362337 46.997920
57.604770 141.560930 47.004462
57.614121 141.731131 47.010073
57.621786 141.870570 47.014672
57.627788 141.979676 47.018273
57.632270 142.061117 47.020962
57.635458 142.119031 47.022875
57.637616 142.158201 47.024169
57.639002 142.183353 47.025001
57.639846 142.198665 47.025508
57.640334 142.207519 47.025800
57.640607 142.212469 47.025964
57.640767 142.215377 47.026060
57.640893 142.217657 47.026136
57.641054 142.220563 47.026232
57.641327 142.225505 47.026396
57.641815 142.234343 47.026689
57.642659 142.249618 47.027195
57.644045 142.274693 47.028027
57.646203 142.313714 47.029322
57.649391 142.371359 47.031235
57.653873 142.452347 47.033924
57.659874 142.560731 47.037525
57.667540 142.699091 47.042124
57.676890 142.867766 47.047734
57.687794 143.064324 47.054276
57.699956 143.283420 47.061574
57.712940 143.517144 47.069364
57.726209 143.755829 47.077326
57.739193 143.989202 47.085116
57.751355 144.207647 47.092413
57.762259 144.403339 47.098955
57.771610 144.571041 47.104566
57.779275 144.708425 47.109165
57.785276 144.815914 47.112766
57.789758 144.896145 47.115455
57.792947 144.953195 47.117368
57.795104 144.991778 47.118663
57.796490 145.016553 47.119494
57.797334 145.031635 47.120001
57.797823 145.040355 47.120294
57.798096 145.045230 47.120457
57.798256 145.048095 47.120554
57.798382 145.050340 47.120629
57.798542 145.053201 47.120725
57.798815 145.058069 47.120889
57.799304 145.066771 47.121182
57.800148 145.081812 47.121689
57.801534 145.106503 47.122520
57.803691 145.144923 47.123815
57.806880 145.201679 47.125728
57.811362 145.281413 47.128417
57.817363 145.388113 47.132018
57.825028 145.524314 47.136617
57.834379 145.690345 47.142227
57.845283 145.883808 47.148770
57.857445 146.099438 47.156067
57.870429 146.329445 47.163857
57.883698 146.564316 47.171819
57.896682 146.793941 47.179609
57.908844 147.008860 47.186906
57.919748 147.201379 47.193449
57.929098 147.366349 47.199059
57.936764 147.501484 47.203658
57.942765 147.607208 47.207259
57.947247 147.686116 47.209948
57.950435 147.742222 47.211861
57.952593 147.780166 47.213156
57.953979 147.804528 47.213987
57.954823 147.819359 47.214494
57.955311 147.827934 47.214787
57.955584 147.832727 47.214951
57.955745 147.835543 47.215047
57.955870 147.837750 47.215122
57.956031 147.840564 47.215219
57.956304 147.845349 47.215382
57.956792 147.853904 47.215675
57.957636 147.868690 47.216182
57.959022 147.892961 47.217013
57.961180 147.930728 47.218308
57.964368 147.986515 47.220221
57.968850 148.064882 47.222910
57.974852 148.169748 47.226511
57.982517 148.303598 47.231110
57.991868 148.466752 47.236721
58.002771 148.656848 47.243263
58.014933 148.868707 47.250560
58.027917 149.094673 47.258350
58.041187 149.325398 47.266312
58.054170 149.550950 47.274102
58.066333 149.762039 47.281400
58.077236 149.951112 47.287942
58.086587 150.113116 47.293552
58.094252 150.245812 47.298151
58.100253 150.349620 47.301752
58.104735 150.427094 47.304441
58.107924 150.482176 47.306354
58.110082 150.519426 47.307649
58.111468 150.543342 47.308481
58.112312 150.557900 47.308987
58.112800 150.566317 47.309280
58.113073 150.571022 47.309444
58.113233 150.573786 47.309540
58.113359 150.575952 47.309615
58.113520 150.578714 47.309712
58.113793 150.583410 47.309876
58.114281 150.591805 47.310168
58.115125 150.606316 47.310675
58.116511 150.630132 47.311506
58.118668 150.667191 47.312801
58.121857 150.721929 47.314714
58.126339 150.798818 47.317403
58.132340 150.901699 47.321004
58.140006 151.033007 47.325603
58.149356 151.193050 47.331214
58.160260 151.379506 47.337756
58.172422 151.587290 47.345053
58.185406 151.808891 47.352844
58.198675 152.035138 47.360805
58.211659 152.256293 47.368595
58.223821 152.463249 47.375893
58.234725 152.648603 47.382435
58.244075 152.807408 47.388045
58.251741 152.937473 47.392644
58.257742 153.039215 47.396245
58.262224 153.115141 47.398934
58.265413 153.169121 47.400848
58.267570 153.205622 47.402142
58.268956 153.229057 47.402974
58.269800 153.243322 47.403480
58.270288 153.251569 47.403773
58.270561 153.256178 47.403937
58.270722 153.258887 47.404033
58.270848 153.261009 47.404109
58.271008 153.263714 47.404205
58.271281 153.268314 47.404369
58.271769 153.276538 47.404662
58.272613 153.290751 47.405168
58.273999 153.314079 47.406000
58.276157 153.350375 47.407294
58.279346 153.403985 47.409207
58.283828 153.479285 47.411897
58.289829 153.580031 47.415497
58.297494 153.708605 47.420096
58.306845 153.865303 47.425707
58.317748 154.047846 47.432249
58.329911 154.251252 47.439546
58.342894 154.468163 47.447337
58.356164 154.689601 47.455298
58.369148 154.906034 47.463089
58.381310 155.108552 47.470386
58.392213 155.289915 47.476928
58.401564 155.445286 47.482538
58.409229 155.572529 47.487138
58.415231 155.672055 47.490738
58.419713 155.746323 47.493428
58.422901 155.799119 47.495341
58.425059 155.834819 47.496635
58.426445 155.857738 47.497467
58.427289 155.871688 47.497973
58.427777 155.879752 47.498266
58.428050 155.884260 47.498430
58.428211 155.886908 47.498526
58.428336 155.888983 47.498602
58.428497 155.891628 47.498698
58.428770 155.896126 47.498862
58.429258 155.904166 47.499155
58.430102 155.918061 47.499661
58.431488 155.940865 47.500493
58.433646 155.976345 47.501787
58.436834 156.028746 47.503701
58.441316 156.102344 47.506390
58.447317 156.200806 47.509990
58.454983 156.326455 47.514590
58.464333 156.479575 47.520200
58.475237 156.657932 47.526742
58.487399 156.856656 47.534040
58.500383 157.068552 47.541830
58.513652 157.284849 47.549791
58.526636 157.496236 47.557582
58.538798 157.694012 47.564879
58.549702 157.871111 47.571421
58.559053 158.022815 47.577032
58.566718 158.147043 47.581631
58.572719 158.244204 47.585232
58.577201 158.316701 47.587921
58.580390 158.368235 47.589834
58.582547 158.403079 47.591128
58.583933 158.425447 47.591960
58.584777 158.439061 47.592466
58.585266 158.446931 47.592759
58.585539 158.451330 47.592923
58.585699 158.453914 47.593019
58.585825 158.455939 47.593095
58.585985 158.458520 47.593191
58.586258 158.462908 47.593355
58.586747 158.470752 47.593648
58.587591 158.484307 47.594154
58.588977 158.506554 47.594986
58.591134 158.541164 47.596281
58.594323 158.592277 47.598194
58.598805 158.664061 47.600883
58.604806 158.760088 47.604484
58.612471 158.882620 47.609083
58.621822 159.031927 47.614693
58.632726 159.205827 47.621235
58.644888 159.399564 47.628533
58.657872 159.606121 47.636323
58.671141 159.816945 47.644285
58.684125 160.022962 47.652075
58.696287 160.215692 47.659372
58.707191 160.388255 47.665914
58.716541 160.536058 47.671525
58.724207 160.657081 47.676124
58.730208 160.751726 47.679725
58.734690 160.822339 47.682414
58.737878 160.872532 47.684327
58.740036 160.906466 47.685622
58.741422 160.928248 47.686453
58.742266 160.941505 47.686960
58.742754 160.949169 47.687253
58.743027 160.953452 47.687416
58.743188 160.955968 47.687513
58.743314 160.957940 47.687588
58.743474 160.960452 47.687684
58.743747 160.964724 47.687848
58.744235 160.972359 47.688141
58.745079 160.985555 47.688648
58.746465 161.007209 47.689479
58.748623 161.040895 47.690774
58.751811 161.090640 47.692687
58.756293 161.160498 47.695376
58.762295 161.253941 47.698977
58.769960 161.373164 47.703576
58.779311 161.518425 47.709186
58.790214 161.687595 47.715729
58.802377 161.876041 47.723026
58.815360 162.076935 47.730816
58.828630 162.281955 47.738778
58.841613 162.482275 47.746568
58.853776 162.669656 47.753865
58.864679 162.837410 47.760408
58.874030 162.981079 47.766018
58.881695 163.098704 47.770617
58.887696 163.190683 47.774218
58.892178 163.259302 47.776907
58.895367 163.308072 47.778820
58.897525 163.341042 47.780115
58.898911 163.362205 47.780946
58.899755 163.375084 47.781453
58.900243 163.382529 47.781746
58.900516 163.386690 47.781910
58.900676 163.389134 47.782006
58.900802 163.391048 47.782081
58.900963 163.393488 47.782178
58.901236 163.397637 47.782341
58.901724 163.405052 47.782634
58.902568 163.417866 47.783141
58.903954 163.438893 47.783972
58.906111 163.471601 47.785267
58.909300 163.519899 47.787180
58.913782 163.587718 47.789869
58.919783 163.678427 47.793470
58.927449 163.794150 47.798069
58.936799 163.935131 47.803680
58.947703 164.099298 47.810222
58.959865 164.282150 47.817519
58.972849 164.477056 47.825309
58.986118 164.675939 47.833271
58.999102 164.870240 47.841061
59.011264 165.051967 47.848359
59.022168 165.214639 47.854901
59.031518 165.353940 47.860511
59.039184 165.467976 47.865110
59.045185 165.557140 47.868711
59.049667 165.623651 47.871400
59.052856 165.670920 47.873313
59.055013 165.702873 47.874608
59.056399 165.723381 47.875440
59.057243 165.735861 47.875946
59.057732 165.743075 47.876239
59.058004 165.747106 47.876403
59.058165 165.749474 47.876499
59.058291 165.751329 47.876574
59.058451 165.753692 47.876671
59.058724 165.757711 47.876835
59.059212 165.764894 47.877127
59.060056 165.777305 47.877634
59.061442 165.797670 47.878465
59.063600 165.829346 47.879760
59.066789 165.876117 47.881673
59.071271 165.941786 47.884362
59.077272 166.029610 47.887963
59.084937 166.141641 47.892562
59.094288 166.278109 47.898173
59.105191 166.437001 47.904715
59.117354 166.613954 47.912012
59.130338 166.802547 47.919803
59.143607 166.994963 47.927764
59.156591 167.182919 47.935554
59.168753 167.358688 47.942852
59.179656 167.516007 47.949394
59.189007 167.650706 47.955004
59.196672 167.760961 47.959603
59.202674 167.847159 47.963204
59.207156 167.911451 47.965893
59.210344 167.957139 47.967807
59.212502 167.988020 47.969101
59.213888 168.007839 47.969933
59.214732 168.019899 47.970439
59.215220 168.026869 47.970732
59.215493 168.030764 47.970896
59.215654 168.033052 47.970992
59.215779 168.034844 47.971068
59.215940 168.037127 47.971164
59.216213 168.041009 47.971328
59.216701 168.047947 47.971621
59.217545 168.059934 47.972127
59.218931 168.079603 47.972959
59.221089 168.110194 47.974253
59.224277 168.155357 47.976166
59.228759 168.218764 47.978856
59.234760 168.303554 47.982456
59.242426 168.411702 47.987055
59.251776 168.543423 47.992666
59.262680 168.696766 47.999208
59.274842 168.867517 48.006505
59.287826 169.049473 48.014296
59.301095 169.235089 48.022257
59.314079 169.416376 48.030047
59.326241 169.585884 48.037345
59.337145 169.737576 48.043887
59.346496 169.867439 48.049497
59.354161 169.973722 48.054097
59.360162 170.056804 48.057697
59.364644 170.118765 48.060387
59.367833 170.162792 48.062300
59.369990 170.192547 48.063594
59.371376 170.211642 48.064426
59.372221 170.223261 48.064932
59.372709 170.229976 48.065225
59.372982 170.233728 48.065389
59.373142 170.235932 48.065485
59.373268 170.237658 48.065561
59.373428 170.239857 48.065657
59.373701 170.243595 48.065821
59.374190 170.250276 48.066114
59.375034 170.261818 48.066620
59.376420 170.280756 48.067452
59.378577 170.310207 48.068746
59.381766 170.353684 48.070660
59.386248 170.414717 48.073349
59.392249 170.496322 48.076949
59.399914 170.600394 48.081549
59.409265 170.727134 48.087159
59.420169 170.874658 48.093701
59.432331 171.038902 48.100999
59.445315 171.213896 48.108789
59.458584 171.392381 48.116750
59.471568 171.566675 48.124541
59.483730 171.729616 48.131838
59.494634 171.875409 48.138380
59.503984 172.000203 48.143991
59.511650 172.102322 48.148590
59.517651 172.182138 48.152191
59.522133 172.241657 48.154880
59.525322 172.283942 48.156793
59.527479 172.312519 48.158087
59.528865 172.330855 48.158919
59.529709 172.342012 48.159425
59.530197 172.348459 48.159718
59.530470 172.352061 48.159882
59.530631 172.354177 48.159978
59.530757 172.355834 48.160054
59.530917 172.357944 48.160150
59.531190 172.361532 48.160314
59.531678 172.367944 48.160607
59.532522 172.379020 48.161113
59.533908 172.397192 48.161945
59.536066 172.425449 48.163239
59.539255 172.467160 48.165153
59.543736 172.525707 48.167842
59.549738 172.603977 48.171443
59.557403 172.703783 48.176042
59.566754 172.825308 48.181652
59.577657 172.966739 48.188194
59.589820 173.124172 48.195492
59.602803 173.291880 48.203282
59.616073 173.462903 48.211244
59.629056 173.629878 48.219034
59.641219 173.785950 48.226331
59.652122 173.925571 48.232873
59.661473 174.045062 48.238484
59.669138 174.142825 48.243083
59.675139 174.219226 48.246684
59.679621 174.276189 48.249373
59.682810 174.316654 48.251286
59.684968 174.343997 48.252581
59.686354 174.361541 48.253412
59.687198 174.372214 48.253919
59.687686 174.378381 48.254212
59.687959 174.381827 48.254375
59.688119 174.383850 48.254472
59.688245 174.385435 48.254547
59.688406 174.387453 48.254643
59.688679 174.390884 48.254807
59.689167 174.397014 48.255100
59.690011 174.407603 48.255607
59.691397 174.424974 48.256438
59.693554 174.451984 48.257733
59.696743 174.491849 48.259646
59.701225 174.547797 48.262335
59.707226 174.622584 48.265936
59.714892 174.717931 48.270535
59.724242 174.834008 48.276145
59.735146 174.969073 48.282688
59.747308 175.119392 48.289985
59.760292 175.279489 48.297775
59.773561 175.442717 48.305737
59.786545 175.602050 48.313527
59.798707 175.750947 48.320824
59.809611 175.884125 48.327367
59.818962 175.998078 48.332977
59.826627 176.091295 48.337576
59.832628 176.164130 48.341177
59.837110 176.218426 48.343866
59.840299 176.256991 48.345779
59.842456 176.283047 48.347074
59.843842 176.299762 48.347905
59.844686 176.309930 48.348412
59.845175 176.315806 48.348705
59.845448 176.319088 48.348869
59.845608 176.321016 48.348965
59.845734 176.322525 48.349040
59.845894 176.324446 48.349137
59.846167 176.327713 48.349300
59.846655 176.333549 48.349593
59.847499 176.343631 48.350100
59.848885 176.360166 48.350931
59.851043 176.385875 48.352226
59.854232 176.423814 48.354139
59.858714 176.477052 48.356828
59.864715 176.548204 48.360429
59.872380 176.638901 48.365028
59.881731 176.749296 48.370639
59.892634 176.877723 48.377181
59.904797 177.020623 48.384478
59.917781 177.172785 48.392268
59.931050 177.327887 48.400230
59.944034 177.479253 48.408020
59.956196 177.620673 48.415318
59.967099 177.747133 48.421860
59.976450 177.855316 48.427470
59.984115 177.943794 48.432069
59.990117 178.012913 48.435670
59.994599 178.064430 48.438359
59.997787 178.101015 48.440272
59.999945 178.125730 48.441567
60.001331 178.141583 48.442399
60.002175 178.151226 48.442905
60.002663 178.156797 48.443198
60.002936 178.159909 48.443362
60.003097 178.161736 48.443458
60.003222 178.163166 48.443533
60.003383 178.164988 48.443630
60.003656 178.168083 48.443794
60.004144 178.173614 48.444086
60.004988 178.183166 48.444593
60.006374 178.198832 48.445424
60.008532 178.223186 48.446719
60.011720 178.259119 48.448632
60.016202 178.309535 48.451321
60.022204 178.376902 48.454922
60.029869 178.462758 48.459521
60.039219 178.567237 48.465132
60.050123 178.688754 48.471674
60.062285 178.823931 48.478971
60.075269 178.967833 48.486761
60.088538 179.114477 48.494723
60.101522 179.257551 48.502513
60.113685 179.391189 48.509811
60.124588 179.510660 48.516353
60.133939 179.612839 48.521963
60.141604 179.696387 48.526562
60.147605 179.761640 48.530163
60.152087 179.810265 48.532852
60.155276 179.844791 48.534766
60.157434 179.868110 48.536060
60.158820 179.883067 48.536892
60.159664 179.892162 48.537398
60.160152 179.897417 48.537691
60.160425 179.900352 48.537855
60.160585 179.902075 48.537951
60.160711 179.903424 48.538027
60.160871 179.905141 48.538123
60.161144 179.908059 48.538287
60.161633 179.913271 48.538580
60.162477 179.922273 48.539086
60.163863 179.937035 48.539918
60.166020 179.959979 48.541212
60.169209 179.993827 48.543125
60.173691 180.041308 48.545815
60.179692 180.104741 48.549415
60.187357 180.185564 48.554014
60.196708 180.283894 48.559625
60.207612 180.398227 48.566167
60.219774 180.525378 48.573464
60.232758 180.660695 48.581255
60.246027 180.798549 48.589216
60.259011 180.933007 48.597006
60.271173 181.058559 48.604304
60.282077 181.170769 48.610846
60.291427 181.266710 48.616456
60.299093 181.345136 48.621056
60.305094 181.406373 48.624656
60.309576 181.451995 48.627346
60.312765 181.484382 48.629259
60.314922 181.506252 48.630553
60.316308 181.520277 48.631385
60.317152 181.528804 48.631891
60.317640 181.533730 48.632184
60.317913 181.536482 48.632348
60.318074 181.538096 48.632444
60.318200 181.539360 48.632520
60.318360 181.540969 48.632616
60.318633 181.543702 48.632780
60.319121 181.548584 48.633073
60.319965 181.557015 48.633579
60.321351 181.570837 48.634411
60.323509 181.592318 48.635705
60.326698 181.624002 48.637619
60.331180 181.668436 48.640308
60.337181 181.727785 48.643908
60.344846 181.803383 48.648508
60.354197 181.895329 48.654118
60.365100 182.002207 48.660660
60.377263 182.121027 48.667958
60.390246 182.247435 48.675748
60.403516 182.376169 48.683709
60.416499 182.501686 48.691500
60.428662 182.618848 48.698797
60.439565 182.723523 48.705339
60.448916 182.812992 48.710950
60.456581 182.886105 48.715549
60.462583 182.943176 48.719150
60.467064 182.985683 48.721839
60.470253 183.015851 48.723752
60.472411 183.036218 48.725046
60.473797 183.049276 48.725878
60.474641 183.057215 48.726384
60.475129 183.061800 48.726677
60.475402 183.064360 48.726841
60.475562 183.065863 48.726937
60.475688 183.067039 48.727013
60.475849 183.068535 48.727109
60.476122 183.071077 48.727273
60.476610 183.075617 48.727566
60.477454 183.083454 48.728072
60.478840 183.096303 48.728904
60.480997 183.116267 48.730198
60.484186 183.145706 48.732112
60.488668 183.186982 48.734801
60.494669 183.242096 48.738402
60.502335 183.312278 48.743001
60.511685 183.397607 48.748611
60.522589 183.496757 48.755153
60.534751 183.606942 48.762451
60.547735 183.724117 48.770241
60.561004 183.843397 48.778203
60.573988 183.959649 48.785993
60.586150 184.068118 48.793290
60.597054 184.164986 48.799832
60.606405 184.247749 48.805443
60.614070 184.315357 48.810042
60.620071 184.368112 48.813643
60.624553 184.407392 48.816332
60.627742 184.435261 48.818245
60.629899 184.454071 48.819540
60.631285 184.466129 48.820371
60.632129 184.473457 48.820878
60.632618 184.477689 48.821171
60.632891 184.480052 48.821334
60.633051 184.481439 48.821431
60.633177 184.482523 48.821506
60.633337 184.483903 48.821602
60.633610 184.486247 48.821766
60.634098 184.490432 48.822059
60.634943 184.497656 48.822566
60.636328 184.509496 48.823397
60.638486 184.527889 48.824692
60.641675 184.555004 48.826605
60.646157 184.593010 48.829294
60.652158 184.643739 48.832895
60.659823 184.708313 48.837494
60.669174 184.786792 48.843104
60.680077 184.877940 48.849646
60.692240 184.979187 48.856944
60.705224 185.086804 48.864734
60.718493 185.196300 48.872696
60.731477 185.302961 48.880486
60.743639 185.402432 48.887783
60.754543 185.491221 48.894326
60.763893 185.567045 48.899936
60.771559 185.628956 48.904535
60.777560 185.677245 48.908136
60.782042 185.713186 48.910825
60.785230 185.738676 48.912738
60.787388 185.755876 48.914033
60.788774 185.766898 48.914864
60.789618 185.773595 48.915371
60.790106 185.777462 48.915664
60.790379 185.779620 48.915828
60.790540 185.780887 48.915924
60.790665 185.781877 48.915999
60.790826 185.783136 48.916096
60.791099 185.785275 48.916259
60.791587 185.789093 48.916552
60.792431 185.795683 48.917059
60.793817 185.806480 48.917890
60.795975 185.823248 48.919185
60.799163 185.847959 48.921098
60.803645 185.882582 48.923787
60.809647 185.928777 48.927388
60.817312 185.987551 48.931987
60.826663 186.058945 48.937598
60.837566 186.141821 48.944140
60.849728 186.233825 48.951437
60.862712 186.331559 48.959227
60.875981 186.430938 48.967189
60.888965 186.527686 48.974979
60.901128 186.617854 48.982277
60.912031 186.698291 48.988819
60.921382 186.766943 48.994429
60.929047 186.822965 48.999028
60.935048 186.866639 49.002629
60.939530 186.899128 49.005318
60.942719 186.922160 49.007231
60.944877 186.937695 49.008526
60.946263 186.947646 49.009358
60.947107 186.953692 49.009864
60.947595 186.957181 49.010157
60.947868 186.959128 49.010321
60.948028 186.960270 49.010417
60.948154 186.961163 49.010492
60.948314 186.962298 49.010589
60.948587 186.964225 49.010752
60.949076 186.967664 49.011045
60.949920 186.973598 49.011552
60.951306 186.983317 49.012383
60.953463 186.998406 49.013678
60.956652 187.020634 49.015591
60.961134 187.051762 49.018280
60.967135 187.093273 49.021881
60.974800 187.146056 49.026480
60.984151 187.210132 49.032091
60.995055 187.284461 49.038633
61.007217 187.366918 49.045930
61.020201 187.454445 49.053720
61.033470 187.543377 49.061682
61.046454 187.629886 49.069472
61.058616 187.710448 49.076770
61.069520 187.782261 49.083312
61.078870 187.843505 49.088922
61.086536 187.893448 49.093521
61.092537 187.932356 49.097122
61.097019 187.961282 49.099811
61.100208 187.981776 49.101725
61.102365 187.995592 49.103019
61.103751 188.004439 49.103851
61.104595 188.009811 49.104357
61.105083 188.012910 49.104650
61.105356 188.014639 49.104814
61.105517 188.015653 49.104910
61.105643 188.016445 49.104986
61.105803 188.017452 49.105082
61.106076 188.019160 49.105246
61.106564 188.022208 49.105539
61.107408 188.027464 49.106045
61.108794 188.036072 49.106877
61.110952 188.049428 49.108171
61.114141 188.069092 49.110084
61.118623 188.096614 49.112774
61.124624 188.133290 49.116374
61.132289 188.179891 49.120973
61.141640 188.236414 49.126584
61.152543 188.301925 49.133126
61.164706 188.374532 49.140423
61.177689 188.451527 49.148214
61.190959 188.529680 49.156175
61.203942 188.605624 49.163965
61.216105 188.676277 49.171263
61.227008 188.739192 49.177805
61.236359 188.792797 49.183415
61.244024 188.836468 49.188015
61.250026 188.870460 49.191615
61.254508 188.895710 49.194305
61.257696 188.913587 49.196218
61.259854 188.925631 49.197512
61.261240 188.933338 49.198344
61.262084 188.938015 49.198850
61.262572 188.940713 49.199143
61.262845 188.942217 49.199307
61.263005 188.943099 49.199403
61.263131 188.943787 49.199479
61.263292 188.944661 49.199575
61.263565 188.946144 49.199739
61.264053 188.948788 49.200032
61.264897 188.953347 49.200538
61.266283 188.960807 49.201370
61.268441 188.972376 49.202664
61.271629 188.989398 49.204578
61.276111 189.013201 49.207267
61.282112 189.044892 49.210867
61.289778 189.085119 49.215467
61.299128 189.133857 49.221077
61.310032 189.190277 49.227619
61.322194 189.252729 49.234917
61.335178 189.318868 49.242707
61.348447 189.385909 49.250668
61.361431 189.450965 49.258459
61.373593 189.511404 49.265756
61.384497 189.565150 49.272298
61.393848 189.610880 49.277909
61.401513 189.648088 49.282508
61.407514 189.677014 49.286108
61.411996 189.698477 49.288798
61.415185 189.713657 49.290711
61.417342 189.723874 49.292005
61.418728 189.730407 49.292837
61.419572 189.734369 49.293343
61.420061 189.736652 49.293636
61.420334 189.737925 49.293800
61.420494 189.738670 49.293896
61.420620 189.739251 49.293972
61.420780 189.739989 49.294068
61.421053 189.741239 49.294232
61.421541 189.743468 49.294525
61.422386 189.747308 49.295031
61.423772 189.753587 49.295863
61.425929 189.763315 49.297157
61.429118 189.777614 49.299071
61.433600 189.797586 49.301760
61.439601 189.824143 49.305361
61.447266 189.857803 49.309960
61.456617 189.898522 49.315570
61.467521 189.945579 49.322112
61.479683 189.997572 49.329410
61.492667 190.052530 49.337200
61.505936 190.108128 49.345162
61.518920 190.161972 49.352952
61.531082 190.211893 49.360249
61.541986 190.256197 49.366791
61.551336 190.293819 49.372402
61.559002 190.324372 49.377001
61.565003 190.348083 49.380602
61.569485 190.365646 49.383291
61.572673 190.378049 49.385204
61.574831 190.386386 49.386499
61.576217 190.391709 49.387330
61.577061 190.394935 49.387837
61.577549 190.396792 49.388130
61.577822 190.397826 49.388293
61.577983 190.398431 49.388390
61.578108 190.398902 49.388465
61.578269 190.399499 49.388561
61.578542 190.400510 49.388725
61.579030 190.402311 49.389018
61.579874 190.405411 49.389524
61.581260 190.410474 49.390356
61.583418 190.418307 49.391651
61.586606 190.429803 49.393564
61.591088 190.445833 49.396253
61.597090 190.467105 49.399854
61.604755 190.494008 49.404453
61.614106 190.526474 49.410063
61.625009 190.563895 49.416605
61.637171 190.605125 49.423903
61.650155 190.648578 49.431693
61.663425 190.692401 49.439655
61.676408 190.734708 49.447445
61.688571 190.773807 49.454742
61.699474 190.808396 49.461285
61.708825 190.837677 49.466895
61.716490 190.861384 49.471494
61.722491 190.879728 49.475095
61.726973 190.893280 49.477784
61.730162 190.902827 49.479697
61.732320 190.909229 49.480992
61.733706 190.913309 49.481823
61.734550 190.915776 49.482330
61.735038 190.917195 49.482623
61.735311 190.917984 49.482786
61.735471 190.918445 49.482883
61.735597 190.918803 49.482958
61.735758 190.919255 49.483055
61.736031 190.920021 49.483218
61.736519 190.921381 49.483511
61.737363 190.923719 49.484018
61.738749 190.927531 49.484849
61.740906 190.933416 49.486144
61.744095 190.942030 49.488057
61.748577 190.954006 49.490746
61.754578 190.969843 49.494347
61.762244 190.989797 49.498946
61.771594 191.013776 49.504557
61.782498 191.041288 49.511099
61.794660 191.071451 49.518396
61.807644 191.103074 49.526186
61.820913 191.134792 49.534148
61.833897 191.165237 49.541938
61.846059 191.193210 49.549236
61.856963 191.217812 49.555778
61.866313 191.238517 49.561388
61.873979 191.255186 49.565987
61.879980 191.268015 49.569588
61.884462 191.277443 49.572277
61.887651 191.284053 49.574190
61.889808 191.288467 49.575485
61.891194 191.291269 49.576317
61.892038 191.292957 49.576823
61.892526 191.293925 49.577116
61.892799 191.294462 49.577280
61.892960 191.294775 49.577376
61.893086 191.295016 49.577451
61.893246 191.295320 49.577548
61.893519 191.295833 49.577711
61.894007 191.296741 49.578004
61.894851 191.298297 49.578511
61.896237 191.300824 49.579342
61.898395 191.304706 49.580637
61.901584 191.310358 49.582550
61.906066 191.318167 49.585239
61.912067 191.328420 49.588840
61.919732 191.341233 49.593439
61.929083 191.356491 49.599050
61.939986 191.373822 49.605592
61.952149 191.392615 49.612889
61.965132 191.412083 49.620679
61.978402 191.431363 49.628641
61.991385 191.449621 49.636431
62.003548 191.466165 49.643729
62.014451 191.480506 49.650271
62.023802 191.492403 49.655881
62.031467 191.501842 49.660480
62.037469 191.509005 49.664081
62.041951 191.514198 49.666770
62.045139 191.517792 49.668684
62.047297 191.520163 49.669978
62.048683 191.521652 49.670810
62.049527 191.522541 49.671316
62.050015 191.523046 49.671609
62.050288 191.523324 49.671773
62.050449 191.523484 49.671870
62.050577 191.523605 49.671946
62.050741 191.523755 49.672045
62.051025 191.524002 49.672215
62.051537 191.524434 49.672522
62.052432 191.525161 49.673059
62.053915 191.526319 49.673949
62.056246 191.528059 49.675347
62.059719 191.530528 49.677432
62.064634 191.533842 49.680381
62.071244 191.538057 49.684347
62.079700 191.543145 49.689420
62.089992 191.548980 49.695595
62.101920 191.555347 49.702752
62.115082 191.561967 49.710649
62.128914 191.568535 49.718948
62.142757 191.574759 49.727254
62.155952 191.580402 49.735171
62.167929 191.585303 49.742358
62.178284 191.589386 49.748570
62.186807 191.592651 49.753684
62.193486 191.595161 49.757692
62.198470 191.597014 49.760682
62.202008 191.598329 49.762805
62.204398 191.599225 49.764239
62.205933 191.599810 49.765160
62.206871 191.600175 49.765722
62.207414 191.600393 49.766048
62.207714 191.600516 49.766228
62.207874 191.600585 49.766324
62.207961 191.600624 49.766376
62.208021 191.600655 49.766412
62.208084 191.600693 49.766450
62.208174 191.600757 49.766503
62.208311 191.600868 49.766584
62.208503 191.601056 49.766697
62.208743 191.601355 49.766836
62.208994 191.601799 49.766977
62.209183 191.602420 49.767075
62.209199 191.603232 49.767061
62.208912 191.604222 49.766857
62.208206 191.605343 49.766391
62.207015 191.606509 49.765626
62.205370 191.607605 49.764584
62.203412 191.608503 49.763356
62.201385 191.609084 49.762094
62.199582 191.609267 49.760982
62.198282 191.609022 49.760190
62.197678 191.608384 49.759837
62.197830 191.607439 49.759958
62.198661 191.606309 49.760501
62.199983 191.605126 49.761347
62.201555 191.604006 49.762345
62.203144 191.603032 49.763349
62.204570 191.602247 49.764247
62.205730 191.601660 49.764976
62.206594 191.601250 49.765519
62.207187 191.600982 49.765891
62.207566 191.600818 49.766129
62.207798 191.600722 49.766274
62.207948 191.600663 49.766367
62.208081 191.600613 49.766451
62.208270 191.600548 49.766569
62.208613 191.600436 49.766783
62.209255 191.600232 49.767185
62.210420 191.599872 49.767912
62.212428 191.599269 49.769167
62.215717 191.598302 49.771223
62.220837 191.596821 49.774423
62.228417 191.594647 49.779161
62.239093 191.591582 49.785833
62.253404 191.587434 49.794777
62.271663 191.582036 49.806190
62.293846 191.575289 49.820054
62.319507 191.567192 49.836092
62.347775 191.557872 49.853760
62.377432 191.547596 49.872295
62.407064 191.536756 49.890815
62.435262 191.525833 49.908439
62.460816 191.515331 49.924410
62.482867 191.505710 49.938192
62.500982 191.497324 49.949514
62.515143 191.490378 49.958364
62.525673 191.484918 49.964945
62.533114 191.480851 49.969596
62.538108 191.477986 49.972717
62.541286 191.476079 49.974704
62.543202 191.474882 49.975901
62.544300 191.474171 49.976587
62.544907 191.473764 49.976967
62.545260 191.473518 49.977187
62.545533 191.473318 49.977358
62.545877 191.473055 49.977573
62.546463 191.472598 49.977939
62.547509 191.471767 49.978593
62.549317 191.470304 49.979723
62.552286 191.467853 49.981579
62.556908 191.463951 49.984468
62.563740 191.458036 49.988737
62.573342 191.449489 49.994739
62.586199 191.437702 50.002774
62.602621 191.422169 50.013038
62.622653 191.402597 50.025558
62.646013 191.379004 50.040158
62.672069 191.351793 50.056443
62.699885 191.321767 50.073828
62.728313 191.290070 50.091596
62.756129 191.258068 50.108981
62.782185 191.227185 50.125266
62.805545 191.198711 50.139865
62.825577 191.173649 50.152386
62.841999 191.152608 50.162650
62.854856 191.135775 50.170685
62.864458 191.122958 50.176686
62.871289 191.113682 50.180956
62.875912 191.107312 50.183845
62.878881 191.103167 50.185701
62.880689 191.100616 50.186831
62.881735 191.099126 50.187485
62.882320 191.098286 50.187850
62.882664 191.097787 50.188065
62.882933 191.097391 50.188233
62.883277 191.096879 50.188448
62.883862 191.095999 50.188814
62.884908 191.094412 50.189467
62.886716 191.091645 50.190598
62.889685 191.087052 50.192453
62.894308 191.079819 50.195342
62.901139 191.068987 50.199612
62.910741 191.053537 50.205613
62.923598 191.032519 50.213649
62.940020 191.005212 50.223913
62.960053 190.971297 50.236433
62.983412 190.931009 50.251033
63.009468 190.885207 50.267318
63.037284 190.835368 50.284703
63.065712 190.783458 50.302470
63.093528 190.731715 50.319855
63.119584 190.682371 50.336140
63.142944 190.637376 50.350740
63.162977 190.598168 50.363260
63.179399 190.565550 50.373524
63.192255 190.539665 50.381560
63.201857 190.520098 50.387561
63.208689 190.506025 50.391831
63.213311 190.496412 50.394719
63.216280 190.490187 50.396575
63.218089 190.486369 50.397705
63.219135 190.484147 50.398359
63.219719 190.482898 50.398725
63.220063 190.482159 50.398940
63.220333 190.481575 50.399108
63.220676 190.480823 50.399323
63.221261 190.479536 50.399688
63.222307 190.477221 50.400342
63.224115 190.473194 50.401472
63.227085 190.466538 50.403328
63.231707 190.456093 50.406217
63.238539 190.440521 50.410487
63.248141 190.418416 50.416488
63.260997 190.388499 50.424523
63.277419 190.349841 50.434787
63.297452 190.302104 50.447307
63.320811 190.245723 50.461907
63.346868 190.182004 50.478192
63.374684 190.113071 50.495577
63.403112 190.041684 50.513345
63.430928 189.970918 50.530730
63.456984 189.903788 50.547015
63.480343 189.842875 50.561615
63.500376 189.790040 50.574135
63.516798 189.746268 50.584399
63.529655 189.711665 50.592434
63.539257 189.685595 50.598435
63.546088 189.666902 50.602705
63.550710 189.654166 50.605594
63.553680 189.645936 50.607450
63.555488 189.640899 50.608580
63.556534 189.637972 50.609234
63.557119 189.636329 50.609599
63.557463 189.635359 50.609814
63.557732 189.634594 50.609983
63.558076 189.633611 50.610197
63.558661 189.631931 50.610563
63.559707 189.628915 50.611217
63.561515 189.623677 50.612347
63.564484 189.615032 50.614203
63.569106 189.601497 50.617092
63.575938 189.581360 50.621361
63.585540 189.552848 50.627362
63.598397 189.514365 50.635398
63.614819 189.464782 50.645662
63.634851 189.403739 50.658182
63.658211 189.331871 50.672782
63.684267 189.250907 50.689067
63.712083 189.163600 50.706452
63.740511 189.073471 50.724219
63.768327 188.984401 50.741604
63.794383 188.900157 50.757889
63.817743 188.823931 50.772489
63.837775 188.757987 50.785010
63.854197 188.703486 50.795273
63.867054 188.660497 50.803309
63.876656 188.628173 50.809310
63.883487 188.605036 50.813580
63.888110 188.589297 50.816469
63.891079 188.579140 50.818324
63.892887 188.572929 50.819455
63.893933 188.569325 50.820108
63.894518 188.567303 50.820474
63.894862 188.566111 50.820689
63.895131 188.565171 50.820857
63.895475 188.563966 50.821072
63.896060 188.561909 50.821437
63.897106 188.558219 50.822091
63.898914 188.551816 50.823221
63.901883 188.541260 50.825077
63.906506 188.524752 50.827966
63.913337 188.500228 50.832236
63.922939 188.465558 50.838237
63.935796 188.418840 50.846272
63.952218 188.358757 50.856536
63.972251 188.284927 50.869057
63.995610 188.198174 50.883656
64.021666 188.100640 50.899941
64.049482 187.995678 50.917326
64.077910 187.887542 50.935094
64.105726 187.780887 50.952479
64.131782 187.680204 50.968764
64.155142 187.589268 50.983364
64.175175 187.510733 50.995884
64.191597 187.445928 51.006148
64.204453 187.394885 51.014183
64.214055 187.356555 51.020185
64.220887 187.329150 51.024454
64.225509 187.310527 51.027343
64.228478 187.298520 51.029199
64.230287 187.291183 51.030329
64.231333 187.286928 51.030983
64.231917 187.284543 51.031348
64.232261 187.283137 51.031563
64.232531 187.282030 51.031732
64.232874 187.280612 51.031947
64.233459 187.278193 51.032312
64.234505 187.273855 51.032966
64.236313 187.266334 51.034096
64.239283 187.253944 51.035952
64.243905 187.234584 51.038841
64.250736 187.205849 51.043110
64.260338 187.165269 51.049112
64.273195 187.110649 51.057147
64.289617 187.040490 51.067411
64.309650 186.954390 51.079931
64.333009 186.853358 51.094531
64.359066 186.739926 51.110816
64.386882 186.618029 51.128201
64.415309 186.492620 51.145968
64.443126 186.369100 51.163353
64.469182 186.252651 51.179639
64.492541 186.147609 51.194238
64.512574 186.057001 51.206759
64.528996 185.982317 51.217022
64.541853 185.923552 51.225058
64.551455 185.879464 51.231059
64.558286 185.847969 51.235329
64.562908 185.826582 51.238218
64.565878 185.812800 51.240074
64.567686 185.804384 51.241204
64.568732 185.799506 51.241857
64.569317 185.796772 51.242223
64.569660 185.795161 51.242438
64.569930 185.793894 51.242606
64.570274 185.792272 51.242821
64.570859 185.789506 51.243187
64.571904 185.784548 51.243840
64.573713 185.775956 51.244970
64.576682 185.761808 51.246826
64.581304 185.739714 51.249715
64.588136 185.706946 51.253985
64.597738 185.660703 51.259986
64.610595 185.598515 51.268022
64.627017 185.518704 51.278285
64.647049 185.420852 51.290806
64.670409 185.306144 51.305405
64.696465 185.177489 51.321691
64.724281 185.039375 51.339076
64.752709 184.897429 51.356843
64.780525 184.757763 51.374228
64.806581 184.626222 51.390513
64.829941 184.507678 51.405113
64.849973 184.405514 51.417633
64.866395 184.321375 51.427897
64.879252 184.255222 51.435933
64.888854 184.205624 51.441934
64.895685 184.170215 51.446203
64.900308 184.146183 51.449092
64.903277 184.130704 51.450948
64.905085 184.121256 51.452078
64.906131 184.115781 51.452732
64.906716 184.112714 51.453098
64.907060 184.110907 51.453312
64.907329 184.109486 51.453481
64.907673 184.107669 51.453696
64.908258 184.104571 51.454061
64.909304 184.099020 51.454715
64.911112 184.089403 51.455845
64.914081 184.073574 51.457701
64.918704 184.048867 51.460590
64.925535 184.012242 51.464859
64.935137 183.960585 51.470861
64.947994 183.891160 51.478896
64.964416 183.802122 51.489160
64.984449 183.693037 51.501680
65.007808 183.565256 51.516280
65.033864 183.422052 51.532565
65.061680 183.268440 51.549950
65.090108 183.110692 51.567718
65.117924 182.955599 51.585103
65.143980 182.809640 51.601388
65.167340 182.678198 51.615987
65.187373 182.564996 51.628508
65.203795 182.471827 51.638772
65.216651 182.398617 51.646807
65.226253 182.343758 51.652808
65.233085 182.304612 51.657078
65.237707 182.278054 51.659967
65.240676 182.260955 51.661823
65.242485 182.250521 51.662953
65.243531 182.244476 51.663607
65.244115 182.241091 51.663972
65.244459 182.239097 51.664187
65.244729 182.237531 51.664355
65.245072 182.235527 51.664570
65.245657 182.232112 51.664936
65.246703 182.225995 51.665589
65.248511 182.215400 51.666720
65.251481 182.197967 51.668575
65.256103 182.170766 51.671464
65.262934 182.130460 51.675734
65.272536 182.073638 51.681735
65.285393 181.997308 51.689771
65.301815 181.899467 51.700035
65.321848 181.779667 51.712555
65.345207 181.639418 51.727155
65.371264 181.482338 51.743440
65.399080 181.313948 51.760825
65.427507 181.141132 51.778592
65.455324 180.971332 51.795977
65.481380 180.811627 51.812262
65.504739 180.667892 51.826862
65.524772 180.544171 51.839382
65.541194 180.442396 51.849646
65.554051 180.362461 51.857682
65.563653 180.302589 51.863683
65.570484 180.259882 51.867953
65.575106 180.230919 51.870842
65.578076 180.212276 51.872697
65.579884 180.200903 51.873827
65.580930 180.194316 51.874481
65.581515 180.190627 51.874847
65.581858 180.188456 51.875062
65.582128 180.186750 51.875230
65.582472 180.184569 51.875445
65.583057 180.180852 51.875810
65.584102 180.174196 51.876464
65.585911 180.162670 51.877594
65.588880 180.143710 51.879450
65.593502 180.114134 51.882339
65.600334 180.070323 51.886609
65.609936 180.008585 51.892610
65.622793 179.925682 51.900645
65.639215 179.819464 51.910909
65.659247 179.689466 51.923429
65.682607 179.537353 51.938029
65.708663 179.367070 51.954314
65.736479 179.184621 51.971699
65.764907 178.997473 51.989467
65.792723 178.813684 52.006852
65.818779 178.640909 52.023137
65.842139 178.485484 52.037737
65.862171 178.351760 52.050257
65.878593 178.241805 52.060521
65.891450 178.155478 52.068556
65.901052 178.090841 52.074558
65.907883 178.044750 52.078827
65.912506 178.013500 52.081716
65.915475 177.993391 52.083572
65.917283 177.981126 52.084702
65.918329 177.974023 52.085356
65.918914 177.970046 52.085721
65.919258 177.967706 52.085936
65.919527 177.965867 52.086105
65.919871 177.963517 52.086319
65.920456 177.959514 52.086685
65.921502 177.952346 52.087339
65.923310 177.939936 52.088469
65.926279 177.919525 52.090325
65.930902 177.887695 52.093214
65.937733 177.840556 52.097483
65.947335 177.774149 52.103484
65.960192 177.685007 52.111520
65.976614 177.570835 52.121784
65.996647 177.431157 52.134304
66.020006 177.267784 52.148904
66.046062 177.084973 52.165189
66.073878 176.889183 52.182574
66.102306 176.688438 52.200341
66.130122 176.491380 52.217726
66.156178 176.306207 52.234011
66.179538 176.139696 52.248611
66.199570 175.996489 52.261132
66.215992 175.878777 52.271395
66.228849 175.786391 52.279431
66.238451 175.717238 52.285432
66.245283 175.667939 52.289702
66.249905 175.634522 52.292591
66.252874 175.613023 52.294446
66.254683 175.599912 52.295577
66.255729 175.592321 52.296230
66.256313 175.588071 52.296596
66.256657 175.585571 52.296811
66.256927 175.583607 52.296979
66.257270 175.581097 52.297194
66.257855 175.576822 52.297560
66.258901 175.569169 52.298213
66.260709 175.555921 52.299343
66.263679 175.534137 52.301199
66.268301 175.500171 52.304088
66.275132 175.449882 52.308358
66.284734 175.379053 52.314359
66.297591 175.284004 52.322395
66.314013 175.162304 52.332658
66.334046 175.013464 52.345179
66.357405 174.839434 52.359778
66.383462 174.644768 52.376063
66.411278 174.436358 52.393449
66.439705 174.222751 52.411216
66.467521 174.013142 52.428601
66.493578 173.816246 52.444886
66.516937 173.639252 52.459486
66.536970 173.487080 52.472006
66.553392 173.362036 52.482270
66.566249 173.263923 52.490305
66.575851 173.190501 52.496307
66.582682 173.138172 52.500576
66.587304 173.102707 52.503465
66.590274 173.079895 52.505321
66.592082 173.065986 52.506451
66.593128 173.057933 52.507105
66.593713 173.053426 52.507470
66.594056 173.050773 52.507685
66.594326 173.048691 52.507854
66.594670 173.046031 52.508069
66.595255 173.041499 52.508434
66.596300 173.033388 52.509088
66.598109 173.019350 52.510218
66.601078 172.996269 52.512074
66.605700 172.960287 52.514963
66.612532 172.907023 52.519232
66.622134 172.832022 52.525234
66.634991 172.731398 52.533269
66.651413 172.602594 52.543533
66.671445 172.445110 52.556053
66.694805 172.261028 52.570653
66.720861 172.055181 52.586938
66.748677 171.834869 52.604323
66.777105 171.609134 52.622090
66.804921 171.387694 52.639475
66.830977 171.179748 52.655761
66.854337 170.992877 52.670360
66.874369 170.832256 52.682881
66.890791 170.700305 52.693144
66.903648 170.596797 52.701180
66.913250 170.519355 52.707181
66.920081 170.464172 52.711451
66.924704 170.426780 52.714340
66.927673 170.402731 52.716196
66.929481 170.388070 52.717326
66.930527 170.379582 52.717979
66.931112 170.374832 52.718345
66.931456 170.372038 52.718560
66.931725 170.369844 52.718728
66.932069 170.367041 52.718943
66.932654 170.362269 52.719309
66.933700 170.353727 52.719962
66.935508 170.338944 52.721093
66.938477 170.314643 52.722948
66.943100 170.276765 52.725837
66.949931 170.220703 52.730107
66.959533 170.141778 52.736108
66.972390 170.035911 52.744144
66.988812 169.900428 52.754407
67.008844 169.734818 52.766928
67.032204 169.541288 52.781527
67.058260 169.324933 52.797813
67.086076 169.093439 52.815198
67.114504 168.856312 52.832965
67.142320 168.623760 52.850350
67.168376 168.405437 52.866635
67.191736 168.209292 52.881235
67.211768 168.040741 52.893755
67.228190 167.902307 52.904019
67.241047 167.793737 52.912055
67.250649 167.712524 52.918056
67.257481 167.654662 52.922325
67.262103 167.615462 52.925214
67.265072 167.590253 52.927070
67.266881 167.574887 52.928200
67.267926 167.565992 52.928854
67.268511 167.561015 52.929220
67.268855 167.558087 52.929434
67.269125 167.555788 52.929603
67.269468 167.552853 52.929818
67.270053 167.547854 52.930183
67.271099 167.538909 52.930837
67.272907 167.523428 52.931967
67.275877 167.497984 52.933823
67.280499 167.458328 52.936712
67.287330 167.399646 52.940981
67.296932 167.317045 52.946983
67.309789 167.206268 52.955018
67.326211 167.064530 52.965282
67.346244 166.891312 52.977802
67.369603 166.688937 52.992402
67.395660 166.462748 53.008687
67.423476 166.220791 53.026072
67.451903 165.973006 53.043840
67.479719 165.730062 53.061225
67.505776 165.502036 53.077510
67.529135 165.297221 53.092109
67.549168 165.121258 53.104630
67.565590 164.976766 53.114894
67.578447 164.863466 53.122929
67.588049 164.778730 53.128930
67.594880 164.718367 53.133200
67.599502 164.677478 53.136089
67.602472 164.651186 53.137945
67.604280 164.635162 53.139075
67.605326 164.625887 53.139729
67.605911 164.620697 53.140094
67.606254 164.617644 53.140309
67.606524 164.615248 53.140477
67.606868 164.612188 53.140692
67.607453 164.606979 53.141058
67.608498 164.597656 53.141711
67.610307 164.581525 53.142842
67.613276 164.555014 53.144697
67.617898 164.513701 53.147586
67.624730 164.452575 53.151856
67.634332 164.366546 53.157857
67.647189 164.251191 53.165893
67.663611 164.103623 53.176157
67.683643 163.923315 53.188677
67.707003 163.712699 53.203277
67.733059 163.477350 53.219562
67.760875 163.225649 53.236947
67.789303 162.967942 53.254714
67.817119 162.715324 53.272099
67.843175 162.478269 53.288384
67.866535 162.265388 53.302984
67.886567 162.082531 53.315504
67.902989 161.932405 53.325768
67.915846 161.814708 53.333804
67.925448 161.726696 53.339805
67.932279 161.664009 53.344075
67.936902 161.621551 53.346964
67.939871 161.594253 53.348819
67.941679 161.577617 53.349950
67.942725 161.567988 53.350603
67.943310 161.562601 53.350969
67.943654 161.559433 53.351184
67.943923 161.556946 53.351352
67.944267 161.553771 53.351567
67.944852 161.548366 53.351932
67.945898 161.538693 53.352586
67.947706 161.521959 53.353716
67.950675 161.494458 53.355572
67.955298 161.451607 53.358461
67.962129 161.388212 53.362731
67.971731 161.299004 53.368732
67.984588 161.179404 53.376767
68.001010 161.026430 53.387031
68.021042 160.839550 53.399552
68.044402 160.621298 53.414151
68.070458 160.377462 53.430436
68.098274 160.116736 53.447821
68.126702 159.849842 53.465589
68.154518 159.588269 53.482974
68.180574 159.342859 53.499259
68.203934 159.122515 53.513859
68.223966 158.933282 53.526379
68.240388 158.777948 53.536643
68.253245 158.656186 53.544678
68.262847 158.565147 53.550680
68.269679 158.500312 53.554949
68.274301 158.456404 53.557838
68.277270 158.428177 53.559694
68.279079 158.410975 53.560824
68.280124 158.401021 53.561478
68.280709 158.395451 53.561843
68.281053 158.392176 53.562058
68.281323 158.389606 53.562227
68.281666 158.386324 53.562441
68.282251 158.380738 53.562807
68.283297 158.370743 53.563461
68.285105 158.353452 53.564591
68.288075 158.325037 53.566447
68.292697 158.280768 53.569336
68.299528 158.215283 53.573605
68.309130 158.123143 53.579606
68.321987 157.999630 53.587642
68.338409 157.841675 53.597906
68.358442 157.648741 53.610426
68.381801 157.423456 53.625026
68.407858 157.171808 53.641311
68.435674 156.902776 53.658696
68.464101 156.627429 53.676463
68.491917 156.357621 53.693848
68.517974 156.104529 53.710134
68.541333 155.877327 53.724733
68.561366 155.682236 53.737254
68.577788 155.522117 53.747517
68.590645 155.396622 53.755553
68.600247 155.302805 53.761554
68.607078 155.235999 53.765824
68.611700 155.190761 53.768713
68.614670 155.161681 53.770569
68.616478 155.143961 53.771699
68.617524 155.133707 53.772352
68.618109 155.127971 53.772718
68.618452 155.124598 53.772933
68.618722 155.121951 53.773101
68.619066 155.118572 53.773316
68.619650 155.112820 53.773682
68.620696 155.102529 53.774335
68.622505 155.084727 53.775465
68.625474 155.055477 53.777321
68.630096 155.009909 53.780210
68.636928 154.942508 53.784480
68.646530 154.847686 53.790481
68.659387 154.720593 53.798517
68.675809 154.558081 53.808780
68.695841 154.359610 53.821301
68.719201 154.127897 53.835900
68.745257 153.869110 53.852186
68.773073 153.592491 53.869571
68.801501 153.309427 53.887338
68.829317 153.032103 53.904723
68.855373 152.772003 53.921008
68.878732 152.538547 53.935608
68.898765 152.338115 53.948128
68.915187 152.173637 53.958392
68.928044 152.044742 53.966427
68.937646 151.948394 53.972429
68.944477 151.879793 53.976698
68.949100 151.833344 53.979587
68.952069 151.803489 53.981443
68.953877 151.785297 53.982573
68.954923 151.774771 53.983227
68.955508 151.768883 53.983592
68.955852 151.765421 53.983807
68.956121 151.762704 53.983976
68.956465 151.759236 53.984191
68.957050 151.753334 53.984556
68.958096 151.742775 53.985210
68.959904 151.724509 53.986340
68.962873 151.694499 53.988196
68.967496 151.647752 53.991085
68.974327 151.578614 53.995354
68.983929 151.481356 54.001356
68.996786 151.351015 54.009391
69.013208 151.184372 54.019655
69.033240 150.980882 54.032175
69.056600 150.743344 54.046775
69.082656 150.478091 54.063060
69.110472 150.194605 54.080445
69.138900 149.904559 54.098212
69.166716 149.620438 54.115598
69.192772 149.354004 54.131883
69.216132 149.114897 54.146482
69.236164 148.909643 54.159003
69.252586 148.741230 54.169266
69.265443 148.609267 54.177302
69.275045 148.510637 54.183303
69.281877 148.440418 54.187573
69.286499 148.392878 54.190462
69.289468 148.362323 54.192318
69.291277 148.343707 54.193448
69.292322 148.332936 54.194102
69.292907 148.326911 54.194467
69.293251 148.323368 54.194682
69.293521 148.320589 54.194850
69.293864 148.317042 54.195065
69.294449 148.311004 54.195431
69.295495 148.300203 54.196084
69.297303 148.281521 54.197215
69.300273 148.250828 54.199070
69.304895 148.203021 54.201959
69.311726 148.132321 54.206229
69.321328 148.032877 54.212230
69.334185 147.899621 54.220266
69.350607 147.729270 54.230529
69.370640 147.521280 54.243050
69.393999 147.278521 54.257650
69.420055 147.007477 54.273935
69.447872 146.717842 54.291320
69.476299 146.421548 54.309087
69.504115 146.131350 54.326472
69.530172 145.859255 54.342757
69.553531 145.615102 54.357357
69.573564 145.405544 54.369877
69.589986 145.233619 54.380141
69.602843 145.098921 54.388177
69.612445 144.998257 54.394178
69.619276 144.926598 54.398447
69.623898 144.878085 54.401336
69.626868 144.846908 54.403192
69.628676 144.827915 54.404322
69.629722 144.816925 54.404976
69.630307 144.810779 54.405342
69.630650 144.807164 54.405556
69.630920 144.804329 54.405725
69.631264 144.800711 54.405940
69.631848 144.794554 54.406305
69.632894 144.783538 54.406959
69.634703 144.764485 54.408089
69.637672 144.733186 54.409945
69.642294 144.684439 54.412834
69.649126 144.612354 54.417104
69.658728 144.510972 54.423105
69.671584 144.375133 54.431140
69.688006 144.201499 54.441404
69.708039 143.989527 54.453924
69.731399 143.742151 54.468524
69.757455 143.465988 54.484809
69.785271 143.170925 54.502194
69.813699 142.869119 54.519962
69.841515 142.573562 54.537347
69.867571 142.296480 54.553632
69.890930 142.047884 54.568232
69.910963 141.834540 54.580752
69.927385 141.659529 54.591016
69.940242 141.522428 54.599051
69.949844 141.419978 54.605052
69.956675 141.347054 54.609322
69.961298 141.297689 54.612211
69.964267 141.265967 54.614067
69.966075 141.246642 54.615197
69.967121 141.235462 54.615851
69.967706 141.229208 54.616216
69.968050 141.225532 54.616431
69.968319 141.222648 54.616599
69.968663 141.218968 54.616814
69.969248 141.212705 54.617180
69.970294 141.201502 54.617834
69.972102 141.182126 54.618964
69.975071 141.150298 54.620820
69.979694 141.100729 54.623708
69.986525 141.027437 54.627978
69.996127 140.924365 54.633979
70.008984 140.786275 54.642015
70.025406 140.609783 54.652279
70.045438 140.394346 54.664799
70.068798 140.142958 54.679399
70.094854 139.862350 54.695684
70.122670 139.562577 54.713069
70.151098 139.255993 54.730836
70.178914 138.955797 54.748221
70.204970 138.674402 54.764506
70.228330 138.421968 54.779106
70.248362 138.205354 54.791626
70.264784 138.027682 54.801890
70.277641 137.888511 54.809926
70.287243 137.784524 54.815927
70.294075 137.710511 54.820197
70.298697 137.660414 54.823086
70.301666 137.628223 54.824941
70.303474 137.608613 54.826072
70.304520 137.597269 54.826725
70.305105 137.590924 54.827091
70.305449 137.587194 54.827306
70.305718 137.584268 54.827474
70.306062 137.580535 54.827689
70.306647 137.574183 54.828054
70.307693 137.562819 54.828708
70.309501 137.543166 54.829838
70.312471 137.510886 54.831694
70.317093 137.460616 54.834583
70.323924 137.386292 54.838853
70.333526 137.281778 54.844854
70.346383 137.141770 54.852889
70.362805 136.962844 54.863153
70.382838 136.744461 54.875674
70.406197 136.489664 54.890273
70.432253 136.205285 54.906558
70.460070 135.901521 54.923943
70.488497 135.590895 54.941711
70.516313 135.286778 54.959096
70.542370 135.001744 54.975381
70.565729 134.746075 54.989981
70.585762 134.526711 55.002501
70.602184 134.346802 55.012765
70.615040 134.205893 55.020800
70.624643 134.100616 55.026802
70.631474 134.025693 55.031071
70.636096 133.974982 55.033960
70.639066 133.942399 55.035816
70.640874 133.922552 55.036946
70.641920 133.911071 55.037600
70.642505 133.904649 55.037965
70.642848 133.900874 55.038180
70.643118 133.897914 55.038349
70.643462 133.894137 55.038563
70.644046 133.887709 55.038929
70.645092 133.876212 55.039583
70.646901 133.856330 55.040713
70.649870 133.823673 55.042569
70.654492 133.772821 55.045458
70.661324 133.697643 55.049727
70.670926 133.591936 55.055729
70.683782 133.450341 55.063764
70.700204 133.269407 55.074028
70.720237 133.048595 55.086548
70.743597 132.790992 55.101148
70.769653 132.503517 55.117433
70.797469 132.196481 55.134818
70.825897 131.882548 55.152585
70.853713 131.575230 55.169970
70.879769 131.287230 55.186256
70.903128 131.028930 55.200855
70.923161 130.807334 55.213376
70.939583 130.625612 55.223639
70.952440 130.483297 55.231675
70.962042 130.376980 55.237676
70.968873 130.301321 55.241946
70.973496 130.250117 55.244835
70.976465 130.217219 55.246691
70.978273 130.197181 55.247821
70.979319 130.185589 55.248474
70.979904 130.179107 55.248840
70.980248 130.175296 55.249055
70.980517 130.172308 55.249223
70.980861 130.168495 55.249438
70.981446 130.162008 55.249804
70.982492 130.150405 55.250457
70.984300 130.130339 55.251587
70.987269 130.097384 55.253443
70.991892 130.046070 55.256332
70.998723 129.970213 55.260602
71.008325 129.863561 55.266603
71.021182 129.720713 55.274639
71.037604 129.538194 55.284902
71.057636 129.315471 55.297423
71.080996 129.055667 55.312022
71.107052 128.765769 55.328308
71.134868 128.456181 55.345693
71.163296 128.139674 55.363460
71.191112 127.829875 55.380845
71.217168 127.539582 55.397130
71.240528 127.279256 55.411730
71.260560 127.055945 55.424250
71.276982 126.872836 55.434514
71.289839 126.729447 55.442549
71.299441 126.622337 55.448551
71.306273 126.546121 55.452820
71.310895 126.494542 55.455709
71.313864 126.461405 55.457565
71.315672 126.441223 55.458695
71.316718 126.429549 55.459349
71.317303 126.423021 55.459714
71.317647 126.419183 55.459929
71.317916 126.416174 55.460098
71.318260 126.412335 55.460313
71.318845 126.405803 55.460678
71.319891 126.394120 55.461332
71.321699 126.373918 55.462462
71.324668 126.340741 55.464318
71.329291 126.289084 55.467207
71.336122 126.212725 55.471476
71.345724 126.105376 55.477478
71.358581 125.961607 55.485513
71.375003 125.777929 55.495777
71.395036 125.553812 55.508297
71.418395 125.292412 55.522897
71.444451 125.000764 55.539182
71.472267 124.689342 55.556567
71.500695 124.370999 55.574335
71.528511 124.059437 55.591720
71.554568 123.767525 55.608005
71.577927 123.505777 55.622604
71.597960 123.281268 55.635125
71.614382 123.097196 55.645389
71.627238 122.953067 55.653424
71.636840 122.845413 55.659425
71.643672 122.768814 55.663695
71.648294 122.716981 55.666584
71.651264 122.683683 55.668440
71.653072 122.663403 55.669570
71.654118 122.651673 55.670224
71.654702 122.645114 55.670589
71.655046 122.641258 55.670804
71.655316 122.638235 55.670972
71.655660 122.634378 55.671187
71.656244 122.627817 55.671553
71.657290 122.616082 55.672206
71.659099 122.595790 55.673337
71.662068 122.562467 55.675192
71.666690 122.510587 55.678081
71.673522 122.433904 55.682351
71.683124 122.326106 55.688352
71.695980 122.181748 55.696388
71.712402 121.997334 55.706652
71.732435 121.772343 55.719172
71.755794 121.509950 55.733772
71.781851 121.217225 55.750057
71.809667 120.904690 55.767442
71.838095 120.585244 55.785209
71.865911 120.272638 55.802594
71.891967 119.979782 55.818879
71.915326 119.717215 55.833479
71.935359 119.492027 55.845999
71.951781 119.307417 55.856263
71.964638 119.162879 55.864299
71.974240 119.054929 55.870300
71.981071 118.978125 55.874569
71.985694 118.926157 55.877458
71.988663 118.892774 55.879314
71.990471 118.872443 55.880444
71.991517 118.860685 55.881098
71.992102 118.854109 55.881464
71.992446 118.850244 55.881678
71.992715 118.847214 55.881847
71.993059 118.843349 55.882062
71.993644 118.836773 55.882427
71.994690 118.825013 55.883081
71.996498 118.804678 55.884211
71.999467 118.771287 55.886067
72.004089 118.719303 55.888956
72.010921 118.642471 55.893226
72.020523 118.534473 55.899227
72.033380 118.389859 55.907262
72.049802 118.205135 55.917526
72.069834 117.979787 55.930046
72.093194 117.717004 55.944646
72.119250 117.423877 55.960931
72.147066 117.110947 55.978316
72.175494 116.791133 55.996084
72.203310 116.478203 56.013469
72.229366 116.185076 56.029754
72.252726 115.922293 56.044354
72.272758 115.696945 56.056874
72.289180 115.512221 56.067138
72.302037 115.367607 56.075173
72.311639 115.259609 56.081174
72.318471 115.182777 56.085444
72.323093 115.130793 56.088333
72.326062 115.097402 56.090189
72.327870 115.077067 56.091319
72.328916 115.065307 56.091973
72.329501 115.058731 56.092338
72.329845 115.054866 56.092553
72.330114 115.051836 56.092722
72.330458 115.047971 56.092936
72.331043 115.041395 56.093302
72.332089 115.029637 56.093956
72.333897 115.009306 56.095086
72.336866 114.975923 56.096942
72.341489 114.923955 56.099831
72.348320 114.847151 56.104100
72.357922 114.739201 56.110101
72.370779 114.594663 56.118137
72.387201 114.410053 56.128401
72.407234 114.184865 56.140921
72.430593 113.922298 56.155521
72.456649 113.629442 56.171806
72.484465 113.316836 56.189191
72.512893 112.997390 56.206958
72.540709 112.684855 56.224343
72.566766 112.392130 56.240628
72.590125 112.129737 56.255228
72.610158 111.904746 56.267748
72.626580 111.720332 56.278012
72.639436 111.575974 56.286048
72.649038 111.468176 56.292049
72.655870 111.391493 56.296319
72.660492 111.339613 56.299208
72.663461 111.306290 56.301063
72.665270 111.285998 56.302194
72.666316 111.274263 56.302847
72.666900 111.267702 56.303213
72.667244 111.263845 56.303428
72.667514 111.260822 56.303596
72.667858 111.256966 56.303811
72.668442 111.250407 56.304176
72.669488 111.238677 56.304830
72.671296 111.218397 56.305960
72.674266 111.185099 56.307816
72.678888 111.133266 56.310705
72.685720 111.056667 56.314975
72.695322 110.949013 56.320976
72.708178 110.804884 56.329011
72.724600 110.620812 56.339275
72.744633 110.396303 56.351796
72.767992 110.134555 56.366395
72.794049 109.842643 56.382680
72.821865 109.531081 56.400065
72.850293 109.212738 56.417833
72.878109 108.901316 56.435218
72.904165 108.609668 56.451503
72.927524 108.348268 56.466103
72.947557 108.124151 56.478623
72.963979 107.940473 56.488887
72.976836 107.796704 56.496922
72.986438 107.689355 56.502924
72.993269 107.612996 56.507193
72.997892 107.561339 56.510082
73.000861 107.528162 56.511938
73.002669 107.507960 56.513068
73.003715 107.496277 56.513722
73.004300 107.489745 56.514087
73.004644 107.485906 56.514302
73.004913 107.482897 56.514471
73.005257 107.479059 56.514686
73.005842 107.472531 56.515051
73.006888 107.460857 56.515705
73.008696 107.440675 56.516835
73.011665 107.407538 56.518691
73.016287 107.355959 56.521580
73.023119 107.279743 56.525849
73.032721 107.172633 56.531851
73.045578 107.029244 56.539886
73.062000 106.846135 56.550150
73.082032 106.622824 56.562670
73.105392 106.362498 56.577270
73.131448 106.072205 56.593555
73.159264 105.762406 56.610940
73.187692 105.445899 56.628707
73.215508 105.136311 56.646092
73.241564 104.846413 56.662378
73.264924 104.586609 56.676977
73.284956 104.363886 56.689498
73.301378 104.181367 56.699761
73.314235 104.038519 56.707797
73.323837 103.931867 56.713798
73.330668 103.856010 56.718068
73.335291 103.804696 56.720957
73.338260 103.771741 56.722813
73.340068 103.751675 56.723943
73.341114 103.740072 56.724596
73.341699 103.733585 56.724962
73.342043 103.729772 56.725177
73.342312 103.726784 56.725345
73.342656 103.722973 56.725560
73.343241 103.716491 56.725926
73.344287 103.704899 56.726579
73.346095 103.684861 56.727709
73.349064 103.651963 56.729565
73.353687 103.600759 56.732454
73.360518 103.525100 56.736724
73.370120 103.418783 56.742725
73.382977 103.276468 56.750761
73.399399 103.094746 56.761024
73.419432 102.873150 56.773545
73.442791 102.614850 56.788144
73.468847 102.326850 56.804430
73.496663 102.019532 56.821815
73.525091 101.705599 56.839582
73.552907 101.398563 56.856967
73.578963 101.111088 56.873252
73.602323 100.853485 56.887852
73.622356 100.632673 56.900372
73.638778 100.451739 56.910636
73.651634 100.310144 56.918671
73.661236 100.204437 56.924673
73.668068 100.129259 56.928942
73.672690 100.078407 56.931831
73.675659 100.045750 56.933687
73.677468 100.025868 56.934817
73.678514 100.014371 56.935471
73.679098 100.007943 56.935837
73.679442 100.004166 56.936051
73.679712 100.001206 56.936220
73.680055 99.997431 56.936435
73.680640 99.991009 56.936800
73.681686 99.979528 56.937454
73.683494 99.959681 56.938584
73.686464 99.927098 56.940440
73.691086 99.876387 56.943329
73.697917 99.801464 56.947598
73.707520 99.696187 56.953600
73.720376 99.555278 56.961635
73.736798 99.375369 56.971899
73.756831 99.156005 56.984419
73.780190 98.900336 56.999019
73.806247 98.615302 57.015304
73.834063 98.311185 57.032689
73.862490 98.000559 57.050457
73.890307 97.696795 57.067842
73.916363 97.412416 57.084127
73.939722 97.157619 57.098726
73.959755 96.939236 57.111247
73.976177 96.760310 57.121511
73.989034 96.620302 57.129546
73.998636 96.515788 57.135547
74.005467 96.441464 57.139817
74.010089 96.391194 57.142706
74.013059 96.358914 57.144562
74.014867 96.339261 57.145692
74.015913 96.327897 57.146346
74.016498 96.321545 57.146711
74.016842 96.317812 57.146926
74.017111 96.314886 57.147094
74.017455 96.311156 57.147309
74.018040 96.304811 57.147675
74.019086 96.293467 57.148328
74.020894 96.273857 57.149459
74.023863 96.241666 57.151314
74.028485 96.191569 57.154203
74.035317 96.117556 57.158473
74.044919 96.013569 57.164474
74.057776 95.874398 57.172510
74.074198 95.696726 57.182774
74.094230 95.480112 57.195294
74.117590 95.227678 57.209894
74.143646 94.946283 57.226179
74.171462 94.646087 57.243564
74.199890 94.339503 57.261331
74.227706 94.039730 57.278716
74.253762 93.759122 57.295001
74.277122 93.507734 57.309601
74.297154 93.292297 57.322121
74.313576 93.115805 57.332385
74.326433 92.977715 57.340421
74.336035 92.874643 57.346422
74.342866 92.801351 57.350692
74.347489 92.751782 57.353580
74.350458 92.719954 57.355436
74.352266 92.700578 57.356566
74.353312 92.689375 57.357220
74.353897 92.683112 57.357586
74.354241 92.679432 57.357801
74.354510 92.676548 57.357969
74.354854 92.672872 57.358184
74.355439 92.666618 57.358549
74.356485 92.655438 57.359203
74.358293 92.636113 57.360333
74.361262 92.604391 57.362189
74.365885 92.555026 57.365078
74.372716 92.482102 57.369348
74.382318 92.379652 57.375349
74.395175 92.242551 57.383384
74.411597 92.067540 57.393648
74.431630 91.854196 57.406168
74.454989 91.605600 57.420768
74.481045 91.328518 57.437053
74.508861 91.032961 57.454438
74.537289 90.731155 57.472206
74.565105 90.436092 57.489591
74.591161 90.159929 57.505876
74.614521 89.912553 57.520476
74.634554 89.700581 57.532996
74.650976 89.526947 57.543260
74.663832 89.391108 57.551295
74.673434 89.289726 57.557296
74.680266 89.217641 57.561566
74.684888 89.168894 57.564455
74.687857 89.137595 57.566311
74.689666 89.118542 57.567441
74.690712 89.107526 57.568095
74.691296 89.101369 57.568460
74.691640 89.097751 57.568675
74.691910 89.094916 57.568844
74.692253 89.091301 57.569058
74.692838 89.085155 57.569424
74.693884 89.074165 57.570078
74.695692 89.055172 57.571208
74.698662 89.023995 57.573064
74.703284 88.975482 57.575953
74.710115 88.903823 57.580222
74.719717 88.803159 57.586223
74.732574 88.668461 57.594259
74.748996 88.496536 57.604523
74.769029 88.286978 57.617043
74.792388 88.042825 57.631643
74.818445 87.770730 57.647928
74.846261 87.480532 57.665313
74.874688 87.184238 57.683080
74.902505 86.894603 57.700465
74.928561 86.623559 57.716750
74.951920 86.380800 57.731350
74.971953 86.172810 57.743871
74.988375 86.002459 57.754134
75.001232 85.869203 57.762170
75.010834 85.769759 57.768171
75.017665 85.699059 57.772441
75.022287 85.651252 57.775330
75.025257 85.620559 57.777185
75.027065 85.601877 57.778316
75.028111 85.591076 57.778969
75.028696 85.585038 57.779335
75.029039 85.581491 57.779550
75.029309 85.578712 57.779718
75.029653 85.575169 57.779933
75.030238 85.569144 57.780298
75.031283 85.558373 57.780952
75.033092 85.539757 57.782082
75.036061 85.509202 57.783938
75.040683 85.461662 57.786827
75.047515 85.391443 57.791097
75.057117 85.292813 57.797098
75.069974 85.160850 57.805134
75.086396 84.992437 57.815397
75.106428 84.787183 57.827918
75.129788 84.548076 57.842517
75.155844 84.281642 57.858802
75.183660 83.997521 57.876188
75.212088 83.707475 57.893955
75.239904 83.423989 57.911340
75.265960 83.158736 57.927625
75.289320 82.921198 57.942225
75.309352 82.717708 57.954745
75.325774 82.551065 57.965009
75.338631 82.420724 57.973044
75.348233 82.323466 57.979046
75.355064 82.254328 57.983315
75.359687 82.207581 57.986204
75.362656 82.177571 57.988060
75.364464 82.159305 57.989190
75.365510 82.148746 57.989844
75.366095 82.142844 57.990209
75.366439 82.139376 57.990424
75.366708 82.136659 57.990593
75.367052 82.133197 57.990808
75.367637 82.127309 57.991173
75.368683 82.116783 57.991827
75.370491 82.098591 57.992957
75.373460 82.068736 57.994813
75.378083 82.022287 57.997702
75.384914 81.953686 58.001971
75.394516 81.857338 58.007973
75.407373 81.728443 58.016008
75.423795 81.563965 58.026272
75.443828 81.363533 58.038792
75.467187 81.130077 58.053392
75.493243 80.869977 58.069677
75.521059 80.592653 58.087062
75.549487 80.309589 58.104829
75.577303 80.032970 58.122214
75.603359 79.774183 58.138500
75.626719 79.542470 58.153099
75.646751 79.343999 58.165620
75.663173 79.181487 58.175883
75.676030 79.054394 58.183919
75.685632 78.959572 58.189920
75.692464 78.892171 58.194190
75.697086 78.846603 58.197079
75.700055 78.817353 58.198935
75.701864 78.799551 58.200065
75.702910 78.789260 58.200718
75.703494 78.783508 58.201084
75.703838 78.780129 58.201299
75.704108 78.777482 58.201467
75.704451 78.774109 58.201682
75.705036 78.768373 58.202048
75.706082 78.758119 58.202701
75.707890 78.740399 58.203831
75.710860 78.711319 58.205687
75.715482 78.666081 58.208576
75.722313 78.599275 58.212846
75.731915 78.505458 58.218847
75.744772 78.379963 58.226883
75.761194 78.219844 58.237146
75.781227 78.024753 58.249667
75.804586 77.797551 58.264266
75.830643 77.544459 58.280552
75.858459 77.274651 58.297937
75.886886 76.999304 58.315704
75.914702 76.730272 58.333089
75.940759 76.478624 58.349374
75.964118 76.253339 58.363974
75.984151 76.060405 58.376494
76.000573 75.902450 58.386758
76.013430 75.778937 58.394794
76.023032 75.686797 58.400795
76.029863 75.621312 58.405064
76.034485 75.577043 58.407953
76.037455 75.548628 58.409809
76.039263 75.531337 58.410939
76.040309 75.521342 58.411593
76.040894 75.515756 58.411959
76.041237 75.512474 58.412173
76.041507 75.509904 58.412342
76.041851 75.506629 58.412557
76.042436 75.501059 58.412922
76.043481 75.491105 58.413576
76.045290 75.473903 58.414706
76.048259 75.445676 58.416562
76.052881 75.401768 58.419451
76.059713 75.336933 58.423720
76.069315 75.245894 58.429722
76.082172 75.124132 58.437757
76.098594 74.968798 58.448021
76.118626 74.779565 58.460541
76.141986 74.559221 58.475141
76.168042 74.313811 58.491426
76.195858 74.052238 58.508811
76.224286 73.785344 58.526579
76.252102 73.524618 58.543964
76.278158 73.280782 58.560249
76.301518 73.062530 58.574848
76.321550 72.875650 58.587369
76.337972 72.722676 58.597633
76.350829 72.603076 58.605668
76.360431 72.513868 58.611669
76.367262 72.450473 58.615939
76.371885 72.407622 58.618828
76.374854 72.380121 58.620684
76.376662 72.363387 58.621814
76.377708 72.353714 58.622468
76.378293 72.348309 58.622833
76.378637 72.345134 58.623048
76.378906 72.342647 58.623216
76.379250 72.339479 58.623431
76.379835 72.334092 58.623797
76.380881 72.324463 58.624450
76.382689 72.307827 58.625581
76.385658 72.280529 58.627436
76.390281 72.238071 58.630325
76.397112 72.175384 58.634595
76.406714 72.087372 58.640596
76.419571 71.969675 58.648632
76.435993 71.819549 58.658896
76.456025 71.636692 58.671416
76.479385 71.423811 58.686016
76.505441 71.186756 58.702301
76.533257 70.934138 58.719686
76.561685 70.676431 58.737453
76.589501 70.424730 58.754838
76.615557 70.189381 58.771123
76.638917 69.978765 58.785723
76.658949 69.798457 58.798243
76.675371 69.650889 58.808507
76.688228 69.535534 58.816543
76.697830 69.449505 58.822544
76.704662 69.388379 58.826814
76.709284 69.347066 58.829703
76.712253 69.320555 58.831558
76.714062 69.304424 58.832689
76.715107 69.295101 58.833342
76.715692 69.289892 58.833708
76.716036 69.286832 58.833923
76.716306 69.284436 58.834091
76.716649 69.281383 58.834306
76.717234 69.276193 58.834671
76.718280 69.266918 58.835325
76.720088 69.250894 58.836455
76.723058 69.224602 58.838311
76.727680 69.183713 58.841200
76.734511 69.123350 58.845470
76.744113 69.038614 58.851471
76.756970 68.925314 58.859506
76.773392 68.780822 58.869770
76.793425 68.604859 58.882291
76.816784 68.400044 58.896890
76.842841 68.172018 58.913175
76.870657 67.929074 58.930560
76.899084 67.681289 58.948328
76.926900 67.439332 58.965713
76.952957 67.213143 58.981998
76.976316 67.010768 58.996598
76.996349 66.837550 59.009118
77.012771 66.695812 59.019382
77.025628 66.585035 59.027417
77.035230 66.502434 59.033419
77.042061 66.443752 59.037688
77.046683 66.404096 59.040577
77.049653 66.378652 59.042433
77.051461 66.363171 59.043563
77.052507 66.354226 59.044217
77.053092 66.349227 59.044582
77.053435 66.346292 59.044797
77.053705 66.343993 59.044966
77.054049 66.341065 59.045180
77.054634 66.336088 59.045546
77.055679 66.327193 59.046200
77.057488 66.311827 59.047330
77.060457 66.286618 59.049186
77.065079 66.247418 59.052075
77.071911 66.189556 59.056344
77.081513 66.108343 59.062345
77.094370 65.999773 59.070381
77.110792 65.861339 59.080645
77.130824 65.692788 59.093165
77.154184 65.496643 59.107765
77.180240 65.278320 59.124050
77.208056 65.045768 59.141435
77.236484 64.808641 59.159202
77.264300 64.577147 59.176587
77.290356 64.360792 59.192873
77.313716 64.167262 59.207472
77.333748 64.001652 59.219993
77.350170 63.866169 59.230256
77.363027 63.760302 59.238292
77.372629 63.681377 59.244293
77.379460 63.625315 59.248563
77.384083 63.587437 59.251452
77.387052 63.563136 59.253307
77.388860 63.548353 59.254438
77.389906 63.539811 59.255091
77.390491 63.535039 59.255457
77.390835 63.532236 59.255672
77.391104 63.530042 59.255840
77.391448 63.527248 59.256055
77.392033 63.522498 59.256421
77.393079 63.514010 59.257074
77.394887 63.499349 59.258204
77.397856 63.475300 59.260060
77.402479 63.437908 59.262949
77.409310 63.382725 59.267219
77.418912 63.305283 59.273220
77.431769 63.201775 59.281256
77.448191 63.069824 59.291519
77.468223 62.909203 59.304040
77.491583 62.722332 59.318639
77.517639 62.514386 59.334925
77.545455 62.292946 59.352310
77.573883 62.067211 59.370077
77.601699 61.846899 59.387462
77.627755 61.641052 59.403747
77.651115 61.456970 59.418347
77.671147 61.299486 59.430867
77.687569 61.170682 59.441131
77.700426 61.070058 59.449166
77.710028 60.995057 59.455168
77.716860 60.941793 59.459437
77.721482 60.905811 59.462326
77.724451 60.882730 59.464182
77.726260 60.868692 59.465312
77.727305 60.860581 59.465966
77.727890 60.856049 59.466331
77.728234 60.853389 59.466546
77.728504 60.851307 59.466715
77.728847 60.848654 59.466930
77.729432 60.844147 59.467295
77.730478 60.836094 59.467949
77.732286 60.822185 59.469079
77.735256 60.799373 59.470935
77.739878 60.763908 59.473824
77.746709 60.711579 59.478093
77.756311 60.638157 59.484095
77.769168 60.540044 59.492130
77.785590 60.415000 59.502394
77.805623 60.262828 59.514914
77.828982 60.085834 59.529514
77.855039 59.888938 59.545799
77.882855 59.679329 59.563184
77.911282 59.465722 59.580951
77.939098 59.257312 59.598337
77.965155 59.062646 59.614622
77.988514 58.888616 59.629221
78.008547 58.739776 59.641742
78.024969 58.618076 59.652005
78.037826 58.523027 59.660041
78.047428 58.452198 59.666042
78.054259 58.401909 59.670312
78.058881 58.367943 59.673201
78.061851 58.346159 59.675057
78.063659 58.332911 59.676187
78.064705 58.325258 59.676840
78.065290 58.320983 59.677206
78.065633 58.318473 59.677421
78.065903 58.316509 59.677589
78.066247 58.314009 59.677804
78.066831 58.309759 59.678170
78.067877 58.302168 59.678823
78.069686 58.289057 59.679954
78.072655 58.267558 59.681809
78.077277 58.234141 59.684698
78.084109 58.184842 59.688968
78.093711 58.115689 59.694969
78.106568 58.023303 59.703005
78.122990 57.905591 59.713268
78.143022 57.762384 59.725789
78.166382 57.595873 59.740389
78.192438 57.410700 59.756674
78.220254 57.213642 59.774059
78.248682 57.012897 59.791826
78.276498 56.817107 59.809211
78.302554 56.634296 59.825496
78.325913 56.470923 59.840096
78.345946 56.331245 59.852616
78.362368 56.217073 59.862880
78.375225 56.127931 59.870916
78.384827 56.061524 59.876917
78.391658 56.014385 59.881186
78.396281 55.982555 59.884075
78.399250 55.962144 59.885931
78.401058 55.949734 59.887061
78.402104 55.942566 59.887715
78.402689 55.938563 59.888081
78.403033 55.936213 59.888295
78.403302 55.934374 59.888464
78.403646 55.932034 59.888679
78.404231 55.928057 59.889044
78.405277 55.920954 59.889698
78.407085 55.908689 59.890828
78.410054 55.888580 59.892684
78.414677 55.857330 59.895573
78.421508 55.811239 59.899842
78.431110 55.746602 59.905844
78.443967 55.660275 59.913879
78.460389 55.550320 59.924143
78.480421 55.416596 59.936663
78.503781 55.261171 59.951263
78.529837 55.088396 59.967548
78.557653 54.904607 59.984933
78.586081 54.717459 60.002701
78.613897 54.535010 60.020086
78.639953 54.364727 60.036371
78.663313 54.212614 60.050971
78.683345 54.082616 60.063491
78.699767 53.976398 60.073755
78.712624 53.893495 60.081790
78.722226 53.831757 60.087791
78.729058 53.787946 60.092061
78.733680 53.758370 60.094950
78.736649 53.739410 60.096806
78.738458 53.727884 60.097936
78.739503 53.721228 60.098590
78.740088 53.717511 60.098955
78.740432 53.715330 60.099170
78.740702 53.713624 60.099338
78.741045 53.711453 60.099553
78.741630 53.707764 60.099919
78.742676 53.701177 60.100573
78.744484 53.689804 60.101703
78.747454 53.671161 60.103558
78.752076 53.642198 60.106447
78.758907 53.599491 60.110717
78.768509 53.539619 60.116718
78.781366 53.459684 60.124754
78.797788 53.357909 60.135018
78.817821 53.234188 60.147538
78.841180 53.090453 60.162138
78.867236 52.930748 60.178423
78.895053 52.760948 60.195808
78.923480 52.588132 60.213575
78.951296 52.419742 60.230960
78.977353 52.262662 60.247245
79.000712 52.122413 60.261845
79.020745 52.002613 60.274365
79.037167 51.904772 60.284629
79.050024 51.828442 60.292665
79.059626 51.771620 60.298666
79.066457 51.731314 60.302936
79.071079 51.704113 60.305825
79.074049 51.686680 60.307680
79.075857 51.676085 60.308811
79.076903 51.669968 60.309464
79.077488 51.666553 60.309830
79.077831 51.664549 60.310045
79.078101 51.662983 60.310213
79.078445 51.660989 60.310428
79.079029 51.657604 60.310793
79.080075 51.651559 60.311447
79.081884 51.641125 60.312577
79.084853 51.624026 60.314433
79.089475 51.597468 60.317322
79.096307 51.558322 60.321592
79.105909 51.503463 60.327593
79.118765 51.430253 60.335628
79.135187 51.337084 60.345892
79.155220 51.223882 60.358413
79.178580 51.092440 60.373012
79.204636 50.946481 60.389297
79.232452 50.791388 60.406682
79.260880 50.633640 60.424450
79.288696 50.480028 60.441835
79.314752 50.336824 60.458120
79.338111 50.209043 60.472720
79.358144 50.099958 60.485240
79.374566 50.010920 60.495504
79.387423 49.941495 60.503539
79.397025 49.889838 60.509541
79.403856 49.853213 60.513810
79.408479 49.828506 60.516699
79.411448 49.812677 60.518555
79.413256 49.803060 60.519685
79.414302 49.797509 60.520339
79.414887 49.794411 60.520704
79.415231 49.792594 60.520919
79.415500 49.791173 60.521088
79.415844 49.789366 60.521302
79.416429 49.786299 60.521668
79.417475 49.780824 60.522322
79.419283 49.771376 60.523452
79.422252 49.755897 60.525308
79.426875 49.731865 60.528197
79.433706 49.696456 60.532466
79.443308 49.646858 60.538467
79.456165 49.580705 60.546503
79.472587 49.496566 60.556767
79.492619 49.394402 60.569287
79.515979 49.275858 60.583887
79.542035 49.144317 60.600172
79.569851 49.004651 60.617557
79.598279 48.862705 60.635324
79.626095 48.724591 60.652709
79.652151 48.595936 60.668995
79.675511 48.481228 60.683594
79.695543 48.383376 60.696115
79.711965 48.303565 60.706378
79.724822 48.241377 60.714414
79.734424 48.195134 60.720415
79.741256 48.162366 60.724685
79.745878 48.140272 60.727574
79.748847 48.126124 60.729430
79.750656 48.117532 60.730560
79.751701 48.112574 60.731213
79.752286 48.109808 60.731579
79.752630 48.108186 60.731794
79.752900 48.106919 60.731962
79.753243 48.105308 60.732177
79.753828 48.102574 60.732543
79.754874 48.097696 60.733196
79.756682 48.089280 60.734326
79.759652 48.075498 60.736182
79.764274 48.054111 60.739071
79.771105 48.022616 60.743341
79.780707 47.978528 60.749342
79.793564 47.919763 60.757378
79.809986 47.845079 60.767641
79.830019 47.754471 60.780162
79.853378 47.649429 60.794761
79.879434 47.532980 60.811047
79.907251 47.409460 60.828432
79.935678 47.284051 60.846199
79.963494 47.162154 60.863584
79.989551 47.048722 60.879869
80.012910 46.947690 60.894469
80.032943 46.861590 60.906989
80.049365 46.791431 60.917253
80.062222 46.736811 60.925288
80.071824 46.696231 60.931290
80.078655 46.667496 60.935559
80.083277 46.648136 60.938448
80.086247 46.635746 60.940304
80.088055 46.628225 60.941434
80.089101 46.623887 60.942088
80.089686 46.621468 60.942453
80.090029 46.620050 60.942668
80.090299 46.618943 60.942837
80.090643 46.617537 60.943052
80.091227 46.615152 60.943417
80.092273 46.610897 60.944071
80.094082 46.603560 60.945201
80.097051 46.591553 60.947057
80.101673 46.572930 60.949946
80.108505 46.545525 60.954215
80.118107 46.507195 60.960217
80.130963 46.456152 60.968252
80.147385 46.391347 60.978516
80.167418 46.312812 60.991036
80.190778 46.221876 61.005636
80.216834 46.121193 61.021921
80.244650 46.014538 61.039306
80.273078 45.906402 61.057074
80.300894 45.801440 61.074459
80.326950 45.703906 61.090744
80.350309 45.617153 61.105343
80.370342 45.543323 61.117864
80.386764 45.483240 61.128128
80.399621 45.436522 61.136163
80.409223 45.401852 61.142164
80.416054 45.377328 61.146434
80.420677 45.360820 61.149323
80.423646 45.350264 61.151179
80.425454 45.343861 61.152309
80.426500 45.340171 61.152963
80.427085 45.338114 61.153328
80.427429 45.336909 61.153543
80.427698 45.335969 61.153711
80.428042 45.334777 61.153926
80.428627 45.332755 61.154292
80.429673 45.329151 61.154945
80.431481 45.322940 61.156076
80.434450 45.312783 61.157931
80.439073 45.297044 61.160820
80.445904 45.273907 61.165090
80.455506 45.241583 61.171091
80.468363 45.198594 61.179127
80.484785 45.144093 61.189390
80.504817 45.078149 61.201911
80.528177 45.001923 61.216511
80.554233 44.917679 61.232796
80.582049 44.828609 61.250181
80.610477 44.738480 61.267948
80.638293 44.651173 61.285333
80.664349 44.570209 61.301618
80.687709 44.498341 61.316218
80.707741 44.437298 61.328738
80.724163 44.387715 61.339002
80.737020 44.349232 61.347038
80.746622 44.320720 61.353039
80.753454 44.300583 61.357308
80.758076 44.287048 61.360197
80.761045 44.278403 61.362053
80.762853 44.273165 61.363183
80.763899 44.270149 61.363837
80.764484 44.268469 61.364203
80.764828 44.267486 61.364417
80.765097 44.266721 61.364586
80.765441 44.265751 61.364801
80.766026 44.264108 61.365166
80.767072 44.261181 61.365820
80.768880 44.256144 61.366950
80.771850 44.247914 61.368806
80.776472 44.235178 61.371695
80.783303 44.216485 61.375965
80.792905 44.190415 61.381966
80.805762 44.155812 61.390001
80.822184 44.112040 61.400265
80.842217 44.059205 61.412785
80.865576 43.998292 61.427385
80.891632 43.931162 61.443670
80.919448 43.860396 61.461055
80.947876 43.789009 61.478823
80.975692 43.720076 61.496208
81.001749 43.656357 61.512493
81.025108 43.599976 61.527093
81.045141 43.552239 61.539613
81.061563 43.513581 61.549877
81.074419 43.483664 61.557912
81.084021 43.461559 61.563913
81.090853 43.445987 61.568183
81.095475 43.435542 61.571072
81.098445 43.428886 61.572928
81.100253 43.424859 61.574058
81.101299 43.422544 61.574712
81.101884 43.421257 61.575077
81.102227 43.420505 61.575292
81.102497 43.419921 61.575460
81.102841 43.419182 61.575675
81.103425 43.417933 61.576041
81.104471 43.415711 61.576695
81.106280 43.411893 61.577825
81.109249 43.405668 61.579681
81.113871 43.396055 61.582569
81.120703 43.381982 61.586839
81.130305 43.362415 61.592840
81.143161 43.336530 61.600876
81.159583 43.303912 61.611140
81.179616 43.264704 61.623660
81.202976 43.219709 61.638260
81.229032 43.170365 61.654545
81.256848 43.118622 61.671930
81.285276 43.066712 61.689697
81.313092 43.016873 61.707082
81.339148 42.971071 61.723367
81.362507 42.930783 61.737967
81.382540 42.896868 61.750487
81.398962 42.869561 61.760751
81.411819 42.848543 61.768787
81.421421 42.833093 61.774788
81.428252 42.822261 61.779058
81.432875 42.815028 61.781947
81.435844 42.810435 61.783802
81.437652 42.807668 61.784933
81.438698 42.806081 61.785586
81.439283 42.805201 61.785952
81.439627 42.804689 61.786167
81.439896 42.804293 61.786335
81.440240 42.803794 61.786550
81.440825 42.802954 61.786915
81.441871 42.801464 61.787569
81.443679 42.798913 61.788699
81.446648 42.794768 61.790555
81.451271 42.788398 61.793444
81.458102 42.779122 61.797714
81.467704 42.766305 61.803715
81.480561 42.749472 61.811750
81.496983 42.728431 61.822014
81.517015 42.703369 61.834535
81.540375 42.674895 61.849134
81.566431 42.644012 61.865419
81.594247 42.612010 61.882804
81.622675 42.580313 61.900572
81.650491 42.550287 61.917957
81.676547 42.523076 61.934242
81.699907 42.499483 61.948842
81.719939 42.479911 61.961362
81.736361 42.464378 61.971626
81.749218 42.452591 61.979661
81.758820 42.444044 61.985663
81.765652 42.438129 61.989932
81.770274 42.434227 61.992821
81.773243 42.431776 61.994677
81.775049 42.430313 61.995807
81.776086 42.429482 61.996461
81.776637 42.429025 61.996827
81.776864 42.428762 61.997042
81.776775 42.428562 61.997213
81.776130 42.428316 61.997433
81.774238 42.427909 61.997813
81.769623 42.427198 61.998499
81.759569 42.426001 61.999696
81.739667 42.424094 62.001683
81.703605 42.421229 62.004804
81.643554 42.417162 62.009455
81.551455 42.411702 62.016036
81.421321 42.404756 62.024886
81.252202 42.396370 62.036208
81.050971 42.386749 62.049990
80.833770 42.376247 62.065961
80.625040 42.365324 62.083585
80.453749 42.354484 62.102105
80.347434 42.344208 62.120640
80.325672 42.334888 62.138308
80.395063 42.326791 62.154346
80.547420 42.320044 62.168210
80.761815 42.314646 62.179623
81.009746 42.310498 62.188567
81.261679 42.307433 62.195239
81.492925 42.305259 62.199977
81.687311 42.303778 62.203177
81.838078 42.302811 62.205233
81.946438 42.302208 62.206488
82.018840 42.301848 62.207215
82.064103 42.301644 62.207617
82.091274 42.301532 62.207830
82.108654 42.301467 62.207944
82.124059 42.301419 62.208014
82.146167 42.301362 62.208074
82.186815 42.301271 62.208133
82.264026 42.301121 62.208174
82.405458 42.300883 62.208134
82.651650 42.300528 62.207882
83.057953 42.300039 62.207199
83.693685 42.299417 62.205774
84.637002 42.298690 62.203246
85.964662 42.297916 62.199278
87.737271 42.297183 62.193680
89.982531 42.296591 62.186539
92.680694 42.296229 62.178305
95.757013 42.296161 62.169799
99.084879 42.296399 62.162092
102.500561 42.296909 62.156301
105.826902 42.297611 62.153317
108.900384 42.298403 62.153594
111.594778 42.299187 62.157032
113.835799 42.299881 62.163017
115.604155 42.300440 62.170591
116.927919 42.300850 62.178689
117.867938 42.301124 62.186373
118.501074 42.301290 62.192985
118.905472 42.301380 62.198201
119.150356 42.301422 62.202000
119.290948 42.301439 62.204565
119.367649 42.301443 62.206181
119.408001 42.301443 62.207157
119.429927 42.301440 62.207782
119.445178 42.301437 62.208330
119.462348 42.301431 62.209104
119.489140 42.301420 62.210505
119.533697 42.301399 62.213131
119.604823 42.301363 62.217891
119.710987 42.301303 62.226100
119.858164 42.301206 62.239547
120.046969 42.301058 62.260481
120.269959 42.300840 62.291471
120.510263 42.300534 62.335118
120.742594 42.300119 62.393622
120.937050 42.299579 62.468271
121.065124 42.298905 62.558956
121.106329 42.298096 62.663857
121.053391 42.297166 62.779412
120.914208 42.296141 62.900638
120.709894 42.295062 63.021756
120.469545 42.293975 63.137004
120.223495 42.292932 63.241439
119.997192 42.291976 63.331551
119.807322 42.291144 63.405570
119.660842 42.290456 63.463432
119.556493 42.289915 63.506451
119.487719 42.289512 63.536852
119.445760 42.289229 63.557249
119.422078 42.289040 63.570230
119.409729 42.288922 63.578058
119.403792 42.288852 63.582540
119.401164 42.288812 63.585020
119.400088 42.288787 63.586461
119.399664 42.288768 63.587575
119.399462 42.288742 63.588983
119.399283 42.288696 63.591372
119.399012 42.288614 63.595642
119.398547 42.288470 63.603025
119.397772 42.288228 63.615147
119.396538 42.287843 63.634018
119.394667 42.287258 63.661905
119.391964 42.286415 63.701101
119.388235 42.285251 63.753579
119.383320 42.283718 63.820605
119.377124 42.281787 63.902358
119.369651 42.279460 63.997679
119.361027 42.276778 64.103990
119.351504 42.273820 64.217466
119.341444 42.270699 64.333420
119.331279 42.267551 64.446860
119.321460 42.264514 64.553105
119.312400 42.261717 64.648338
119.304418 42.259257 64.729992
119.297711 42.257192 64.796918
119.292342 42.255542 64.849306
119.288250 42.254287 64.888424
119.285286 42.253379 64.916251
119.283250 42.252755 64.935077
119.281924 42.252350 64.947169
119.281107 42.252100 64.954532
119.280630 42.251955 64.958790
119.280361 42.251873 64.961171
119.280201 42.251824 64.962570
119.280074 42.251785 64.963667
119.279909 42.251736 64.965066
119.279627 42.251650 64.967446
119.279118 42.251495 64.971701
119.278230 42.251225 64.979059
119.276756 42.250777 64.991140
119.274434 42.250072 65.009944
119.270955 42.249016 65.037733
119.265992 42.247510 65.076787
119.259238 42.245462 65.129072
119.250459 42.242803 65.195844
119.239550 42.239501 65.277282
119.226582 42.235581 65.372224
119.211830 42.231128 65.478104
119.195766 42.226285 65.591107
119.179023 42.221244 65.706565
119.162319 42.216222 65.819509
119.146378 42.211437 65.925278
119.131830 42.207077 66.020074
119.119143 42.203281 66.101346
119.108580 42.200124 66.167953
119.100191 42.197621 66.220086
119.093845 42.195730 66.259012
119.089279 42.194371 66.286699
119.086157 42.193443 66.305430
119.084135 42.192843 66.317460
119.082894 42.192474 66.324785
119.082171 42.192260 66.329021
119.081765 42.192140 66.331389
119.081525 42.192069 66.332781
119.081334 42.192012 66.333872
119.081090 42.191940 66.335263
119.080670 42.191816 66.337630
119.079916 42.191593 66.341863
119.078604 42.191206 66.349180
119.076434 42.190566 66.361193
119.073029 42.189561 66.379892
119.067950 42.188064 66.407522
119.060738 42.185940 66.446351
119.050972 42.183066 66.498331
119.038348 42.179354 66.564707
119.022749 42.174772 66.645655
119.004314 42.169364 66.740017
118.983465 42.163256 66.845239
118.960895 42.156653 66.957528
118.937504 42.149820 67.072244
118.914299 42.143051 67.184450
118.892268 42.136635 67.289517
118.872263 42.130817 67.383675
118.854898 42.125775 67.464392
118.840501 42.121600 67.530537
118.829111 42.118302 67.582305
118.820525 42.115819 67.620954
118.814365 42.114040 67.648444
118.810166 42.112828 67.667039
118.807451 42.112046 67.678981
118.805788 42.111567 67.686252
118.804822 42.111289 67.690457
118.804280 42.111133 67.692808
118.803959 42.111041 67.694190
118.803706 42.110968 67.695272
118.803381 42.110875 67.696653
118.802826 42.110715 67.699002
118.801828 42.110429 67.703202
118.800095 42.109933 67.710463
118.797234 42.109113 67.722383
118.792753 42.107831 67.740936
118.786084 42.105923 67.768350
118.776638 42.103223 67.806871
118.763882 42.099581 67.858434
118.747439 42.094890 67.924273
118.727184 42.089119 68.004558
118.703321 42.082328 68.098139
118.676421 42.074684 68.202478
118.647392 42.066446 68.313813
118.617404 42.057949 68.427543
118.587745 42.049557 68.538771
118.559673 42.041627 68.642913
118.534253 42.034457 68.736230
118.512247 42.028259 68.816220
118.494047 42.023140 68.881763
118.479681 42.019105 68.933054
118.468873 42.016073 68.971345
118.461132 42.013904 68.998578
118.455864 42.012430 69.016998
118.452463 42.011479 69.028827
118.450382 42.010897 69.036029
118.449174 42.010560 69.040194
118.448497 42.010371 69.042522
118.448097 42.010259 69.043890
118.447781 42.010172 69.044963
118.447377 42.010059 69.046330
118.446687 42.009867 69.048656
118.445447 42.009522 69.052815
118.443297 42.008925 69.060003
118.439751 42.007939 69.071805
118.434203 42.006399 69.090173
118.425959 42.004112 69.117311
118.414300 42.000880 69.155442
118.398581 41.996527 69.206479
118.378354 41.990932 69.271640
118.353486 41.984061 69.351091
118.324246 41.975993 69.443690
118.291351 41.966929 69.546924
118.255926 41.957182 69.657068
118.219404 41.947148 69.769568
118.183356 41.937260 69.879583
118.149302 41.927933 69.982576
118.118522 41.919516 70.074855
118.091922 41.912252 70.153946
118.069957 41.906263 70.218746
118.052646 41.901549 70.269452
118.039639 41.898011 70.307303
118.030334 41.895484 70.334220
118.024008 41.893767 70.352426
118.019928 41.892661 70.364117
118.017433 41.891985 70.371235
118.015986 41.891593 70.375350
118.015175 41.891374 70.377651
118.014697 41.891244 70.379003
118.014320 41.891143 70.380063
118.013837 41.891012 70.381414
118.013013 41.890790 70.383711
118.011535 41.890392 70.387820
118.008972 41.889701 70.394922
118.004748 41.888563 70.406580
117.998146 41.886787 70.424723
117.988344 41.884151 70.451527
117.974496 41.880430 70.489187
117.955848 41.875424 70.539588
117.931881 41.868998 70.603933
117.902452 41.861118 70.682380
117.867898 41.851877 70.773800
117.829079 41.841511 70.875709
117.787333 41.830380 70.984426
117.744355 41.818938 71.095457
117.701995 41.807678 71.204022
117.662031 41.797072 71.305647
117.625957 41.787512 71.396690
117.594819 41.779274 71.474714
117.569137 41.772488 71.538634
117.548917 41.767153 71.588646
117.533738 41.763153 71.625976
117.522890 41.760297 71.652521
117.515520 41.758359 71.670474
117.510768 41.757111 71.682002
117.507866 41.756349 71.689019
117.506183 41.755908 71.693077
117.505240 41.755661 71.695345
117.504684 41.755515 71.696678
117.504246 41.755401 71.697723
117.503686 41.755254 71.699054
117.502730 41.755004 71.701319
117.501016 41.754557 71.705369
117.498046 41.753781 71.712368
117.493154 41.752505 71.723858
117.485512 41.750512 71.741738
117.474173 41.747558 71.768152
117.458165 41.743391 71.805259
117.436627 41.737791 71.854918
117.408971 41.730609 71.918309
117.375045 41.721809 71.995585
117.335251 41.711501 72.085631
117.290589 41.699950 72.185996
117.242612 41.687560 72.293055
117.193270 41.674838 72.402380
117.144688 41.662332 72.509264
117.098900 41.650563 72.609304
117.057609 41.639967 72.698917
117.021999 41.630843 72.775707
116.992655 41.623335 72.838610
116.969569 41.617437 72.887822
116.952252 41.613018 72.924551
116.939883 41.609865 72.950667
116.931484 41.607727 72.968328
116.926072 41.606350 72.979668
116.922768 41.605510 72.986571
116.920852 41.605024 72.990562
116.919779 41.604751 72.992793
116.919147 41.604591 72.994104
116.918649 41.604465 72.995132
116.918013 41.604304 72.996441
116.916927 41.604029 72.998668
116.914982 41.603537 73.002650
116.911610 41.602685 73.009532
116.906060 41.601283 73.020829
116.897394 41.599095 73.038408
116.884542 41.595853 73.064374
116.866409 41.591284 73.100851
116.842027 41.585147 73.149661
116.810742 41.577282 73.211962
116.772391 41.567654 73.287902
116.727440 41.556384 73.376382
116.677033 41.543765 73.474990
116.622926 41.530242 73.580162
116.567326 41.516368 73.687547
116.512625 41.502740 73.792522
116.461110 41.489927 73.890764
116.414690 41.478399 73.978756
116.374686 41.468480 74.054148
116.341741 41.460324 74.115900
116.315839 41.453920 74.164206
116.296420 41.449125 74.200257
116.282556 41.445706 74.225887
116.273147 41.443388 74.243220
116.267086 41.441896 74.254347
116.263387 41.440986 74.261121
116.261243 41.440460 74.265037
116.260042 41.440165 74.267226
116.259335 41.439991 74.268512
116.258779 41.439855 74.269520
116.258067 41.439680 74.270805
116.256854 41.439383 74.272989
116.254681 41.438852 74.276895
116.250916 41.437931 74.283645
116.244719 41.436417 74.294725
116.235048 41.434055 74.311965
116.220711 41.430557 74.337428
116.200491 41.425628 74.373196
116.173318 41.419012 74.421053
116.138469 41.410539 74.482132
116.095775 41.400171 74.556575
116.045765 41.388045 74.643299
115.989718 41.374476 74.739939
115.929598 41.359944 74.843000
115.867857 41.345046 74.948216
115.807154 41.330422 75.051059
115.750024 41.316682 75.147292
115.698573 41.304328 75.233475
115.654259 41.293704 75.307309
115.617785 41.284974 75.367777
115.589122 41.278122 75.415075
115.567642 41.272995 75.450370
115.552313 41.269340 75.475461
115.541914 41.266863 75.492427
115.535217 41.265269 75.503319
115.531131 41.264298 75.509949
115.528763 41.263735 75.513781
115.527437 41.263421 75.515924
115.526656 41.263235 75.517182
115.526042 41.263090 75.518168
115.525258 41.262904 75.519425
115.523920 41.262587 75.521563
115.521523 41.262021 75.525384
115.517373 41.261039 75.531988
115.510543 41.259426 75.542827
115.499886 41.256911 75.559691
115.484095 41.253187 75.584598
115.461832 41.247943 75.619581
115.431925 41.240906 75.666383
115.393587 41.231897 75.726109
115.346641 41.220881 75.798894
115.291678 41.208003 75.883678
115.230112 41.193602 75.978145
115.164106 41.178187 76.078875
115.096358 41.162392 76.181697
115.029783 41.146898 76.282187
114.967157 41.132348 76.376207
114.910786 41.119273 76.460397
114.862257 41.108035 76.532515
114.822331 41.098803 76.591571
114.790968 41.091562 76.637760
114.767474 41.086145 76.672223
114.750713 41.082286 76.696721
114.739345 41.079671 76.713285
114.732027 41.077989 76.723918
114.727562 41.076964 76.730389
114.724976 41.076370 76.734131
114.723527 41.076038 76.736222
114.722675 41.075843 76.737450
114.722005 41.075690 76.738412
114.721148 41.075494 76.739639
114.719688 41.075160 76.741725
114.717074 41.074563 76.745454
114.712546 41.073530 76.751897
114.705098 41.071831 76.762472
114.693479 41.069183 76.778924
114.676267 41.065264 76.803221
114.652008 41.059747 76.837344
114.619431 41.052347 76.882991
114.577686 41.042878 76.941237
114.526589 41.031303 77.012210
114.466789 41.017779 77.094873
114.399836 41.002662 77.186964
114.328085 40.986490 77.285148
114.254473 40.969927 77.385358
114.182168 40.953687 77.483281
114.114182 40.938444 77.574886
114.053010 40.924753 77.656904
114.000370 40.912991 77.727152
113.957077 40.903333 77.784670
113.923081 40.895760 77.829650
113.897622 40.890097 77.863209
113.879465 40.886063 77.887062
113.867153 40.883331 77.903188
113.859229 40.881574 77.913539
113.854395 40.880504 77.919839
113.851596 40.879884 77.923480
113.850028 40.879537 77.925516
113.849106 40.879333 77.926711
113.848381 40.879173 77.927648
113.847454 40.878969 77.928841
113.845875 40.878621 77.930871
113.843048 40.877998 77.934499
113.838154 40.876921 77.940769
113.830103 40.875150 77.951057
113.817547 40.872390 77.967063
113.798950 40.868307 77.990698
113.772748 40.862561 78.023888
113.737570 40.854856 78.068283
113.692508 40.844999 78.124924
113.637367 40.832957 78.193934
113.572859 40.818891 78.274299
113.500661 40.803176 78.363818
113.423319 40.786371 78.459246
113.344001 40.769168 78.556629
113.266119 40.752308 78.651776
113.192917 40.736490 78.740772
113.127077 40.722288 78.820442
113.070437 40.710092 78.888670
113.023870 40.700081 78.944527
112.987313 40.692235 78.988204
112.959945 40.686369 79.020786
112.940430 40.682192 79.043942
112.927200 40.679363 79.059596
112.918686 40.677545 79.069644
112.913494 40.676437 79.075758
112.910488 40.675796 79.079292
112.908804 40.675437 79.081267
112.907813 40.675226 79.082428
112.907035 40.675060 79.083337
112.906041 40.674849 79.084495
112.904347 40.674490 79.086464
112.901313 40.673846 79.089984
112.896062 40.672732 79.096066
112.887426 40.670903 79.106046
112.873959 40.668052 79.121570
112.854018 40.663836 79.144493
112.825927 40.657903 79.176679
112.788224 40.649950 79.219727
112.739940 40.639781 79.274643
112.680874 40.627361 79.341542
112.611796 40.612859 79.419438
112.534507 40.596663 79.506194
112.451739 40.579351 79.598663
112.366883 40.561636 79.693012
112.283592 40.544281 79.785179
112.205330 40.528005 79.871376
112.134960 40.513398 79.948528
112.074442 40.500858 80.014591
112.024700 40.490568 80.068668
111.985662 40.482506 80.110947
111.956441 40.476480 80.142483
111.935610 40.472191 80.164894
111.921491 40.469286 80.180042
111.912406 40.467420 80.189765
111.906867 40.466283 80.195681
111.903659 40.465625 80.199100
111.901864 40.465257 80.201011
111.900807 40.465040 80.202133
111.899977 40.464871 80.203013
111.898917 40.464654 80.204133
111.897111 40.464285 80.206037
111.893878 40.463625 80.209441
111.888281 40.462484 80.215323
111.879078 40.460609 80.224973
111.864729 40.457688 80.239983
111.843486 40.453369 80.262145
111.813567 40.447293 80.293259
111.773419 40.439151 80.334868
111.722016 40.428743 80.387941
111.659152 40.416035 80.452587
111.585650 40.401203 80.527847
111.503435 40.384643 80.611655
111.415417 40.366949 80.700967
111.325205 40.348850 80.792080
111.236682 40.331126 80.881072
111.153528 40.314509 80.964285
111.078779 40.299601 81.038756
111.014512 40.286808 81.102512
110.961701 40.276313 81.154693
110.920263 40.268093 81.195485
110.889253 40.261951 81.225908
110.867151 40.257579 81.247525
110.852172 40.254620 81.262136
110.842536 40.252719 81.271512
110.836661 40.251561 81.277217
110.833259 40.250891 81.280514
110.831356 40.250516 81.282357
110.830235 40.250296 81.283439
110.829355 40.250123 81.284286
110.828232 40.249902 81.285366
110.826318 40.249527 81.287202
110.822891 40.248856 81.290483
110.816961 40.247695 81.296151
110.807211 40.245788 81.305451
110.792011 40.242818 81.319915
110.769511 40.238427 81.341268
110.737828 40.232251 81.371244
110.695321 40.223978 81.411325
110.640908 40.213404 81.462443
110.574379 40.200499 81.524696
110.496611 40.185441 81.597161
110.409646 40.168636 81.677842
110.316566 40.150685 81.763807
110.221190 40.132330 81.851489
110.127624 40.114361 81.937116
110.039755 40.097521 82.017168
109.960787 40.082418 82.088797
109.892907 40.069461 82.150111
109.837141 40.058836 82.200285
109.793392 40.050516 82.239503
109.760659 40.044300 82.268747
109.737332 40.039877 82.289525
109.721526 40.036884 82.303566
109.711359 40.034962 82.312576
109.705161 40.033791 82.318058
109.701573 40.033113 82.321226
109.699564 40.032734 82.322997
109.698383 40.032512 82.324036
109.697455 40.032337 82.324850
109.696270 40.032114 82.325887
109.694252 40.031735 82.327651
109.690640 40.031057 82.330801
109.684389 40.029885 82.336245
109.674112 40.027959 82.345175
109.658093 40.024961 82.359062
109.634385 40.020528 82.379560
109.601005 40.014296 82.408334
109.556229 40.005949 82.446801
109.498924 39.995285 82.495854
109.428872 39.982272 82.555583
109.347004 39.967094 82.625097
109.255473 39.950159 82.702479
109.157530 39.932077 82.784913
109.057194 39.913594 82.868978
108.958785 39.895506 82.951057
108.866388 39.878560 83.027777
108.783369 39.863367 83.096412
108.712023 39.850337 83.155152
108.653419 39.839655 83.203213
108.607453 39.831293 83.240772
108.573067 39.825047 83.268776
108.548565 39.820604 83.288669
108.531965 39.817598 83.302112
108.521289 39.815667 83.310737
108.514781 39.814491 83.315984
108.511014 39.813811 83.319016
108.508905 39.813431 83.320710
108.507665 39.813208 83.321705
108.506691 39.813032 83.322484
108.505448 39.812809 83.323476
108.503330 39.812429 83.325163
108.499540 39.811749 83.328177
108.492981 39.810573 83.333383
108.482200 39.808642 83.341924
108.465397 39.805636 83.355204
108.440530 39.801193 83.374805
108.405525 39.794947 83.402315
108.358576 39.786585 83.439087
108.298500 39.775903 83.485970
108.225075 39.762873 83.543047
108.139281 39.747680 83.609463
108.043381 39.730734 83.683380
107.940783 39.712646 83.762107
107.835701 39.694163 83.842376
107.732659 39.676081 83.920731
107.635932 39.659146 83.993955
107.549039 39.643968 84.059450
107.474378 39.630955 84.115491
107.413062 39.620291 84.161335
107.364977 39.611944 84.197156
107.329010 39.605712 84.223860
107.303387 39.601279 84.242827
107.286028 39.598281 84.255642
107.274866 39.596355 84.263863
107.268062 39.595183 84.268864
107.264123 39.594505 84.271754
107.261919 39.594126 84.273368
107.260623 39.593903 84.274316
107.259605 39.593728 84.275058
107.258306 39.593506 84.276003
107.256093 39.593127 84.277610
107.252133 39.592449 84.280481
107.245280 39.591278 84.285439
107.234018 39.589356 84.293573
107.216466 39.586363 84.306218
107.190494 39.581940 84.324879
107.153938 39.575724 84.351066
107.104917 39.567404 84.386064
107.042198 39.556779 84.430678
106.965556 39.543822 84.484981
106.876020 39.528719 84.548156
106.775955 39.511879 84.618451
106.668922 39.493910 84.693304
106.559318 39.475555 84.769604
106.451862 39.457604 84.844068
106.351011 39.440799 84.913641
106.260430 39.425741 84.975855
106.182613 39.412836 85.029079
106.118716 39.402262 85.072608
106.068615 39.393989 85.106614
106.031145 39.387813 85.131961
106.004454 39.383422 85.149961
105.986374 39.380452 85.162121
105.974749 39.378545 85.169921
105.967663 39.377384 85.174665
105.963562 39.376713 85.177406
105.961268 39.376338 85.178937
105.959918 39.376117 85.179836
105.958858 39.375944 85.180540
105.957506 39.375724 85.181436
105.955203 39.375349 85.182960
105.951081 39.374679 85.185681
105.943950 39.373521 85.190381
105.932229 39.371620 85.198090
105.913966 39.368661 85.210073
105.886945 39.364289 85.227755
105.848916 39.358147 85.252563
105.797927 39.349927 85.285713
105.732700 39.339432 85.327961
105.653005 39.326639 85.379375
105.559917 39.311731 85.439174
105.455900 39.295114 85.505698
105.344660 39.277390 85.576516
105.230769 39.259291 85.648685
105.119129 39.241597 85.719100
105.014369 39.225037 85.784872
104.920293 39.210205 85.843673
104.839487 39.197497 85.893965
104.773145 39.187089 85.935087
104.721134 39.178947 85.967206
104.682241 39.172871 85.991141
104.654539 39.168552 86.008135
104.635777 39.165631 86.019614
104.623713 39.163756 86.026977
104.616362 39.162615 86.031454
104.612107 39.161955 86.034041
104.609726 39.161586 86.035486
104.608326 39.161369 86.036334
104.607227 39.161200 86.036998
104.605824 39.160983 86.037843
104.603435 39.160615 86.039279
104.599161 39.159957 86.041845
104.591766 39.158820 86.046277
104.579613 39.156954 86.053544
104.560678 39.154049 86.064840
104.532664 39.149760 86.081505
104.493244 39.143734 86.104881
104.440395 39.135672 86.136112
104.372799 39.125382 86.175906
104.290221 39.112842 86.224320
104.193780 39.098235 86.280616
104.086034 39.081959 86.343225
103.970825 39.064604 86.409858
103.852888 39.046889 86.477743
103.737303 39.029577 86.543957
103.628858 39.013381 86.605789
103.531488 38.998879 86.661052
103.447864 38.986459 86.708304
103.379219 38.976290 86.746931
103.325409 38.968337 86.777094
103.285176 38.962404 86.799566
103.256523 38.958188 86.815519
103.237117 38.955337 86.826293
103.224642 38.953508 86.833202
103.217040 38.952394 86.837403
103.212640 38.951750 86.839829
103.210178 38.951391 86.841185
103.208731 38.951180 86.841980
103.207595 38.951014 86.842603
103.206144 38.950803 86.843395
103.203675 38.950444 86.844742
103.199258 38.949803 86.847147
103.191614 38.948695 86.851301
103.179055 38.946877 86.858112
103.159488 38.944048 86.868696
103.130542 38.939871 86.884308
103.089815 38.934005 86.906203
103.035219 38.926159 86.935448
102.965398 38.916148 86.972701
102.880113 38.903952 87.018013
102.780525 38.889750 87.070686
102.669280 38.873932 87.129247
102.550346 38.857072 87.191552
102.428617 38.839869 87.255007
102.309332 38.823064 87.316881
102.197434 38.807349 87.374640
102.096977 38.793283 87.426246
102.010715 38.781241 87.470358
101.939913 38.771384 87.506408
101.884420 38.763679 87.534550
101.842932 38.757933 87.555512
101.813388 38.753850 87.570390
101.793382 38.751090 87.580435
101.780521 38.749319 87.586875
101.772684 38.748242 87.590791
101.768149 38.747619 87.593052
101.765612 38.747271 87.594315
101.764120 38.747067 87.595057
101.762949 38.746907 87.595636
101.761454 38.746703 87.596375
101.758910 38.746356 87.597629
101.754358 38.745736 87.599868
101.746484 38.744666 87.603735
101.733545 38.742909 87.610074
101.713387 38.740177 87.619924
101.683571 38.736143 87.634450
101.641623 38.730480 87.654817
101.585398 38.722907 87.682014
101.513500 38.713249 87.716648
101.425690 38.701487 87.758760
101.323168 38.687796 87.807697
101.208661 38.672553 87.862086
101.086257 38.656313 87.919931
100.960995 38.639750 87.978820
100.838265 38.623578 88.036220
100.723152 38.608461 88.089783
100.619823 38.594937 88.137623
100.531106 38.583362 88.178501
100.458299 38.573893 88.211897
100.401240 38.566493 88.237959
100.358587 38.560976 88.257365
100.328216 38.557057 88.271135
100.307650 38.554409 88.280431
100.294432 38.552710 88.286389
100.286377 38.551677 88.290011
100.281716 38.551080 88.292102
100.279109 38.550746 88.293270
100.277576 38.550550 88.293956
100.276373 38.550397 88.294492
100.274837 38.550202 88.295174
100.272223 38.549870 88.296332
100.267547 38.549276 88.298402
100.259457 38.548251 88.301973
100.246166 38.546569 88.307828
100.225461 38.543954 88.316922
100.194839 38.540095 88.330331
100.151760 38.534678 88.349126
100.094024 38.527437 88.374217
100.020204 38.518205 88.406158
99.930056 38.506967 88.444981
99.824819 38.493892 88.490078
99.707294 38.479342 88.540178
99.581682 38.463848 88.593438
99.453153 38.448053 88.647637
99.327241 38.432638 88.700442
99.209158 38.418237 88.749694
99.103178 38.405359 88.793665
99.012196 38.394343 88.831222
98.937538 38.385334 88.861892
98.879036 38.378297 88.885818
98.835307 38.373053 88.903628
98.804174 38.369329 88.916261
98.783094 38.366814 88.924786
98.769545 38.365201 88.930250
98.761290 38.364219 88.933571
98.756514 38.363653 88.935488
98.753842 38.363336 88.936558
98.752271 38.363150 88.937186
98.751038 38.363005 88.937677
98.749465 38.362819 88.938302
98.746787 38.362505 88.939363
98.741996 38.361942 88.941257
98.733709 38.360971 88.944526
98.720094 38.359377 88.949883
98.698886 38.356900 88.958203
98.667522 38.353245 88.970466
98.623404 38.348118 88.987649
98.564282 38.341266 89.010580
98.488696 38.332536 89.039759
98.396404 38.321912 89.075210
98.288675 38.309558 89.116371
98.168383 38.295818 89.162076
98.039830 38.281194 89.210638
97.908310 38.266296 89.260030
97.779484 38.251764 89.308126
97.658683 38.238195 89.352964
97.550278 38.226069 89.392972
97.457225 38.215701 89.427127
97.380877 38.207228 89.455006
97.321055 38.200612 89.476745
97.276345 38.195683 89.492921
97.244516 38.192185 89.504390
97.222966 38.189823 89.512127
97.209117 38.188309 89.517085
97.200679 38.187388 89.520097
97.195797 38.186857 89.521835
97.193066 38.186560 89.522806
97.191460 38.186385 89.523375
97.190200 38.186249 89.523820
97.188593 38.186075 89.524386
97.185856 38.185780 89.525346
97.180961 38.185254 89.527062
97.172494 38.184344 89.530021
97.158584 38.182852 89.534869
97.136919 38.180534 89.542397
97.104881 38.177115 89.553488
97.059818 38.172320 89.569023
96.999435 38.165916 89.589745
96.922245 38.157760 89.616100
96.828005 38.147841 89.648104
96.718014 38.136313 89.685240
96.595213 38.123500 89.726452
96.463994 38.109872 89.770213
96.329762 38.095998 89.814693
96.198297 38.082475 89.857978
96.075037 38.069856 89.898304
95.964438 38.058586 89.934265
95.869512 38.048958 89.964945
95.791636 38.041093 89.989974
95.730623 38.034956 90.009479
95.685027 38.030387 90.023986
95.652570 38.027145 90.034267
95.630597 38.024957 90.041200
95.616476 38.023555 90.045640
95.607873 38.022703 90.048337
95.602895 38.022211 90.049894
95.600111 38.021936 90.050762
95.598474 38.021775 90.051271
95.597190 38.021649 90.051669
95.595552 38.021489 90.052175
95.592763 38.021216 90.053034
95.587774 38.020730 90.054566
95.579145 38.019890 90.057210
95.564970 38.018513 90.061539
95.542894 38.016375 90.068258
95.510249 38.013222 90.078153
95.464337 38.008803 90.092007
95.402822 38.002905 90.110476
95.324194 37.995397 90.133951
95.228206 37.986273 90.162439
95.116190 37.975677 90.195472
94.991140 37.963908 90.232102
94.857535 37.951402 90.270968
94.720879 37.938680 90.310442
94.587055 37.926290 90.348823
94.461598 37.914739 90.384553
94.349041 37.904431 90.416388
94.252446 37.895631 90.443529
94.173208 37.888449 90.465654
94.111134 37.882849 90.482884
94.064749 37.878682 90.495690
94.031733 37.875728 90.504761
94.009383 37.873735 90.510875
93.995021 37.872459 90.514789
93.986271 37.871683 90.517165
93.981209 37.871236 90.518536
93.978378 37.870986 90.519301
93.976713 37.870839 90.519749
93.975408 37.870725 90.520099
93.973742 37.870579 90.520544
93.970906 37.870332 90.521299
93.965834 37.869891 90.522645
93.957062 37.869129 90.524967
93.942653 37.867881 90.528768
93.920211 37.865943 90.534664
93.887030 37.863087 90.543343
93.840368 37.859087 90.555485
93.777852 37.853752 90.571661
93.697953 37.846966 90.592207
93.600423 37.838728 90.617118
93.486619 37.829168 90.645977
93.359588 37.818562 90.677948
93.223881 37.807302 90.711836
93.085093 37.795860 90.746218
92.949196 37.784729 90.779615
92.821810 37.774363 90.810671
92.707536 37.765122 90.838314
92.609476 37.757242 90.861857
92.529046 37.750816 90.881030
92.466044 37.745810 90.895949
92.418969 37.742089 90.907028
92.385464 37.739453 90.914869
92.362785 37.737677 90.920150
92.348212 37.736539 90.923529
92.339335 37.735848 90.925580
92.334199 37.735450 90.926762
92.331327 37.735228 90.927422
92.329638 37.735097 90.927808
92.328314 37.734996 90.928109
92.326624 37.734866 90.928492
92.323748 37.734647 90.929141
92.318603 37.734255 90.930299
92.309707 37.733579 90.932294
92.295093 37.732473 90.935559
92.272335 37.730756 90.940619
92.238689 37.728229 90.948063
92.191375 37.724691 90.958469
92.127992 37.719977 90.972318
92.046992 37.713988 90.989889
91.948128 37.706724 91.011170
91.832779 37.698307 91.035794
91.704038 37.688980 91.063037
91.566520 37.679092 91.091875
91.425895 37.669058 91.121093
91.288215 37.659311 91.149433
91.159173 37.650247 91.175749
91.043424 37.642179 91.199141
90.944110 37.635308 91.219036
90.862658 37.629713 91.235217
90.798862 37.625360 91.247792
90.751199 37.622128 91.257120
90.717276 37.619841 91.263715
90.694317 37.618301 91.268153
90.679564 37.617315 91.270990
90.670578 37.616718 91.272710
90.665380 37.616373 91.273701
90.662473 37.616181 91.274254
90.660763 37.616068 91.274577
90.659423 37.615981 91.274829
90.657713 37.615869 91.275149
90.654802 37.615680 91.275691
90.649597 37.615343 91.276658
90.640594 37.614761 91.278322
90.625807 37.613810 91.281043
90.602782 37.612336 91.285258
90.568742 37.610167 91.291450
90.520878 37.607135 91.300097
90.456763 37.603100 91.311589
90.374835 37.597981 91.326149
90.274848 37.591783 91.343755
90.158201 37.584613 91.364090
90.028024 37.576683 91.386548
89.888988 37.568291 91.410275
89.746826 37.559794 91.434266
89.607657 37.551556 91.457489
89.477233 37.543912 91.479009
89.360258 37.537121 91.498099
89.259902 37.531350 91.514303
89.177602 37.526659 91.527458
89.113148 37.523017 91.537663
89.064997 37.520317 91.545219
89.030730 37.518409 91.550554
89.007539 37.517127 91.554139
88.992639 37.516307 91.556428
88.983563 37.515811 91.557814
88.978313 37.515525 91.558613
88.975377 37.515365 91.559057
88.973651 37.515272 91.559317
88.972297 37.515199 91.559519
88.970570 37.515107 91.559776
88.967631 37.514951 91.560210
88.962376 37.514673 91.560983
88.953286 37.514194 91.562313
88.938359 37.513412 91.564485
88.915115 37.512200 91.567844
88.880753 37.510421 91.572772
88.832441 37.507938 91.579641
88.767731 37.504640 91.588752
88.685050 37.500465 91.600270
88.584153 37.495423 91.614162
88.466457 37.489605 91.630167
88.335123 37.483189 91.647791
88.194865 37.476420 91.666355
88.051470 37.469587 91.685068
87.911108 37.462984 91.703124
87.779582 37.456876 91.719803
87.661629 37.451468 91.734551
87.560444 37.446886 91.747030
87.477473 37.443174 91.757130
87.412499 37.440300 91.764942
87.363963 37.438176 91.770712
87.329425 37.436679 91.774775
87.306051 37.435674 91.777499
87.291035 37.435034 91.779235
87.281888 37.434647 91.780285
87.276598 37.434424 91.780888
87.273639 37.434300 91.781224
87.271900 37.434228 91.781420
87.270536 37.434171 91.781572
87.268796 37.434100 91.781764
87.265836 37.433980 91.782089
87.260541 37.433766 91.782667
87.251385 37.433397 91.783660
87.236347 37.432797 91.785278
87.212934 37.431869 91.787775
87.178325 37.430510 91.791428
87.129668 37.428619 91.796505
87.064501 37.426116 91.803216
86.981243 37.422959 91.811666
86.879652 37.419163 91.821816
86.761157 37.414803 91.833454
86.628946 37.410018 91.846208
86.487766 37.404996 91.859570
86.343444 37.399955 91.872965
86.202190 37.395112 91.885816
86.069841 37.390659 91.897618
85.951162 37.386739 91.907992
85.849365 37.383437 91.916719
85.765900 37.380778 91.923743
85.700544 37.378730 91.929146
85.651726 37.377224 91.933116
85.616991 37.376168 91.935899
85.593485 37.375463 91.937757
85.578384 37.375015 91.938936
85.569187 37.374745 91.939646
85.563867 37.374590 91.940054
85.560892 37.374504 91.940280
85.559144 37.374455 91.940411
85.557772 37.374416 91.940513
85.556023 37.374367 91.940641
85.553047 37.374285 91.940856
85.547724 37.374140 91.941237
85.538521 37.373890 91.941891
85.523406 37.373485 91.942952
85.499874 37.372861 91.944581
85.465090 37.371953 91.946952
85.416192 37.370698 91.950225
85.350708 37.369048 91.954521
85.267051 37.366983 91.959887
85.164982 37.364523 91.966272
85.045942 37.361726 91.973520
84.913135 37.358689 91.981375
84.771335 37.355541 91.989507
84.626393 37.352420 91.997555
84.484548 37.349462 92.005174
84.351659 37.346780 92.012073
84.232508 37.344453 92.018051
84.130316 37.342522 92.023008
84.046534 37.340989 92.026940
83.980936 37.339825 92.029923
83.931941 37.338982 92.032086
83.897082 37.338397 92.033582
83.873494 37.338012 92.034569
83.858340 37.337770 92.035189
83.849108 37.337626 92.035560
83.843752 37.337544 92.035771
83.840697 37.337498 92.035891
83.838701 37.337472 92.035974
83.836586 37.337453 92.036072
83.832790 37.337428 92.036268
83.824691 37.337388 92.036704
83.807663 37.337318 92.037645
83.773937 37.337200 92.039544
83.711550 37.337011 92.043103
83.603943 37.336728 92.049300
83.430957 37.336325 92.059324
83.171926 37.335784 92.074384
82.811009 37.335096 92.095372
82.344017 37.334264 92.122445
81.784813 37.333308 92.154633
81.168759 37.332265 92.189636
80.550843 37.331178 92.223963
79.997599 37.330099 92.253466
79.574124 37.329074 92.274164
79.329620 37.328144 92.283162
79.285953 37.327335 92.279350
79.432945 37.326661 92.263674
79.731905 37.326121 92.238867
80.126017 37.325706 92.208749
80.553971 37.325400 92.177344
80.962566 37.325182 92.148062
81.314930 37.325034 92.123195
81.593076 37.324937 92.103772
81.795519 37.324877 92.089742
81.932046 37.324841 92.080333
82.018003 37.324820 92.074433
82.069908 37.324809 92.070880
82.103323 37.324803 92.068589
82.133178 37.324798 92.066520
82.176308 37.324794 92.063482
82.255908 37.324787 92.057804
82.407519 37.324777 92.046884
82.685927 37.324763 92.026670
83.171711 37.324748 91.991166
83.975256 37.324734 91.932142
85.235240 37.324731 91.839294
87.108541 37.324747 91.701096
89.749820 37.324794 91.506457
93.281923 37.324882 91.247085
97.762102 37.325015 90.920090
103.152522 37.325189 90.530128
109.304751 37.325386 90.090299
115.965735 37.325583 89.621258
122.807214 37.325750 89.148484
129.473315 37.325863 88.698277
135.635062 37.325904 88.293482
141.038130 37.325870 87.950071
145.532534 37.325771 87.675431
149.078910 37.325625 87.468593
151.733265 37.325458 87.322081
153.617632 37.325293 87.224612
154.886324 37.325146 87.163815
155.696263 37.325028 87.128324
156.186437 37.324941 87.108977
156.467667 37.324881 87.099149
156.620985 37.324843 87.094511
156.701579 37.324820 87.092489
156.745323 37.324805 87.091707
156.775700 37.324792 87.091546
156.809844 37.324773 87.091890
156.863069 37.324739 87.093083
156.951512 37.324676 87.096083
157.092565 37.324560 87.102803
157.302844 37.324362 87.116599
157.593872 37.324036 87.142772
157.966336 37.323529 87.188903
158.404721 37.322779 87.264734
158.874629 37.321722 87.381370
159.324895 37.320305 87.549662
159.695301 37.318498 87.777954
159.928714 37.316302 88.069637
159.984442 37.313762 88.421189
159.848641 37.310963 88.821400
159.538223 37.308027 89.252209
159.096814 37.305094 89.691114
158.584117 37.302303 90.114637
158.062223 37.299773 90.501954
157.583170 37.297590 90.837800
157.181065 37.295797 91.114015
156.870105 37.294395 91.329520
156.647635 37.293353 91.489026
156.500078 37.292616 91.600999
156.409264 37.292122 91.675519
156.357400 37.291807 91.722506
156.329927 37.291617 91.750565
156.316430 37.291509 91.766471
156.310258 37.291448 91.775180
156.307562 37.291414 91.780174
156.306279 37.291387 91.783978
156.305314 37.291352 91.788738
156.303987 37.291294 91.796791
156.301694 37.291191 91.811173
156.297704 37.291012 91.836030
156.291064 37.290718 91.876832
156.280557 37.290260 91.940322
156.264740 37.289584 92.034106
156.242053 37.288634 92.165849
156.211002 37.287361 92.342126
156.170404 37.285735 92.567104
156.119655 37.283752 92.841297
156.058967 37.281440 93.160704
155.989520 37.278860 93.516590
155.913460 37.276107 93.896060
155.833741 37.273293 94.283384
155.753800 37.270539 94.661874
155.677134 37.267960 95.015937
155.606854 37.265647 95.332920
155.545316 37.263664 95.604388
155.493893 37.262038 95.826631
155.452925 37.260766 96.000402
155.421845 37.259815 96.130025
155.399424 37.259139 96.222141
155.384068 37.258681 96.284406
155.374099 37.258387 96.324367
155.367973 37.258208 96.348682
155.364403 37.258105 96.362736
155.362393 37.258047 96.370589
155.361202 37.258013 96.375201
155.360258 37.257986 96.378814
155.359040 37.257952 96.383419
155.356951 37.257894 96.391247
155.353189 37.257791 96.405241
155.346636 37.257612 96.429424
155.335783 37.257318 96.469110
155.318721 37.256860 96.530846
155.293225 37.256184 96.622009
155.256945 37.255233 96.750019
155.207714 37.253961 96.921228
155.143924 37.252335 97.139636
155.064922 37.250352 97.405688
154.971338 37.248039 97.715447
154.865256 37.245460 98.060392
154.750156 37.242706 98.427983
154.630609 37.239892 98.802964
154.511770 37.237139 99.169177
154.398735 37.234559 99.511558
154.295912 37.232247 99.817910
154.206519 37.230264 100.080130
154.132302 37.228638 100.294693
154.073519 37.227365 100.462380
154.029156 37.226415 100.587409
153.997299 37.225739 100.676226
153.975566 37.225281 100.736239
153.961506 37.224987 100.774743
153.952892 37.224808 100.798166
153.947884 37.224704 100.811700
153.945070 37.224647 100.819262
153.943407 37.224613 100.823702
153.942093 37.224586 100.827178
153.940405 37.224552 100.831607
153.937516 37.224494 100.839136
153.932324 37.224390 100.852592
153.923301 37.224211 100.875839
153.908395 37.223917 100.913978
153.885030 37.223460 100.973288
153.850229 37.222784 101.060837
153.800889 37.221833 101.183723
153.734198 37.220560 101.348005
153.648143 37.218935 101.557472
153.542034 37.216952 101.812497
153.416907 37.214639 102.109248
153.275718 37.212060 102.439511
153.123226 37.209306 102.791241
152.965559 37.206492 103.149817
152.809513 37.203738 103.499789
152.661712 37.201159 103.826783
152.527799 37.198847 104.119191
152.411809 37.196863 104.369330
152.315839 37.195238 104.573896
152.240065 37.193965 104.733687
152.183038 37.193015 104.852773
152.142188 37.192338 104.937332
152.114381 37.191881 104.994446
152.096426 37.191587 105.031078
152.085442 37.191408 105.053355
152.079065 37.191304 105.066225
152.075487 37.191246 105.073413
152.073375 37.191212 105.077633
152.071710 37.191186 105.080936
152.069574 37.191152 105.085142
152.065925 37.191094 105.092290
152.059375 37.190990 105.105062
152.048005 37.190811 105.127123
152.029250 37.190517 105.163304
151.999902 37.190060 105.219552
151.956272 37.189383 105.302546
151.894545 37.188433 105.418988
151.811302 37.187160 105.574578
151.704153 37.185534 105.772855
151.572375 37.183551 106.014115
151.417397 37.181239 106.294675
151.243006 37.178659 106.606716
151.055177 37.175906 106.938815
150.861507 37.173092 107.277147
150.670344 37.170338 107.607133
150.489753 37.167759 107.915243
150.326536 37.165446 108.190581
150.185493 37.163463 108.425967
150.069047 37.161838 108.618350
149.977286 37.160565 108.768541
149.908351 37.159614 108.880413
149.859049 37.158938 108.959812
149.825536 37.158480 109.013419
149.803921 37.158186 109.047788
149.790714 37.158007 109.068683
149.783052 37.157904 109.080750
149.778756 37.157846 109.087489
149.776224 37.157812 109.091444
149.774229 37.157785 109.094538
149.771674 37.157751 109.098476
149.767312 37.157693 109.105168
149.759489 37.157590 109.117121
149.745922 37.157411 109.137760
149.723564 37.157117 109.171600
149.688616 37.156659 109.224186
149.636728 37.155983 109.301745
149.563419 37.155033 109.410506
149.464708 37.153760 109.555753
149.337859 37.152134 109.740737
149.182125 37.150151 109.965675
148.999307 37.147839 110.227073
148.793973 37.145259 110.517588
148.573234 37.142506 110.826544
148.346061 37.139691 111.141054
148.122246 37.136938 111.447568
147.911189 37.134358 111.733541
147.720766 37.132046 111.988903
147.556480 37.130063 112.207054
147.421050 37.128437 112.385228
147.314477 37.127165 112.524235
147.234515 37.126214 112.627716
147.177391 37.125538 112.701120
147.138599 37.125080 112.750655
147.113602 37.124786 112.782401
147.098338 37.124607 112.801693
147.089489 37.124504 112.812832
147.084531 37.124446 112.819050
147.081610 37.124412 112.822698
147.079311 37.124385 112.825551
147.076369 37.124351 112.829180
147.071350 37.124293 112.835345
147.062354 37.124190 112.846353
147.046761 37.124011 112.865355
147.021083 37.123717 112.896498
146.980979 37.123259 112.944873
146.921489 37.122583 113.016184
146.837526 37.121632 113.116126
146.724594 37.120360 113.249510
146.579647 37.118734 113.419267
146.401921 37.116751 113.625533
146.193565 37.114438 113.865038
145.959871 37.111859 114.130996
145.708997 37.109105 114.413586
145.451174 37.106291 114.700999
145.197512 37.103538 114.980849
144.958632 37.100958 115.241711
144.743386 37.098646 115.474444
144.557910 37.096663 115.673093
144.405186 37.095037 115.835208
144.285131 37.093764 115.961590
144.195138 37.092814 116.055607
144.130904 37.092137 116.122255
144.087316 37.091680 116.167206
144.059246 37.091386 116.195999
144.042116 37.091207 116.213490
144.032190 37.091103 116.223584
144.026631 37.091045 116.229218
144.023357 37.091011 116.232521
144.020783 37.090985 116.235103
144.017490 37.090951 116.238387
144.011877 37.090893 116.243960
144.001819 37.090789 116.253910
143.984394 37.090610 116.271079
143.955714 37.090316 116.299204
143.910949 37.089859 116.342869
143.844593 37.089183 116.407197
143.751013 37.088232 116.497291
143.625257 37.086959 116.617439
143.464000 37.085334 116.770224
143.266473 37.083350 116.955698
143.035146 37.081038 117.170852
142.775969 37.078459 117.409525
142.498045 37.075705 117.662855
142.212738 37.072891 117.920227
141.932343 37.070137 118.170553
141.668570 37.067558 118.403636
141.431136 37.065245 118.611364
141.226741 37.063262 118.788486
141.058592 37.061637 118.932890
140.926521 37.060364 119.045360
140.827598 37.059413 119.128956
140.757037 37.058737 119.188171
140.709185 37.058280 119.228081
140.678386 37.057986 119.253629
140.659598 37.057807 119.269141
140.648716 37.057703 119.278089
140.642623 37.057645 119.283080
140.639037 37.057611 119.286006
140.636218 37.057585 119.288291
140.632616 37.057550 119.291194
140.626475 37.057493 119.296121
140.615478 37.057389 119.304912
140.596432 37.057210 119.320073
140.565100 37.056916 119.344897
140.516218 37.056459 119.383410
140.443802 37.055782 119.440105
140.341741 37.054832 119.519442
140.204684 37.053559 119.625144
140.029071 37.051933 119.759417
139.814136 37.049950 119.922234
139.562638 37.047638 120.110874
139.281111 37.045058 120.319866
138.979495 37.042305 120.541394
138.670149 37.039491 120.766148
138.366404 37.036737 120.984443
138.080917 37.034158 121.187420
137.824156 37.031845 121.368069
137.603302 37.029862 121.521898
137.421750 37.028236 121.647152
137.279253 37.026964 121.744592
137.172587 37.026013 121.816937
137.096547 37.025337 121.868131
137.045005 37.024879 121.902603
137.011846 37.024585 121.924653
136.991626 37.024406 121.938031
136.979919 37.024303 121.945744
136.973366 37.024245 121.950044
136.969510 37.024211 121.952563
136.966481 37.024184 121.954528
136.962611 37.024150 121.957024
136.956017 37.024092 121.961255
136.944212 37.023989 121.968800
136.923774 37.023810 121.981805
136.890163 37.023516 122.003082
136.837750 37.023058 122.036063
136.760138 37.022382 122.084569
136.650816 37.021431 122.152368
136.504096 37.020159 122.242586
136.316223 37.018533 122.357030
136.086443 37.016550 122.495594
135.817772 37.014238 122.655876
135.517250 37.011658 122.833144
135.195533 37.008905 123.020711
134.865829 37.006090 123.210658
134.542344 37.003337 123.394801
134.238536 37.000757 123.565701
133.965497 36.998445 123.717521
133.730805 36.996462 123.846568
133.538004 36.994836 123.951464
133.386769 36.993563 124.032933
133.273625 36.992613 124.093329
133.193007 36.991937 124.136009
133.138386 36.991479 124.164713
133.103259 36.991185 124.183053
133.081846 36.991006 124.194170
133.069452 36.990903 124.200573
133.062516 36.990845 124.204141
133.058435 36.990811 124.206228
133.055232 36.990784 124.207856
133.051141 36.990750 124.209919
133.044172 36.990692 124.213414
133.031698 36.990589 124.219641
133.010109 36.990410 124.230366
132.974616 36.990116 124.247893
132.919289 36.989658 124.275030
132.837399 36.988982 124.314884
132.722104 36.988031 124.370503
132.567449 36.986758 124.444382
132.369530 36.985133 124.537915
132.127611 36.983150 124.650918
131.844929 36.980837 124.781330
131.528946 36.978258 124.925210
131.190909 36.975504 125.077055
130.844719 36.972690 125.230417
130.505294 36.969936 125.378688
130.186728 36.967357 125.515920
129.900613 36.965045 125.637500
129.654834 36.963062 125.740569
129.453043 36.961436 125.824135
129.294840 36.960163 125.888882
129.176542 36.959213 125.936773
129.092289 36.958536 125.970546
129.035227 36.958079 125.993218
128.998543 36.957785 126.007679
128.976188 36.957606 126.016433
128.963251 36.957502 126.021469
128.956014 36.957444 126.024271
128.951757 36.957410 126.025909
128.948416 36.957384 126.027183
128.944151 36.957350 126.028795
128.936889 36.957292 126.031522
128.923892 36.957188 126.036376
128.901404 36.957009 126.044722
128.864443 36.956715 126.058341
128.806848 36.956258 126.079388
128.721633 36.955581 126.110232
128.601708 36.954631 126.153170
128.440921 36.953358 126.210045
128.235260 36.951733 126.281830
127.984016 36.949749 126.368262
127.690610 36.947437 126.467644
127.362839 36.944858 126.576857
127.012410 36.942104 126.691638
126.653755 36.939290 126.807064
126.302327 36.936536 126.918163
125.972700 36.933957 127.020527
125.676827 36.931644 127.110807
125.422809 36.929661 127.187005
125.214363 36.928036 127.248518
125.051025 36.926763 127.295985
124.928943 36.925812 127.330960
124.842029 36.925136 127.355537
124.783186 36.924679 127.371983
124.745370 36.924385 127.382444
124.722331 36.924206 127.388760
124.709001 36.924102 127.392385
124.701545 36.924044 127.394398
124.697161 36.924010 127.395572
124.693722 36.923983 127.396482
124.689333 36.923949 127.397630
124.681860 36.923892 127.399567
124.668491 36.923788 127.403005
124.645362 36.923609 127.408904
124.607360 36.923315 127.418502
124.548161 36.922857 127.433284
124.460603 36.922181 127.454862
124.337432 36.921231 127.484764
124.172364 36.919958 127.524170
123.961329 36.918332 127.573619
123.703654 36.916349 127.632779
123.402899 36.914037 127.700328
123.067110 36.911457 127.773998
122.708317 36.908704 127.850801
122.341316 36.905890 127.927377
121.981922 36.903136 128.000431
121.645016 36.900557 128.067129
121.342778 36.898244 128.125412
121.083433 36.896261 128.174153
120.870724 36.894635 128.213146
120.704121 36.893363 128.242973
120.579652 36.892412 128.264770
120.491072 36.891736 128.279968
120.431123 36.891278 128.290066
120.392606 36.890984 128.296449
120.369146 36.890805 128.300280
120.355577 36.890702 128.302469
120.347988 36.890644 128.303679
120.343527 36.890610 128.304380
120.340028 36.890583 128.304920
120.335565 36.890549 128.305595
120.327968 36.890491 128.306727
120.314378 36.890388 128.308726
120.290874 36.890209 128.312136
120.252264 36.889915 128.317645
120.192137 36.889457 128.326060
120.103236 36.888781 128.338222
119.978223 36.887830 128.354885
119.810756 36.886558 128.376554
119.596753 36.884932 128.403337
119.335581 36.882949 128.434835
119.030904 36.880636 128.470112
118.690919 36.878057 128.507770
118.327843 36.875303 128.546113
117.956671 36.872489 128.583371
117.593395 36.869736 128.617941
117.253038 36.867156 128.648583
116.947867 36.864844 128.674536
116.686140 36.862861 128.695548
116.471579 36.861235 128.711809
116.303602 36.859962 128.723839
116.178157 36.859012 128.732344
116.088916 36.858336 128.738088
116.028538 36.857878 128.741788
115.989758 36.857584 128.744062
115.966143 36.857405 128.745391
115.952487 36.857302 128.746133
115.944851 36.857244 128.746533
115.940363 36.857210 128.746760
115.936845 36.857183 128.746926
115.932357 36.857149 128.747126
115.924722 36.857091 128.747449
115.911065 36.856987 128.748001
115.887451 36.856808 128.748908
115.848671 36.856514 128.750308
115.788294 36.856057 128.752324
115.699055 36.855381 128.755029
115.573612 36.854430 128.758397
115.405638 36.853157 128.762264
115.191081 36.851532 128.766308
114.929359 36.849549 128.770067
114.624194 36.847236 128.773000
114.283845 36.844657 128.774583
113.920577 36.841903 128.774421
113.549412 36.839089 128.772336
113.186343 36.836335 128.768420
112.846364 36.833756 128.763022
112.541691 36.831444 128.756678
112.280522 36.829461 128.750002
112.066520 36.827835 128.743577
111.899055 36.826562 128.737853
111.774042 36.825612 128.733104
111.685141 36.824935 128.729422
111.625013 36.824478 128.726748
111.586404 36.824184 128.724927
111.562899 36.824005 128.723765
111.549309 36.823901 128.723066
111.541712 36.823843 128.722661
111.537248 36.823809 128.722414
111.533749 36.823783 128.722209
111.529288 36.823749 128.721936
111.521700 36.823691 128.721454
111.508130 36.823587 128.720568
111.484670 36.823408 128.718987
111.446153 36.823114 128.716303
111.386202 36.822657 128.711961
111.297622 36.821980 128.705273
111.173152 36.821030 128.695442
111.006548 36.819757 128.681642
110.793836 36.818131 128.663128
110.534487 36.816148 128.639383
110.232242 36.813836 128.610261
109.895325 36.811257 128.576113
109.535917 36.808503 128.537832
109.168898 36.805689 128.496820
108.810081 36.802935 128.454846
108.474266 36.800356 128.413828
108.173483 36.798043 128.375580
107.915778 36.796060 128.341569
107.704717 36.794435 128.312754
107.539625 36.793162 128.289518
107.416434 36.792211 128.271701
107.328860 36.791535 128.258728
107.269649 36.791077 128.249773
107.231640 36.790784 128.243921
107.208506 36.790605 128.240304
107.195133 36.790501 128.238186
107.187659 36.790443 128.236988
107.183269 36.790409 128.236275
107.179828 36.790382 128.235706
107.175443 36.790348 128.234967
107.167985 36.790290 128.233694
107.154652 36.790187 128.231393
107.131607 36.790008 128.227368
107.093779 36.789714 128.220669
107.034920 36.789256 128.210083
106.947980 36.788580 128.194171
106.825860 36.787630 128.171383
106.662470 36.786357 128.140246
106.453955 36.784731 128.099607
106.199847 36.782748 128.048897
105.903862 36.780436 127.988368
105.574101 36.777856 127.919226
105.222521 36.775103 127.843636
104.863697 36.772288 127.764545
104.513091 36.769535 127.685363
104.185142 36.766955 127.609541
103.891563 36.764643 127.540135
103.640162 36.762660 127.479442
103.434363 36.761034 127.428786
103.273462 36.759762 127.388471
103.153448 36.758811 127.357916
103.068165 36.758135 127.335892
103.010522 36.757677 127.320818
102.973530 36.757383 127.311039
102.951022 36.757204 127.305033
102.938013 36.757101 127.301534
102.930744 36.757043 127.299565
102.926475 36.757009 127.298399
102.923131 36.756982 127.297475
102.918870 36.756948 127.296284
102.911625 36.756890 127.294242
102.898675 36.756787 127.290566
102.876297 36.756608 127.284165
102.839574 36.756314 127.273568
102.782450 36.755856 127.256918
102.698104 36.755180 127.232052
102.579672 36.754229 127.196691
102.421286 36.752957 127.148739
102.219251 36.751331 127.086650
101.973164 36.749348 127.009815
101.686676 36.747035 126.918869
101.367675 36.744456 126.815858
101.027764 36.741702 126.704178
100.681054 36.738888 126.588274
100.342484 36.736135 126.473142
100.025979 36.733555 126.363712
99.742806 36.731243 126.264237
99.500447 36.729260 126.177809
99.302153 36.727634 126.106095
99.147193 36.726361 126.049325
99.031662 36.725411 126.006501
98.949598 36.724734 125.975762
98.894151 36.724277 125.954799
98.858578 36.723983 125.941243
98.836940 36.723804 125.932939
98.824437 36.723700 125.928112
98.817452 36.723643 125.925401
98.813350 36.723609 125.923799
98.810139 36.723582 125.922534
98.806048 36.723548 125.920908
98.799095 36.723490 125.918128
98.786668 36.723386 125.913132
98.765199 36.723207 125.904451
98.729980 36.722913 125.890114
98.675212 36.722456 125.867647
98.594373 36.721780 125.834194
98.480913 36.720829 125.786782
98.329245 36.719556 125.722720
98.135877 36.717931 125.640092
97.900474 36.715948 125.538251
97.626581 36.713635 125.418211
97.321789 36.711056 125.282823
96.997219 36.708302 125.136663
96.666366 36.705488 124.985612
96.343487 36.702734 124.836179
96.041838 36.700155 124.694703
95.772122 36.697843 124.566572
95.541416 36.695859 124.455633
95.352762 36.694234 124.363876
95.205412 36.692961 124.291450
95.095607 36.692010 124.236960
95.017644 36.691334 124.197937
94.964987 36.690877 124.171380
94.931217 36.690583 124.154235
94.910680 36.690404 124.143749
94.898817 36.690300 124.137662
94.892191 36.690242 124.134246
94.888302 36.690208 124.132231
94.885257 36.690182 124.130643
94.881381 36.690148 124.128605
94.874793 36.690090 124.125124
94.863023 36.689986 124.118878
94.842695 36.689807 124.108037
94.809356 36.689513 124.090157
94.757530 36.689056 124.062182
94.681064 36.688379 124.020604
94.573791 36.687429 123.961791
94.430464 36.686156 123.882498
94.247831 36.684530 123.780461
94.025629 36.682547 123.655005
93.767257 36.680235 123.507506
93.479928 36.677655 123.341580
93.174162 36.674902 123.162922
92.862694 36.672088 122.978766
92.558945 36.669334 122.797048
92.275365 36.666755 122.625429
92.021977 36.664442 122.470365
91.805379 36.662459 122.336402
91.628370 36.660833 122.225829
91.490195 36.659561 122.138715
91.387282 36.658610 122.073285
91.314247 36.657934 122.026498
91.264941 36.657476 121.994699
91.233331 36.657182 121.974194
91.214114 36.657003 121.961665
91.203016 36.656900 121.954398
91.196820 36.656842 121.950324
91.193183 36.656808 121.947922
91.190338 36.656781 121.946031
91.186717 36.656747 121.943609
91.180565 36.656689 121.939474
91.169577 36.656586 121.932059
91.150603 36.656407 121.919201
91.119497 36.656113 121.898014
91.071161 36.655655 121.864900
90.999877 36.654979 121.815742
90.899923 36.654029 121.746303
90.766451 36.652756 121.652818
90.596480 36.651130 121.532708
90.389821 36.649147 121.385278
90.149693 36.646835 121.212245
89.882851 36.644255 121.017945
89.599108 36.641502 120.809114
89.310300 36.638687 120.594246
89.028873 36.635934 120.382599
88.766340 36.633354 120.183061
88.531938 36.631042 120.003069
88.331719 36.629059 119.847813
88.168209 36.627433 119.719849
88.040656 36.626160 119.619170
87.945712 36.625210 119.543641
87.878370 36.624534 119.489692
87.832928 36.624076 119.453060
87.803809 36.623782 119.429457
87.786113 36.623603 119.415046
87.775897 36.623500 119.406693
87.770194 36.623442 119.402012
87.766849 36.623408 119.399255
87.764233 36.623381 119.397085
87.760905 36.623347 119.394309
87.755253 36.623289 119.389573
87.745160 36.623186 119.381085
87.727739 36.623007 119.366373
87.699190 36.622713 119.342149
87.654847 36.622255 119.304319
87.589486 36.621579 119.248208
87.497891 36.620628 119.169024
87.375661 36.619355 119.062536
87.220118 36.617730 118.925879
87.031147 36.615747 118.758346
86.811754 36.613434 118.561972
86.568165 36.610855 118.341755
86.309381 36.608101 118.105391
86.046222 36.605287 117.862524
85.790026 36.602534 117.623618
85.551251 36.599954 117.398674
85.338254 36.597642 117.196017
85.156477 36.595659 117.021418
85.008152 36.594033 116.877671
84.892534 36.592760 116.764689
84.806536 36.591810 116.680008
84.745578 36.591133 116.619572
84.704469 36.590676 116.578566
84.678140 36.590382 116.552161
84.662146 36.590203 116.536048
84.652917 36.590099 116.526712
84.647766 36.590041 116.521483
84.644746 36.590007 116.518404
84.642386 36.589981 116.515984
84.639385 36.589947 116.512888
84.634290 36.589889 116.507610
84.625197 36.589785 116.498154
84.609507 36.589606 116.481773
84.583807 36.589312 116.454813
84.543911 36.588855 116.412736
84.485140 36.588179 116.350370
84.402840 36.587228 116.262427
84.293099 36.585955 116.144258
84.153569 36.584330 115.992749
83.984211 36.582346 115.807188
83.787786 36.580034 115.589904
83.569927 36.577455 115.346496
83.338730 36.574701 115.085520
83.103889 36.571887 114.817652
82.875521 36.569133 114.554434
82.662921 36.566554 114.306855
82.473484 36.564241 114.084029
82.311985 36.562258 113.892235
82.180342 36.560633 113.734472
82.077825 36.559360 113.610574
82.001639 36.558409 113.517782
81.947680 36.557733 113.451600
81.911317 36.557276 113.406721
81.888042 36.556982 113.377838
81.873911 36.556803 113.360221
81.865761 36.556699 113.350017
81.861215 36.556641 113.344304
81.858550 36.556607 113.340941
81.856469 36.556580 113.338299
81.853826 36.556546 113.334922
81.849340 36.556489 113.329166
81.841337 36.556385 113.318858
81.827535 36.556206 113.301007
81.804941 36.555912 113.271641
81.769890 36.555454 113.225831
81.718298 36.554778 113.157970
81.646113 36.553828 113.062339
81.549955 36.552555 112.933928
81.427829 36.550929 112.769412
81.279770 36.548946 112.568080
81.108264 36.546634 112.332528
80.918297 36.544054 112.068885
80.716981 36.541301 111.786464
80.512783 36.538487 111.496843
80.314500 36.535733 111.212501
80.130174 36.533154 110.945285
79.966164 36.530841 110.704986
79.826536 36.528858 110.498316
79.712868 36.527232 110.328442
79.624460 36.525960 110.195124
79.558834 36.525009 110.095339
79.512402 36.524333 110.024210
79.481141 36.523875 109.976000
79.461148 36.523581 109.944987
79.449019 36.523402 109.926077
79.442028 36.523299 109.915128
79.438130 36.523241 109.909000
79.435847 36.523207 109.905394
79.434066 36.523180 109.902562
79.431805 36.523146 109.898943
79.427972 36.523088 109.892779
79.421137 36.522985 109.881743
79.409358 36.522806 109.862636
79.390089 36.522512 109.831217
79.360225 36.522054 109.782224
79.316311 36.521378 109.709683
79.254941 36.520427 109.607510
79.173298 36.519155 109.470398
79.069756 36.517529 109.294844
78.944424 36.515546 109.080153
78.799491 36.513233 108.829152
78.639244 36.510654 108.548425
78.469742 36.507901 108.247934
78.298144 36.505086 107.940018
78.131844 36.502333 107.637946
77.977553 36.499753 107.354280
77.840534 36.497441 107.099371
77.724104 36.495458 106.880286
77.629493 36.493832 106.700323
77.556031 36.492559 106.559171
77.501586 36.491609 106.453580
77.463122 36.490933 106.378348
77.437258 36.490475 106.327380
77.420736 36.490181 106.294605
77.410723 36.490002 106.274627
77.404955 36.489899 106.263063
77.401743 36.489841 106.256592
77.399863 36.489807 106.252786
77.398399 36.489780 106.249797
77.396542 36.489746 106.245981
77.393397 36.489688 106.239481
77.387795 36.489584 106.227847
77.378148 36.489405 106.207712
77.362385 36.489112 106.174611
77.337985 36.488654 106.123015
77.302159 36.487978 106.046651
77.252176 36.487027 105.939147
77.185806 36.485754 105.794953
77.101807 36.484129 105.610437
77.000364 36.482146 105.384922
76.883340 36.479833 105.121433
76.754289 36.477254 104.826935
76.618157 36.474500 104.511916
76.480732 36.471686 104.189333
76.347934 36.468932 103.873087
76.225084 36.466353 103.576307
76.116300 36.464041 103.309786
76.024123 36.462058 103.080861
75.949423 36.460432 102.892923
75.891571 36.459159 102.745594
75.848797 36.458209 102.635436
75.818644 36.457532 102.556985
75.798410 36.457075 102.503857
75.785506 36.456781 102.469703
75.777698 36.456602 102.448891
75.773207 36.456498 102.436848
75.770709 36.456440 102.430110
75.769249 36.456406 102.426148
75.768114 36.456380 102.423038
75.766678 36.456346 102.419068
75.764249 36.456288 102.412309
75.759928 36.456184 102.400214
75.752499 36.456005 102.379285
75.740381 36.455711 102.344889
75.721660 36.455254 102.291293
75.694237 36.454577 102.212000
75.656078 36.453627 102.100419
75.605560 36.452354 101.950827
75.541836 36.450728 101.759503
75.465160 36.448745 101.525793
75.377058 36.446433 101.252889
75.280313 36.443854 100.948051
75.178718 36.441100 100.622172
75.076637 36.438286 100.288676
74.978469 36.435532 99.961934
74.888098 36.432953 99.655491
74.808465 36.430640 99.380454
74.741313 36.428657 99.144346
74.687147 36.427032 98.950615
74.645384 36.425759 98.798819
74.614635 36.424808 98.685371
74.593043 36.424132 98.604610
74.578604 36.423674 98.549936
74.569425 36.423381 98.514801
74.563885 36.423202 98.493396
74.560707 36.423098 98.481012
74.558943 36.423040 98.474086
74.557915 36.423006 98.470014
74.557118 36.422979 98.466819
74.556114 36.422945 98.462742
74.554421 36.422887 98.455801
74.551417 36.422784 98.443384
74.546265 36.422605 98.421903
74.537888 36.422311 98.386611
74.524995 36.421853 98.331634
74.506191 36.421177 98.250327
74.480157 36.420227 98.135957
74.445886 36.418954 97.982694
74.402934 36.417328 97.786768
74.351617 36.415345 97.547559
74.293112 36.413033 97.268384
74.229411 36.410453 96.956717
74.163119 36.407700 96.623729
74.097147 36.404886 96.283158
74.034335 36.402132 95.949678
73.977107 36.399553 95.637094
73.927203 36.397240 95.356700
73.885560 36.395257 95.116121
73.852314 36.393631 94.918820
73.826936 36.392359 94.764297
73.808427 36.391408 94.648861
73.795545 36.390732 94.566715
73.787000 36.390274 94.511123
73.781608 36.389980 94.475408
73.778376 36.389801 94.453655
73.776532 36.389698 94.441073
73.775513 36.389640 94.434038
73.774924 36.389606 94.429902
73.774471 36.389579 94.426658
73.773906 36.389545 94.422520
73.772960 36.389487 94.415478
73.771291 36.389384 94.402881
73.768450 36.389205 94.381094
73.763867 36.388911 94.345308
73.756884 36.388453 94.289579
73.746818 36.387777 94.207187
73.733069 36.386826 94.091334
73.715256 36.385554 93.936149
73.693332 36.383928 93.737856
73.667677 36.381945 93.495876
73.639107 36.379632 93.213613
73.608806 36.377053 92.898667
73.578181 36.374299 92.562363
73.548668 36.371485 92.218592
73.521537 36.368732 91.882167
73.497735 36.366152 91.566995
73.477801 36.363840 91.284432
73.461858 36.361857 91.042114
73.449680 36.360231 90.843482
73.440794 36.358958 90.687987
73.434601 36.358008 90.571872
73.430480 36.357332 90.489273
73.427862 36.356874 90.433392
73.426277 36.356580 90.397502
73.425362 36.356401 90.375648
73.424859 36.356297 90.363011
73.424590 36.356240 90.355945
73.424441 36.356206 90.351792
73.424333 36.356179 90.348537
73.424209 36.356145 90.344385
73.424012 36.356087 90.337321
73.423683 36.355983 90.324686
73.423159 36.355804 90.302840
73.422382 36.355510 90.266965
73.421323 36.355053 90.211113
73.420013 36.354377 90.128567
73.418572 36.353426 90.012540
73.417238 36.352153 89.857186
73.416362 36.350528 89.658764
73.416381 36.348545 89.416744
73.417743 36.346232 89.134575
73.420823 36.343653 88.819901
73.425823 36.340899 88.484069
73.432708 36.338085 88.140969
73.441177 36.335331 87.805385
73.450708 36.332752 87.491171
73.460643 36.330440 87.209614
73.470302 36.328456 86.968281
73.479101 36.326831 86.770549
73.486630 36.325558 86.615828
73.492689 36.324608 86.500336
73.497281 36.323931 86.418211
73.500556 36.323474 86.362669
73.502754 36.323180 86.327006
73.504142 36.323001 86.305296
73.504970 36.322897 86.292745
73.505446 36.322839 86.285728
73.505734 36.322805 86.281606
73.505970 36.322779 86.278375
73.506282 36.322745 86.274255
73.506829 36.322687 86.267248
73.507830 36.322583 86.254717
73.509604 36.322404 86.233056
73.512600 36.322110 86.197493
73.517413 36.321653 86.142144
73.524779 36.320976 86.060367
73.535529 36.320026 85.945463
73.550512 36.318753 85.791675
73.570467 36.317127 85.595340
73.595882 36.315144 85.355980
73.626838 36.312832 85.077054
73.662905 36.310252 84.766161
73.703091 36.307499 84.434544
73.745902 36.304685 84.095938
73.789493 36.301931 83.764931
73.831892 36.299352 83.455172
73.871262 36.297039 83.177753
73.906140 36.295056 82.940087
73.935591 36.293431 82.745453
73.959272 36.292158 82.593223
73.977384 36.291207 82.479638
73.990543 36.290531 82.398898
73.999610 36.290073 82.344311
74.005526 36.289779 82.309271
74.009178 36.289600 82.287946
74.011314 36.289497 82.275619
74.012520 36.289439 82.268730
74.013238 36.289405 82.264682
74.013810 36.289378 82.261512
74.014551 36.289344 82.257470
74.015827 36.289286 82.250597
74.018132 36.289183 82.238310
74.022159 36.289004 82.217073
74.028854 36.288710 82.182216
74.039423 36.288252 82.127982
74.055288 36.287576 82.047878
74.077978 36.286626 81.935367
74.108933 36.285353 81.784845
74.149271 36.283727 81.592767
74.199523 36.281744 81.358710
74.259407 36.279432 81.086105
74.327700 36.276852 80.782422
74.402241 36.274099 80.458676
74.480113 36.271284 80.128293
74.557957 36.268531 79.805509
74.632393 36.265951 79.503613
74.700440 36.263639 79.233384
74.759873 36.261656 79.001999
74.809423 36.260030 78.812602
74.848817 36.258758 78.664536
74.878648 36.257807 78.554104
74.900134 36.257131 78.475635
74.914829 36.256673 78.422602
74.924357 36.256379 78.388569
74.930206 36.256200 78.367862
74.933612 36.256097 78.355896
74.935528 36.256039 78.349209
74.936663 36.256005 78.345282
74.937561 36.255978 78.342206
74.938718 36.255944 78.338287
74.940701 36.255886 78.331624
74.944270 36.255783 78.319714
74.950481 36.255604 78.299134
74.960760 36.255310 78.265365
74.976903 36.254852 78.212838
75.000999 36.254176 78.135283
75.035244 36.253225 78.026396
75.081653 36.251953 77.880784
75.141701 36.250327 77.695060
75.215958 36.248344 77.468861
75.303787 36.246031 77.205551
75.403192 36.243452 76.912389
75.510882 36.240698 76.600043
75.622562 36.237884 76.281482
75.733417 36.235131 75.970434
75.838709 36.232551 75.679686
75.934361 36.230239 75.419585
76.017417 36.228256 75.196994
76.086293 36.226630 75.014891
76.140789 36.225357 74.872596
76.181878 36.224407 74.766516
76.211361 36.223730 74.691170
76.231458 36.223273 74.640265
76.244452 36.222979 74.607609
76.252409 36.222800 74.587745
76.257033 36.222696 74.576268
76.259630 36.222639 74.569856
76.261164 36.222604 74.566092
76.262375 36.222578 74.563144
76.263930 36.222544 74.559390
76.266591 36.222486 74.553009
76.271369 36.222382 74.541605
76.279672 36.222203 74.521905
76.293380 36.221909 74.489588
76.314856 36.221452 74.439336
76.346824 36.220776 74.365169
76.392116 36.219825 74.261080
76.453290 36.218552 74.121950
76.532162 36.216927 73.944584
76.629333 36.214944 73.728683
76.743820 36.212631 73.477506
76.872886 36.210052 73.198023
77.012159 36.207298 72.900437
77.156029 36.204484 72.597126
77.298296 36.201730 72.301157
77.432931 36.199151 72.024681
77.554816 36.196838 71.777500
77.660308 36.194855 71.566093
77.747529 36.193230 71.393236
77.816353 36.191957 71.258238
77.868118 36.191006 71.157646
77.905180 36.190330 71.086229
77.930396 36.189873 71.037998
77.946673 36.189579 71.007067
77.956626 36.189400 70.988259
77.962403 36.189296 70.977394
77.965643 36.189238 70.971326
77.967555 36.189204 70.967764
77.969062 36.189178 70.964977
77.970995 36.189144 70.961428
77.974295 36.189086 70.955396
77.980217 36.188982 70.944621
77.990495 36.188803 70.926010
78.007442 36.188509 70.895490
78.033953 36.188052 70.848050
78.073349 36.187375 70.778060
78.129060 36.186425 70.679880
78.204154 36.185152 70.548714
78.300762 36.183526 70.381594
78.419510 36.181543 70.178287
78.559082 36.179231 69.941914
78.716042 36.176651 69.679079
78.884995 36.173898 69.399414
79.059094 36.171084 69.114570
79.230837 36.168330 68.836819
79.392988 36.165751 68.577544
79.539456 36.163438 68.345901
79.665959 36.161455 68.147914
79.770349 36.159829 67.986132
79.852573 36.158557 67.859856
79.914318 36.157606 67.765815
79.958462 36.156930 67.699082
79.988459 36.156472 67.654033
80.007800 36.156178 67.625155
80.019616 36.155999 67.607600
80.026469 36.155896 67.597462
80.030310 36.155838 67.591802
80.032574 36.155804 67.588480
80.034357 36.155777 67.585882
80.036640 36.155743 67.582575
80.040537 36.155685 67.576957
80.047524 36.155582 67.566923
80.059640 36.155403 67.549598
80.079601 36.155109 67.521196
80.110795 36.154651 67.477066
80.157097 36.153975 67.411989
80.222490 36.153024 67.320748
80.310512 36.151752 67.198923
80.423581 36.150126 67.043801
80.562340 36.148143 66.855219
80.725161 36.145831 66.636125
80.907954 36.143251 66.392688
81.104370 36.140498 66.133869
81.306420 36.137683 65.870468
81.505395 36.134930 65.613834
81.692945 36.132350 65.374464
81.862087 36.130038 65.160773
82.007956 36.128055 64.978267
82.128159 36.126429 64.829243
82.222716 36.125156 64.713004
82.293641 36.124206 64.626491
82.344295 36.123530 64.565134
82.378685 36.123072 64.523735
82.400840 36.122778 64.497209
82.414366 36.122599 64.481090
82.422206 36.122496 64.471784
82.426599 36.122438 64.466590
82.429187 36.122404 64.463543
82.431222 36.122377 64.461161
82.433827 36.122343 64.458130
82.438270 36.122285 64.452984
82.446232 36.122182 64.443795
82.460030 36.122003 64.427935
82.482749 36.121709 64.401945
82.518226 36.121251 64.361580
82.570839 36.120575 64.302089
82.645077 36.119624 64.218729
82.744900 36.118351 64.107500
82.872983 36.116726 63.965976
83.029981 36.114743 63.794061
83.213974 36.112430 63.594499
83.420270 36.109851 63.372963
83.641651 36.107097 63.137646
83.869083 36.104283 62.898391
84.092764 36.101530 62.665505
84.303335 36.098950 62.448490
84.493011 36.096638 62.254937
84.656400 36.094655 62.089779
84.790896 36.093029 61.955035
84.896594 36.091756 61.850018
84.975804 36.090806 61.771914
85.032329 36.090129 61.716559
85.070678 36.089672 61.679233
85.095370 36.089378 61.655327
85.110436 36.089199 61.640808
85.119165 36.089095 61.632430
85.124053 36.089037 61.627754
85.126932 36.089003 61.625013
85.129194 36.088977 61.622871
85.132088 36.088943 61.620148
85.137021 36.088885 61.615525
85.145858 36.088781 61.607274
85.161167 36.088602 61.593040
85.186359 36.088308 61.569725
85.225674 36.087851 61.533535
85.283940 36.087174 61.480230
85.366094 36.086224 61.405593
85.476471 36.084951 61.306086
85.617971 36.083326 61.179586
85.791251 36.081342 61.026071
85.994124 36.079030 60.848052
86.221355 36.076451 60.650646
86.464949 36.073697 60.441197
86.714938 36.070883 60.228488
86.960549 36.068129 60.021684
87.191533 36.065550 59.829198
87.399393 36.063237 59.657718
87.578280 36.061254 59.511557
87.725408 36.059629 59.392438
87.840940 36.058356 59.299690
87.927457 36.057405 59.230774
87.989157 36.056729 59.181972
88.030993 36.056272 59.149088
88.057916 36.055978 59.128042
88.074337 36.055799 59.115266
88.083847 36.055695 59.107898
88.089171 36.055637 59.103788
88.092305 36.055603 59.101379
88.094767 36.055576 59.099499
88.097914 36.055542 59.097110
88.103277 36.055485 59.093057
88.112880 36.055381 59.085826
88.129511 36.055202 59.073357
88.156866 36.054908 59.052947
88.199537 36.054450 59.021290
88.262744 36.053774 58.974698
88.351807 36.052824 58.909520
88.471386 36.051551 58.822712
88.624571 36.049925 58.712481
88.812014 36.047942 58.578874
89.031288 36.045630 58.424143
89.276680 36.043050 58.252799
89.539516 36.040297 58.071265
89.809016 36.037483 57.887179
90.073568 36.034729 57.708473
90.322153 36.032150 57.542390
90.545670 36.029837 57.394649
90.737884 36.027854 57.268903
90.895857 36.026228 57.166562
91.019822 36.024956 57.086981
91.112597 36.024005 57.027919
91.178724 36.023329 56.986140
91.223540 36.022871 56.958016
91.252368 36.022577 56.940032
91.269945 36.022398 56.929123
91.280121 36.022295 56.922836
91.285817 36.022237 56.919331
91.289168 36.022203 56.917278
91.291800 36.022176 56.915677
91.295162 36.022142 56.913645
91.300890 36.022084 56.910200
91.311144 36.021981 56.904059
91.328895 36.021802 56.893476
91.358085 36.021508 56.876166
91.403598 36.021050 56.849342
91.470981 36.020374 56.809908
91.565881 36.019423 56.754810
91.693223 36.018151 56.681527
91.856249 36.016525 56.588613
92.055600 36.014542 56.476180
92.288640 36.012229 56.346202
92.549248 36.009650 56.202539
92.828171 36.006896 56.050631
93.113950 36.004082 55.896900
93.394272 36.001329 55.747969
93.657483 35.998749 55.609844
93.893983 35.996437 55.487224
94.097224 35.994454 55.383066
94.264154 35.992828 55.298456
94.395072 35.991555 55.232781
94.492998 35.990605 55.184121
94.562763 35.989929 55.149752
94.610025 35.989471 55.126648
94.640415 35.989177 55.111892
94.658938 35.988998 55.102951
94.669659 35.988895 55.097802
94.675658 35.988837 55.094934
94.679187 35.988803 55.093257
94.681957 35.988776 55.091950
94.685494 35.988742 55.090294
94.691519 35.988684 55.087489
94.702302 35.988580 55.082493
94.720963 35.988401 55.073892
94.751640 35.988108 55.059841
94.799453 35.987650 55.038095
94.870214 35.986974 55.006177
94.969824 35.986023 54.961659
95.103417 35.984750 54.902567
95.274352 35.983125 54.827810
95.483248 35.981142 54.737566
95.727295 35.978829 54.633511
96.000032 35.976250 54.518818
96.291743 35.973496 54.397896
96.590424 35.970682 54.275891
96.883205 35.967928 54.158060
97.157934 35.965349 54.049116
97.404626 35.963037 53.952701
97.616498 35.961054 53.871048
97.790418 35.959428 53.804912
97.926747 35.958155 53.753717
98.028671 35.957205 53.715883
98.101253 35.956528 53.689224
98.150404 35.956071 53.671341
98.181999 35.955777 53.659941
98.201251 35.955598 53.653045
98.212391 35.955494 53.649079
98.218623 35.955436 53.646874
98.222288 35.955402 53.645585
98.225163 35.955376 53.644584
98.228835 35.955342 53.643318
98.235085 35.955284 53.641177
98.246270 35.955180 53.637369
98.265623 35.955001 53.630824
98.297427 35.954707 53.620150
98.346980 35.954250 53.603669
98.420289 35.953573 53.579537
98.523442 35.952623 53.545976
98.661722 35.951350 53.501572
98.838565 35.949724 53.445599
99.054565 35.947741 53.378298
99.306764 35.945429 53.301031
99.588446 35.942850 53.216259
99.889539 35.940096 53.127318
100.197636 35.937282 53.038039
100.499462 35.934528 52.952266
100.782507 35.931949 52.873387
101.036518 35.929636 52.803952
101.254555 35.927653 52.745458
101.433443 35.926028 52.698322
101.573596 35.924755 52.662014
101.678334 35.923804 52.635306
101.752890 35.923128 52.616565
101.803360 35.922670 52.604043
101.835792 35.922377 52.596088
101.855549 35.922198 52.591290
101.866978 35.922094 52.588538
101.873371 35.922036 52.587012
101.877130 35.922002 52.586123
101.880078 35.921975 52.585434
101.883840 35.921941 52.584568
101.890244 35.921883 52.583107
101.901702 35.921780 52.580516
101.921522 35.921601 52.576076
101.954084 35.921307 52.568861
102.004805 35.920849 52.557767
102.079813 35.920173 52.541602
102.185315 35.919223 52.519247
102.326684 35.917950 52.489857
102.507391 35.916324 52.453078
102.727998 35.914341 52.409207
102.985439 35.912029 52.359283
103.272814 35.909449 52.305033
103.579817 35.906696 52.248699
103.893779 35.903882 52.192765
104.201173 35.901128 52.139640
104.489275 35.898549 52.091360
104.747683 35.896236 52.049369
104.969377 35.894253 52.014421
105.151176 35.892627 51.986593
105.293544 35.891355 51.965405
105.399893 35.890404 51.949991
105.475566 35.889728 51.939288
105.526776 35.889270 51.932204
105.559673 35.888976 51.927743
105.579709 35.888797 51.925072
105.591297 35.888694 51.923552
105.597777 35.888636 51.922713
105.601586 35.888602 51.922229
105.604573 35.888575 51.921857
105.608383 35.888541 51.921396
105.614868 35.888483 51.920623
105.626467 35.888380 51.919264
105.646527 35.888201 51.916955
105.679475 35.887907 51.913239
105.730782 35.887449 51.907593
105.806632 35.886773 51.899483
105.913278 35.885822 51.888454
106.056120 35.884550 51.874234
106.238627 35.882924 51.856836
106.461322 35.880941 51.836616
106.721067 35.878628 51.814276
107.010859 35.876049 51.790800
107.320271 35.873295 51.767323
107.636522 35.870481 51.744973
107.945984 35.867728 51.724711
108.235866 35.865148 51.707214
108.495732 35.862836 51.692818
108.718564 35.860853 51.681532
108.901207 35.859227 51.673099
109.044174 35.857954 51.667093
109.150926 35.857004 51.663015
109.226859 35.856328 51.660374
109.278226 35.855870 51.658745
109.311217 35.855576 51.657787
109.331303 35.855397 51.657250
109.342919 35.855293 51.656962
109.349413 35.855236 51.656813
109.353229 35.855202 51.656734
109.356221 35.855175 51.656680
109.360036 35.855141 51.656624
109.366528 35.855083 51.656541
109.378137 35.854979 51.656414
109.398210 35.854800 51.656236
109.431172 35.854506 51.656020
109.482485 35.854049 51.655823
109.558319 35.853373 51.655765
109.664904 35.852422 51.656053
109.807605 35.851149 51.656985
109.989851 35.849524 51.658937
110.212122 35.847541 51.662316
110.471241 35.845228 51.667488
110.760182 35.842649 51.674690
111.068519 35.839895 51.683951
111.383497 35.837081 51.695043
111.691544 35.834327 51.707486
111.979945 35.831748 51.720608
112.238347 35.829436 51.733646
112.459813 35.827452 51.745873
112.641250 35.825827 51.756702
112.783210 35.824554 51.765767
112.889168 35.823604 51.772937
112.964508 35.822927 51.778295
113.015459 35.822470 51.782075
113.048172 35.822176 51.784589
113.068085 35.821997 51.786166
113.079597 35.821893 51.787101
113.086032 35.821835 51.787635
113.089813 35.821801 51.787957
113.092776 35.821775 51.788218
113.096554 35.821741 51.788562
113.102980 35.821683 51.789162
113.114470 35.821579 51.790255
113.134331 35.821400 51.792185
113.166938 35.821106 51.795431
113.217683 35.820649 51.800620
113.292654 35.819972 51.808521
113.397987 35.819022 51.819990
113.538954 35.817749 51.835885
113.718905 35.816123 51.856939
113.938273 35.814140 51.883604
114.193877 35.811828 51.915908
114.478747 35.809248 51.953347
114.782575 35.806495 51.994857
115.092775 35.803681 52.038875
115.395981 35.800927 52.083500
115.679695 35.798348 52.126735
115.933762 35.796035 52.166740
116.151402 35.794052 52.202065
116.329619 35.792427 52.231810
116.468997 35.791154 52.255667
116.572986 35.790203 52.273874
116.646898 35.789527 52.287076
116.696867 35.789069 52.296159
116.728940 35.788775 52.302077
116.748459 35.788596 52.305726
116.759741 35.788493 52.307858
116.766047 35.788435 52.309061
116.769750 35.788401 52.309776
116.772652 35.788374 52.310345
116.776350 35.788340 52.311082
116.782639 35.788282 52.312348
116.793882 35.788179 52.314635
116.813313 35.788000 52.318627
116.845204 35.787706 52.325257
116.894821 35.787248 52.335712
116.968101 35.786572 52.351388
117.071019 35.785622 52.373779
117.208697 35.784349 52.404284
117.384369 35.782723 52.443979
117.598415 35.780740 52.493357
117.847688 35.778428 52.552111
118.125352 35.775848 52.619013
118.421327 35.773095 52.691928
118.723338 35.770280 52.767990
119.018370 35.767527 52.843919
119.294280 35.764947 52.916428
119.541224 35.762635 52.982633
119.752650 35.760652 53.040390
119.925693 35.759026 53.088493
120.060963 35.757754 53.126701
120.161842 35.756803 53.155611
120.233518 35.756127 53.176417
120.281958 35.755669 53.190638
120.313040 35.755375 53.199854
120.331951 35.755196 53.205509
120.342880 35.755093 53.208800
120.348986 35.755035 53.210651
120.352572 35.755001 53.211747
120.355380 35.754974 53.212614
120.358959 35.754940 53.213730
120.365042 35.754882 53.215642
120.375916 35.754779 53.219082
120.394703 35.754600 53.225067
120.425531 35.754306 53.234967
120.473479 35.753848 53.250508
120.544268 35.753172 53.273693
120.643650 35.752221 53.306625
120.776538 35.750949 53.351226
120.946018 35.749323 53.408898
121.152413 35.747340 53.480167
121.392644 35.745027 53.564401
121.660082 35.742448 53.659667
121.944989 35.739694 53.762799
122.235530 35.736880 53.869675
122.519188 35.734127 53.975687
122.784303 35.731547 54.076312
123.021447 35.729235 54.167665
123.224369 35.727252 54.246941
123.390365 35.725626 54.312647
123.520062 35.724353 54.364609
123.616742 35.723403 54.403770
123.685406 35.722726 54.431857
123.731794 35.722269 54.450997
123.761550 35.721975 54.463368
123.779649 35.721796 54.470942
123.790106 35.721692 54.475342
123.795947 35.721634 54.477812
123.799377 35.721600 54.479271
123.802061 35.721574 54.480423
123.805481 35.721540 54.481902
123.811294 35.721482 54.484430
123.821680 35.721378 54.488971
123.839623 35.721199 54.496858
123.869055 35.720905 54.509879
123.914817 35.720448 54.530271
123.982355 35.719772 54.560617
124.077130 35.718821 54.603596
124.203801 35.717548 54.661626
124.365267 35.715923 54.736415
124.561794 35.713939 54.828517
124.790404 35.711627 54.936985
125.044749 35.709048 55.059213
125.315534 35.706294 55.191048
125.591495 35.703480 55.327174
125.860743 35.700726 55.461725
126.112226 35.698147 55.589004
126.337036 35.695834 55.704184
126.529288 35.693851 55.803835
126.686465 35.692226 55.886199
126.809206 35.690953 55.951168
126.900655 35.690002 56.000020
126.965576 35.689326 56.034987
127.009417 35.688869 56.058773
127.037530 35.688575 56.074123
127.054624 35.688396 56.083508
127.064498 35.688292 56.088954
127.070012 35.688234 56.092009
127.073249 35.688200 56.093811
127.075782 35.688174 56.095231
127.079007 35.688139 56.097052
127.084487 35.688082 56.100161
127.094276 35.687978 56.105739
127.111183 35.687799 56.115417
127.138907 35.687505 56.131375
127.181998 35.687048 56.156333
127.245567 35.686371 56.193414
127.334733 35.685421 56.245840
127.453843 35.684148 56.316488
127.605587 35.682522 56.407353
127.790166 35.680539 56.519008
128.004740 35.678227 56.650206
128.243303 35.675647 56.797705
128.497108 35.672894 56.956423
128.755579 35.670080 57.119926
129.007578 35.667326 57.281167
129.242782 35.664747 57.433357
129.452892 35.662434 57.570789
129.632451 35.660451 57.689457
129.779158 35.658825 57.787356
129.893653 35.657553 57.864450
129.978913 35.656602 57.922330
130.039409 35.655926 57.963703
130.080244 35.655468 57.991813
130.106419 35.655174 58.009934
130.122330 35.654995 58.021004
130.131517 35.654892 58.027423
130.136647 35.654834 58.031021
130.139657 35.654800 58.033142
130.142011 35.654773 58.034811
130.145008 35.654739 58.036949
130.150097 35.654681 58.040597
130.159188 35.654578 58.047137
130.174882 35.654399 58.058477
130.200609 35.654105 58.077158
130.240579 35.653647 58.106348
130.299517 35.652971 58.149668
130.382143 35.652020 58.210840
130.492452 35.650748 58.293165
130.632893 35.649122 58.398894
130.803606 35.647139 58.528619
131.001912 35.644827 58.680805
131.222217 35.642247 58.851619
131.456409 35.639494 59.035121
131.694709 35.636679 59.223842
131.926850 35.633926 59.409647
132.143341 35.631346 59.584744
132.336579 35.629034 59.742622
132.501592 35.627051 59.878748
132.636313 35.625425 59.990901
132.741383 35.624152 60.079110
132.819575 35.623202 60.145262
132.875023 35.622526 60.192500
132.912432 35.622068 60.224567
132.936400 35.621774 60.245224
132.950963 35.621595 60.257834
132.959369 35.621492 60.265142
132.964062 35.621434 60.269236
132.966814 35.621400 60.271648
132.968966 35.621373 60.273545
132.971703 35.621339 60.275972
132.976350 35.621281 60.280111
132.984648 35.621178 60.287529
132.998969 35.620999 60.300384
133.022435 35.620705 60.321547
133.058876 35.620247 60.354590
133.112579 35.619571 60.403588
133.187820 35.618620 60.472716
133.288202 35.617347 60.565655
133.415907 35.615722 60.684886
133.571011 35.613739 60.831009
133.751029 35.611426 61.002226
133.950835 35.608847 61.194162
134.163032 35.606093 61.400094
134.378741 35.603279 61.611615
134.588669 35.600525 61.819608
134.784253 35.597946 62.015375
134.958663 35.595634 62.191684
135.107460 35.593651 62.343533
135.228836 35.592025 62.468510
135.323420 35.590752 62.566713
135.393754 35.589802 62.640296
135.443596 35.589125 62.692800
135.477202 35.588668 62.728417
135.498722 35.588374 62.751347
135.511791 35.588195 62.765337
135.519332 35.588091 62.773442
135.523540 35.588033 62.777981
135.526007 35.587999 62.780653
135.527934 35.587973 62.782754
135.530385 35.587939 62.785440
135.534543 35.587881 62.790018
135.541966 35.587777 62.798220
135.554770 35.587598 62.812427
135.575740 35.587304 62.835804
135.608286 35.586847 62.872284
135.656219 35.586170 62.926344
135.723324 35.585220 63.002557
135.812776 35.583947 63.104940
135.926472 35.582322 63.236175
136.064424 35.580338 63.396861
136.224364 35.578026 63.584961
136.401684 35.575447 63.795613
136.589782 35.572693 64.021398
136.780764 35.569879 64.253073
136.966402 35.567125 64.480655
137.139148 35.564546 64.694649
137.293009 35.562233 64.887191
137.424124 35.560250 65.052872
137.530961 35.558625 65.189119
137.614128 35.557352 65.296094
137.675915 35.556401 65.376193
137.719662 35.555725 65.433311
137.749135 35.555268 65.472036
137.767996 35.554974 65.496955
137.779444 35.554795 65.512153
137.786046 35.554691 65.520954
137.789728 35.554633 65.525881
137.791885 35.554599 65.528781
137.793570 35.554572 65.531059
137.795709 35.554538 65.533970
137.799339 35.554481 65.538931
137.805813 35.554377 65.547816
137.816976 35.554198 65.563199
137.835247 35.553904 65.588502
137.863582 35.553446 65.627968
137.905278 35.552770 65.686423
137.963596 35.551820 65.768782
138.041253 35.550547 65.879348
138.139840 35.548921 66.020970
138.259307 35.546938 66.194243
138.397626 35.544626 66.396914
138.550754 35.542046 66.623695
138.712945 35.539293 66.866561
138.877367 35.536479 67.115551
139.036937 35.533725 67.359934
139.185193 35.531146 67.589537
139.317037 35.528833 67.795957
139.429222 35.526850 67.973446
139.520502 35.525224 68.119299
139.591464 35.523952 68.233742
139.644117 35.523001 68.319381
139.681355 35.522325 68.380417
139.706417 35.521867 68.421778
139.722441 35.521573 68.448383
139.732159 35.521394 68.464603
139.737760 35.521291 68.473993
139.740881 35.521233 68.479248
139.742709 35.521199 68.482340
139.744134 35.521172 68.484768
139.745943 35.521138 68.487870
139.749009 35.521080 68.493153
139.754475 35.520977 68.502612
139.763892 35.520798 68.518985
139.779292 35.520504 68.545908
139.803151 35.520046 68.587882
139.838221 35.519370 68.650022
139.887209 35.518419 68.737529
139.952346 35.517147 68.854940
140.034908 35.515521 69.005237
140.134782 35.513538 69.189001
140.250200 35.511225 69.403795
140.377723 35.508646 69.643968
140.512512 35.505892 69.900987
140.648864 35.503078 70.164291
140.780904 35.500325 70.422533
140.903314 35.497745 70.664981
141.011938 35.495433 70.882798
141.104172 35.493450 71.069962
141.179068 35.491824 71.223671
141.237182 35.490551 71.344207
141.280225 35.489601 71.434360
141.310618 35.488925 71.498581
141.331043 35.488467 71.542084
141.344085 35.488173 71.570055
141.351986 35.487994 71.587103
141.356535 35.487891 71.596970
141.359069 35.487833 71.602490
141.360550 35.487799 71.605738
141.361704 35.487772 71.608287
141.363166 35.487738 71.611541
141.365641 35.487680 71.617084
141.370050 35.487576 71.627005
141.377637 35.487397 71.644173
141.390029 35.487103 71.672392
141.409202 35.486646 71.716373
141.437336 35.485970 71.781458
141.476561 35.485019 71.873071
141.528606 35.483746 71.995927
141.594418 35.482121 72.153109
141.673826 35.480138 72.345177
141.765336 35.477825 72.569539
141.866145 35.475246 72.820250
141.972365 35.472492 73.088369
142.079470 35.469678 73.362861
142.182846 35.466924 73.631899
142.278362 35.464345 73.884319
142.362841 35.462033 74.110954
142.434341 35.460050 74.305578
142.492218 35.458424 74.465323
142.536993 35.457151 74.590528
142.570066 35.456201 74.684129
142.593358 35.455524 74.750778
142.608976 35.455067 74.795908
142.618929 35.454773 74.824916
142.624947 35.454594 74.842591
142.628407 35.454490 74.852818
142.630330 35.454432 74.858539
142.631454 35.454398 74.861903
142.632326 35.454372 74.864542
142.633429 35.454338 74.867912
142.635294 35.454280 74.873649
142.638609 35.454176 74.883914
142.644304 35.453997 74.901674
142.653588 35.453703 74.930859
142.667918 35.453246 74.976330
142.688888 35.452569 75.043595
142.718033 35.451619 75.138235
142.756567 35.450346 75.265094
142.805103 35.448720 75.427315
142.863411 35.446737 75.625435
142.930290 35.444425 75.856734
143.003590 35.441846 76.115043
143.080412 35.439092 76.391122
143.157438 35.436278 76.673591
143.231351 35.433524 76.950278
143.299242 35.430945 77.209720
143.358934 35.428632 77.442524
143.409158 35.426649 77.642335
143.449583 35.425024 77.806254
143.480687 35.423751 77.934668
143.503543 35.422800 78.030625
143.519564 35.422124 78.098925
143.530260 35.421666 78.145157
143.537050 35.421373 78.174864
143.541142 35.421193 78.192960
143.543487 35.421090 78.203428
143.544787 35.421032 78.209283
143.545544 35.420998 78.212725
143.546130 35.420971 78.215425
143.546866 35.420937 78.218870
143.548106 35.420879 78.224734
143.550304 35.420776 78.235225
143.554068 35.420597 78.253371
143.560179 35.420303 78.283183
143.569566 35.419845 78.329616
143.583227 35.419169 78.398279
143.602093 35.418219 78.494851
143.626856 35.416946 78.624241
143.657790 35.415320 78.789622
143.694612 35.413337 78.991499
143.736420 35.411025 79.227058
143.781739 35.408445 79.489980
143.828672 35.405692 79.770827
143.875137 35.402877 80.058010
143.919132 35.400124 80.339152
143.958987 35.397544 80.602623
143.993535 35.395232 80.838912
144.022192 35.393249 81.041609
144.044932 35.391623 81.207813
144.062189 35.390351 81.337958
144.074702 35.389400 81.435168
144.083365 35.388724 81.504333
144.089082 35.388266 81.551135
144.092672 35.387972 81.581200
144.094816 35.387793 81.599509
144.096035 35.387690 81.610098
144.096706 35.387632 81.616020
144.097092 35.387598 81.619500
144.097387 35.387571 81.622229
144.097753 35.387537 81.625710
144.098363 35.387479 81.631634
144.099434 35.387376 81.642231
144.101249 35.387197 81.660555
144.104158 35.386903 81.690652
144.108560 35.386445 81.737515
144.114852 35.385769 81.806791
144.123359 35.384818 81.904187
144.134247 35.383546 82.034629
144.147455 35.381920 82.201277
144.162651 35.379937 82.404603
144.179239 35.377624 82.641732
144.196425 35.375045 82.906263
144.213324 35.372291 83.188675
144.229094 35.369477 83.477296
144.243059 35.366724 83.759689
144.254788 35.364144 84.024187
144.264126 35.361832 84.261272
144.271168 35.359849 84.464549
144.276194 35.358223 84.631148
144.279586 35.356950 84.761544
144.281748 35.356000 84.858903
144.283048 35.355323 84.928148
144.283785 35.354866 84.974989
144.284178 35.354572 85.005071
144.284375 35.354393 85.023385
144.284468 35.354289 85.033975
144.284509 35.354232 85.039896
144.284526 35.354198 85.043375
144.284531 35.354171 85.046103
144.284527 35.354137 85.049581
144.284508 35.354079 85.055498
144.284454 35.353975 85.066079
144.284324 35.353796 85.084374
144.284040 35.353502 85.114415
144.283471 35.353045 85.161178
144.282418 35.352369 85.230283
144.280601 35.351418 85.327403
144.277670 35.350145 85.457422
144.273231 35.348520 85.623457
144.266907 35.346537 85.825937
144.258412 35.344224 86.061960
144.247630 35.341645 86.325118
144.234689 35.338891 86.605911
144.219981 35.336077 86.892720
144.204144 35.333323 87.173186
144.187974 35.330744 87.435737
144.172319 35.328432 87.670953
144.157944 35.326448 87.872525
144.145427 35.324823 88.037649
144.135094 35.323550 88.166834
144.127013 35.322599 88.263248
144.121031 35.321923 88.331797
144.116843 35.321466 88.378152
144.114074 35.321172 88.407913
144.112347 35.320993 88.426028
144.111327 35.320889 88.436500
144.110747 35.320831 88.442354
144.110398 35.320797 88.445793
144.110117 35.320771 88.448488
144.109748 35.320737 88.451924
144.109108 35.320679 88.457768
144.107945 35.320575 88.468216
144.105896 35.320396 88.486278
144.102463 35.320102 88.515927
144.096994 35.319645 88.562067
144.088701 35.318968 88.630230
144.076714 35.318018 88.725990
144.060174 35.316745 88.854136
144.038364 35.315119 89.017705
144.010868 35.313136 89.217082
143.977705 35.310824 89.449369
143.939437 35.308244 89.708225
143.897184 35.305491 89.984276
143.852556 35.302677 90.266085
143.807476 35.299923 90.541508
143.763948 35.297344 90.799196
143.723798 35.295031 91.029932
143.688442 35.293048 91.227564
143.658747 35.291422 91.389382
143.634982 35.290150 91.515924
143.616881 35.289199 91.610327
143.603777 35.288523 91.677421
143.594775 35.288065 91.722777
143.588917 35.287771 91.751888
143.585309 35.287592 91.769603
143.583203 35.287489 91.779842
143.582015 35.287431 91.785564
143.581309 35.287397 91.788925
143.580749 35.287370 91.791558
143.580024 35.287336 91.794914
143.578779 35.287278 91.800620
143.576532 35.287175 91.810820
143.572613 35.286996 91.828448
143.566110 35.286702 91.857379
143.555865 35.286244 91.902388
143.540519 35.285568 91.968857
143.518628 35.284617 92.062202
143.488839 35.283345 92.187063
143.450128 35.281719 92.346367
143.402040 35.279736 92.540448
143.344901 35.277424 92.766447
143.279931 35.274844 93.018156
143.209219 35.272091 93.286434
143.135556 35.269276 93.560150
143.062117 35.266523 93.827511
142.992074 35.263943 94.077512
142.928195 35.261631 94.301242
142.872527 35.259648 94.492772
142.826209 35.258022 94.649515
142.789452 35.256749 94.772030
142.761663 35.255799 94.863390
142.741677 35.255123 94.928297
142.728024 35.254665 94.972159
142.719182 35.254371 95.000302
142.713759 35.254192 95.017424
142.710603 35.254089 95.027318
142.708829 35.254031 95.032846
142.707780 35.253997 95.036093
142.706950 35.253970 95.038635
142.705881 35.253936 95.041874
142.704052 35.253878 95.047380
142.700763 35.253775 95.057221
142.695041 35.253596 95.074224
142.685581 35.253302 95.102122
142.670737 35.252844 95.145510
142.648602 35.252168 95.209562
142.617179 35.251217 95.299478
142.574648 35.249944 95.419699
142.519689 35.248319 95.573007
142.451817 35.246336 95.759688
142.371654 35.244023 95.976948
142.281056 35.241444 96.218784
142.183048 35.238690 96.476385
142.081554 35.235876 96.739048
141.980949 35.233123 96.995455
141.885519 35.230543 97.235070
141.798937 35.228231 97.449378
141.723845 35.226248 97.632740
141.661641 35.224622 97.782717
141.612473 35.223349 97.899886
141.575434 35.222399 97.987220
141.548879 35.221722 98.049240
141.530789 35.221265 98.091136
141.519101 35.220971 98.118009
141.511947 35.220792 98.134354
141.507792 35.220688 98.143797
141.505459 35.220630 98.149071
141.504082 35.220596 98.152168
141.502995 35.220570 98.154592
141.501600 35.220536 98.157679
141.499215 35.220478 98.162927
141.494933 35.220374 98.172303
141.487497 35.220195 98.188499
141.475224 35.219901 98.215064
141.456007 35.219444 98.256366
141.427419 35.218767 98.317316
141.386943 35.217817 98.402840
141.332313 35.216544 98.517134
141.261933 35.214919 98.662809
141.175296 35.212935 98.840093
141.073309 35.210623 99.046295
140.958434 35.208044 99.275678
140.834586 35.205290 99.519856
140.706764 35.202476 99.768667
140.580475 35.199722 100.011391
140.461063 35.197143 100.238071
140.353045 35.194830 100.440681
140.259625 35.192847 100.613926
140.182440 35.191222 100.755547
140.121575 35.189949 100.866127
140.075823 35.188998 100.948508
140.043083 35.188322 101.006985
140.020817 35.187865 101.046472
140.006451 35.187571 101.071790
139.997669 35.187392 101.087185
139.992574 35.187288 101.096076
139.989716 35.187230 101.101042
139.988030 35.187196 101.103956
139.986702 35.187169 101.106236
139.985000 35.187135 101.109140
139.982094 35.187078 101.114073
139.976880 35.186974 101.122885
139.967835 35.186795 101.138102
139.952924 35.186501 101.163056
139.929607 35.186043 101.201837
139.894972 35.185367 101.259042
139.846015 35.184417 101.339274
139.780058 35.183144 101.446438
139.695250 35.181518 101.582947
139.591066 35.179535 101.748973
139.468685 35.177223 101.941952
139.331142 35.174643 102.156475
139.183182 35.171890 102.384670
139.030811 35.169076 102.617024
138.880594 35.166322 102.843526
138.738852 35.163743 103.054901
138.610893 35.161430 103.243696
138.500435 35.159447 103.405017
138.409332 35.157821 103.536805
138.337607 35.156549 103.639644
138.283769 35.155598 103.716215
138.245293 35.154922 103.770540
138.219156 35.154464 103.807206
138.202308 35.154170 103.830707
138.192018 35.153991 103.844992
138.186052 35.153888 103.853239
138.182708 35.153830 103.857844
138.180738 35.153796 103.860546
138.179187 35.153769 103.862659
138.177201 35.153735 103.865348
138.173812 35.153677 103.869916
138.167738 35.153574 103.878073
138.157206 35.153395 103.892154
138.139859 35.153101 103.915237
138.112758 35.152643 103.951096
138.072544 35.151967 104.003965
138.015767 35.151016 104.078075
137.939372 35.149744 104.177004
137.841278 35.148118 104.302938
137.720948 35.146135 104.455994
137.579815 35.143822 104.633762
137.421446 35.141243 104.831219
137.251353 35.138489 105.041086
137.076466 35.135675 105.254597
136.904322 35.132922 105.462554
136.742138 35.130342 105.656459
136.595936 35.128030 105.829506
136.469904 35.126047 105.977254
136.366089 35.124421 106.097861
136.284453 35.123148 106.191910
136.223240 35.122198 106.261890
136.179536 35.121522 106.311509
136.149872 35.121064 106.344982
136.130765 35.120770 106.366426
136.119103 35.120591 106.379455
136.112344 35.120488 106.386975
136.108558 35.120430 106.391172
136.106328 35.120396 106.393634
136.104574 35.120369 106.395558
136.102331 35.120335 106.398006
136.098505 35.120277 106.402162
136.091649 35.120173 106.409581
136.079769 35.119994 106.422384
136.060213 35.119701 106.443362
136.029682 35.119243 106.475936
135.984414 35.118567 106.523934
135.920558 35.117616 106.591174
135.834720 35.116343 106.680868
135.724617 35.114718 106.794957
135.589705 35.112735 106.933501
135.431654 35.110422 107.094268
135.254511 35.107843 107.272673
135.064488 35.105089 107.462104
134.869348 35.102275 107.654631
134.677500 35.099521 107.841960
134.496964 35.096942 108.016454
134.334403 35.094630 108.172025
134.194419 35.092647 108.304724
134.079226 35.091021 108.412949
133.988726 35.089748 108.497270
133.920924 35.088798 108.559963
133.872551 35.088121 108.604384
133.839740 35.087664 108.634331
133.818619 35.087370 108.653505
133.805733 35.087191 108.665149
133.798269 35.087087 108.671867
133.794089 35.087029 108.675615
133.791628 35.086995 108.677813
133.789694 35.086969 108.679529
133.787221 35.086935 108.681711
133.783006 35.086877 108.685414
133.775456 35.086773 108.692022
133.762379 35.086594 108.703421
133.740863 35.086300 108.722087
133.707291 35.085843 108.751054
133.657544 35.085166 108.793710
133.587420 35.084216 108.853417
133.493229 35.082943 108.932994
133.372513 35.081317 109.034119
133.224728 35.079334 109.156792
133.051757 35.077022 109.298985
132.858081 35.074443 109.456594
132.650526 35.071689 109.623740
132.437593 35.068875 109.793407
132.228457 35.066121 109.958284
132.031841 35.063542 110.111673
131.854964 35.061229 110.248258
131.702785 35.059246 110.364624
131.577660 35.057621 110.459421
131.479430 35.056348 110.533200
131.405888 35.055397 110.588001
131.353452 35.054721 110.626796
131.317905 35.054263 110.652928
131.295032 35.053970 110.669648
131.281084 35.053791 110.679796
131.273007 35.053687 110.685647
131.268485 35.053629 110.688910
131.265824 35.053595 110.690822
131.263734 35.053568 110.692314
131.261063 35.053534 110.694210
131.256512 35.053476 110.697424
131.248362 35.053373 110.703158
131.234251 35.053194 110.713043
131.211042 35.052900 110.729220
131.174845 35.052442 110.754305
131.121239 35.051766 110.791210
131.045718 35.050816 110.842818
130.944344 35.049543 110.911523
130.814511 35.047917 110.998725
130.655684 35.045934 111.104366
130.469935 35.043622 111.226642
130.262121 35.041042 111.361969
130.039600 35.038289 111.505258
129.811502 35.035475 111.650471
129.587659 35.032721 111.791353
129.377386 35.030142 111.922202
129.188370 35.027829 112.038528
129.025869 35.025846 112.137478
128.892349 35.024220 112.217964
128.787596 35.022948 112.280518
128.709216 35.021997 112.326920
128.653361 35.021321 112.359729
128.615512 35.020863 112.381805
128.591170 35.020569 112.395917
128.576329 35.020390 112.404475
128.567739 35.020287 112.409406
128.562931 35.020229 112.412154
128.560103 35.020195 112.413762
128.557882 35.020168 112.415017
128.555045 35.020134 112.416608
128.550213 35.020076 112.419305
128.541562 35.019973 112.424113
128.526589 35.019794 112.432394
128.501972 35.019500 112.445934
128.463593 35.019042 112.466907
128.406780 35.018366 112.497728
128.326782 35.017415 112.540767
128.219459 35.016143 112.597978
128.082090 35.014517 112.670468
127.914154 35.012534 112.758125
127.717885 35.010221 112.859384
127.498456 35.007642 112.971214
127.263668 35.004888 113.089364
127.023172 35.002074 113.208829
126.787332 34.999321 113.324463
126.565946 34.996741 113.431612
126.367078 34.994429 113.526650
126.196218 34.992446 113.607311
126.055915 34.990820 113.672781
125.945904 34.989547 113.723560
125.863632 34.988597 113.761157
125.805030 34.987921 113.787695
125.765337 34.987463 113.805524
125.739817 34.987169 113.816905
125.724264 34.986990 113.823798
125.715263 34.986886 113.827766
125.710227 34.986829 113.829975
125.707264 34.986795 113.831267
125.704940 34.986768 113.832272
125.701971 34.986734 113.833546
125.696916 34.986676 113.835703
125.687870 34.986572 113.839542
125.672214 34.986393 113.846148
125.646483 34.986099 113.856935
125.606382 34.985642 113.873619
125.547044 34.984966 113.898092
125.463529 34.984015 113.932198
125.351542 34.982742 113.977430
125.208282 34.981117 114.034596
125.033244 34.979134 114.103532
124.828801 34.976821 114.182927
124.600378 34.974242 114.270329
124.356126 34.971488 114.362360
124.106100 34.968674 114.455090
123.861074 34.965920 114.544525
123.631212 34.963341 114.627098
123.424858 34.961029 114.700075
123.247671 34.959045 114.761794
123.102253 34.957420 114.811719
122.988290 34.956147 114.850317
122.903102 34.955197 114.878808
122.842448 34.954520 114.898863
122.801381 34.954063 114.912303
122.774986 34.953769 114.920863
122.758905 34.953590 114.926037
122.749600 34.953486 114.929011
122.744395 34.953428 114.930663
122.741335 34.953394 114.931628
122.738934 34.953368 114.932377
122.735869 34.953334 114.933324
122.730651 34.953276 114.934922
122.721314 34.953172 114.937764
122.705162 34.952993 114.942644
122.678621 34.952699 114.950596
122.637272 34.952242 114.962862
122.576110 34.951565 114.980800
122.490062 34.950615 115.005713
122.374733 34.949342 115.038624
122.227269 34.947716 115.080038
122.047193 34.945733 115.129738
121.836983 34.943421 115.186679
121.602253 34.940841 115.249010
121.351408 34.938088 115.314250
121.094788 34.935274 115.379574
120.843453 34.932520 115.442169
120.607812 34.929941 115.499580
120.396391 34.927628 115.549983
120.214952 34.925645 115.592330
120.066122 34.924020 115.626365
119.949540 34.922747 115.652517
119.862433 34.921796 115.671709
119.800437 34.921120 115.685145
119.758476 34.920662 115.694106
119.731514 34.920368 115.699788
119.715092 34.920189 115.703210
119.705592 34.920086 115.705169
119.700279 34.920028 115.706255
119.697156 34.919994 115.706887
119.694706 34.919967 115.707374
119.691581 34.919933 115.707987
119.686261 34.919875 115.709018
119.676744 34.919772 115.710844
119.660282 34.919593 115.713968
119.633241 34.919299 115.719033
119.591125 34.918841 115.726805
119.528850 34.918165 115.738098
119.441271 34.917215 115.753666
119.323939 34.915942 115.774058
119.173987 34.914316 115.799474
118.990962 34.912333 115.829648
118.777424 34.910021 115.863808
118.539110 34.907441 115.900718
118.284578 34.904688 115.938809
118.024337 34.901873 115.976375
117.769601 34.899120 116.011802
117.530906 34.896540 116.043757
117.316861 34.894228 116.071333
117.133266 34.892245 116.094103
116.982742 34.890619 116.112088
116.864886 34.889347 116.125674
116.776864 34.888396 116.135482
116.714240 34.887720 116.142242
116.671868 34.887262 116.146685
116.644651 34.886968 116.149466
116.628077 34.886789 116.151121
116.618491 34.886686 116.152058
116.613131 34.886628 116.152573
116.609981 34.886594 116.152868
116.607511 34.886567 116.153093
116.604361 34.886533 116.153370
116.599000 34.886475 116.153829
116.589411 34.886372 116.154633
116.572830 34.886193 116.155990
116.545599 34.885899 116.158153
116.503199 34.885441 116.161407
116.440526 34.884765 116.166021
116.352420 34.883814 116.172200
116.234431 34.882542 116.180020
116.083707 34.880916 116.189375
115.899830 34.878933 116.199958
115.685407 34.876620 116.211274
115.446234 34.874041 116.222704
115.190925 34.871287 116.233597
114.930035 34.868473 116.243374
114.674804 34.865720 116.251616
114.435777 34.863140 116.258113
114.221548 34.860828 116.262875
114.037889 34.858845 116.266087
113.887383 34.857219 116.268045
113.769595 34.855946 116.269089
113.681659 34.854996 116.269534
113.619119 34.854319 116.269635
113.576818 34.853862 116.269575
113.549653 34.853568 116.269464
113.533115 34.853389 116.269358
113.523553 34.853285 116.269278
113.518207 34.853228 116.269223
113.515066 34.853193 116.269185
113.512604 34.853167 116.269147
113.509464 34.853133 116.269090
113.504123 34.853075 116.268981
113.494572 34.852971 116.268768
113.478059 34.852792 116.268367
113.450946 34.852498 116.267645
113.408743 34.852041 116.266407
113.346380 34.851365 116.264385
113.258744 34.850414 116.261238
113.141432 34.849141 116.256574
112.991639 34.847516 116.249991
112.808986 34.845533 116.241140
112.596098 34.843220 116.229807
112.358763 34.840641 116.215988
112.105554 34.837887 116.199946
111.846952 34.835073 116.182216
111.594101 34.832319 116.163564
111.357430 34.829740 116.144891
111.145425 34.827427 116.127107
110.963764 34.825444 116.111001
110.814967 34.823819 116.097138
110.698567 34.822546 116.085805
110.611703 34.821595 116.077014
110.549948 34.820919 116.070551
110.508191 34.820462 116.066051
110.481384 34.820168 116.063090
110.465068 34.819989 116.061250
110.455636 34.819885 116.060167
110.450364 34.819827 116.059552
110.447267 34.819793 116.059184
110.444840 34.819767 116.058889
110.441746 34.819732 116.058503
110.436484 34.819675 116.057835
110.427077 34.819571 116.056622
110.410816 34.819392 116.054493
110.384124 34.819098 116.050934
110.342589 34.818641 116.045282
110.281233 34.817964 116.036740
110.195044 34.817014 116.024435
110.079716 34.815741 116.007518
109.932524 34.814115 115.985297
109.753128 34.812132 115.957387
109.544144 34.809820 115.923853
109.311286 34.807240 115.885300
109.062991 34.804487 115.842886
108.809549 34.801673 115.798239
108.561881 34.798919 115.753285
108.330191 34.796340 115.710009
108.122759 34.794027 115.670200
107.945108 34.792044 115.635232
107.799666 34.790418 115.605928
107.685942 34.789146 115.582523
107.601110 34.788195 115.564727
107.540823 34.787519 115.551864
107.500072 34.787061 115.543039
107.473918 34.786767 115.537303
107.458004 34.786588 115.533773
107.448806 34.786485 115.531714
107.443666 34.786427 115.530554
107.440647 34.786393 115.529866
107.438282 34.786366 115.529319
107.435268 34.786332 115.528613
107.430144 34.786274 115.527401
107.420984 34.786171 115.525217
107.405155 34.785992 115.521408
107.379178 34.785698 115.515094
107.338767 34.785240 115.505154
107.279093 34.784564 115.490282
107.195298 34.783613 115.469088
107.083221 34.782341 115.440282
106.940245 34.780715 115.402895
106.766075 34.778732 115.356513
106.563286 34.776420 115.301473
106.337457 34.773840 115.238973
106.096793 34.771087 115.171040
105.851284 34.768272 115.100363
105.611509 34.765519 115.029989
105.387330 34.762939 114.962949
105.186735 34.760627 114.901877
105.015031 34.758644 114.848711
104.874530 34.757018 114.804517
104.764722 34.755745 114.769475
104.682846 34.754795 114.743003
104.624682 34.754119 114.723977
104.585380 34.753661 114.710988
104.560164 34.753367 114.702580
104.544824 34.753188 114.697426
104.535960 34.753085 114.694428
104.531008 34.753027 114.692743
104.528100 34.752993 114.691746
104.525823 34.752966 114.690959
104.522922 34.752932 114.689945
104.517991 34.752874 114.688211
104.509178 34.752771 114.685094
104.493952 34.752592 114.679672
104.468971 34.752298 114.670712
104.430122 34.751840 114.656659
104.372776 34.751164 114.635714
104.292282 34.750213 114.605996
104.184669 34.748940 114.565797
104.047454 34.747315 114.513883
103.880391 34.745332 114.449816
103.685987 34.743019 114.374198
103.469621 34.740440 114.288797
103.239183 34.737686 114.196477
103.004251 34.734872 114.100939
102.774947 34.732119 114.006303
102.560689 34.729539 113.916595
102.369087 34.727227 113.835254
102.205174 34.725244 113.764749
102.071121 34.723618 113.706376
101.966405 34.722345 113.660260
101.888362 34.721395 113.625535
101.832944 34.720718 113.600649
101.795512 34.720261 113.583702
101.771503 34.719967 113.572756
101.756902 34.719788 113.566057
101.748467 34.719684 113.562168
101.743756 34.719626 113.559984
101.740990 34.719592 113.558696
101.738825 34.719566 113.557679
101.736068 34.719532 113.556375
101.731382 34.719474 113.554145
101.723010 34.719370 113.550143
101.708549 34.719191 113.543193
101.684831 34.718897 113.531726
101.647958 34.718440 113.513777
101.593550 34.717763 113.487082
101.517214 34.716813 113.449299
101.415209 34.715540 113.398323
101.285214 34.713915 113.332676
101.127032 34.711931 113.251900
100.943075 34.709619 113.156852
100.738467 34.707040 113.049843
100.520695 34.704286 112.934527
100.298826 34.701472 112.815563
100.082418 34.698718 112.698081
99.880346 34.696139 112.587042
99.699757 34.693826 112.486640
99.545364 34.691843 112.399842
99.419171 34.690218 112.328153
99.320650 34.688945 112.271641
99.247261 34.687994 112.229173
99.195173 34.687318 112.198792
99.160004 34.686861 112.178136
99.137455 34.686567 112.164811
99.123746 34.686388 112.156667
99.115828 34.686284 112.151942
99.111407 34.686226 112.149292
99.108812 34.686192 112.147730
99.106782 34.686165 112.146499
99.104197 34.686131 112.144922
99.099806 34.686074 112.142230
99.091963 34.685970 112.137400
99.078418 34.685791 112.129023
99.056211 34.685497 112.115215
99.021700 34.685039 112.093627
98.970799 34.684363 112.061568
98.899417 34.683413 112.016261
98.804085 34.682140 111.955238
98.682665 34.680514 111.876797
98.535013 34.678531 111.780464
98.363417 34.676219 111.667339
98.172695 34.673639 111.540240
97.969852 34.670886 111.403560
97.763348 34.668072 111.262851
97.562079 34.665318 111.124176
97.374285 34.662739 110.993367
97.206580 34.660426 110.875313
97.063302 34.658443 110.773435
96.946273 34.656817 110.689430
96.854963 34.655545 110.623311
96.786985 34.654594 110.573691
96.738762 34.653918 110.538237
96.706218 34.653460 110.514158
96.685361 34.653166 110.498639
96.672685 34.652987 110.489161
96.665366 34.652884 110.483667
96.661281 34.652826 110.480588
96.658883 34.652792 110.478773
96.657009 34.652765 110.477346
96.654623 34.652731 110.475518
96.650572 34.652673 110.472399
96.643337 34.652570 110.466809
96.630849 34.652391 110.457119
96.610380 34.652097 110.441160
96.578584 34.651639 110.416230
96.531710 34.650963 110.379245
96.466012 34.650012 110.327035
96.378326 34.648740 110.256799
96.266721 34.647114 110.166634
96.131102 34.645131 110.056055
95.973615 34.642818 109.926391
95.798718 34.640239 109.780926
95.612864 34.637485 109.624735
95.423821 34.634671 109.464181
95.239731 34.631918 109.306187
95.068115 34.629338 109.157370
94.914988 34.627026 109.023250
94.784273 34.625043 108.907660
94.677588 34.623417 108.812467
94.594409 34.622144 108.737625
94.532527 34.621194 108.681517
94.488655 34.620518 108.641464
94.459063 34.620060 108.614282
94.440107 34.619766 108.596776
94.428591 34.619587 108.586092
94.421945 34.619484 108.579901
94.418235 34.619426 108.576433
94.416060 34.619392 108.574390
94.414360 34.619365 108.572785
94.412197 34.619331 108.570730
94.408526 34.619273 108.567227
94.401973 34.619169 108.560951
94.390665 34.618990 108.550076
94.372138 34.618697 108.532177
94.343374 34.618239 108.504235
94.300995 34.617563 108.462812
94.241637 34.616612 108.404389
94.162469 34.615339 108.325866
94.061787 34.613714 108.225164
93.939549 34.611731 108.101794
93.797732 34.609418 107.957294
93.640392 34.606839 107.795373
93.473366 34.604085 107.621715
93.303649 34.601271 107.443418
93.138554 34.598517 107.268166
92.984806 34.595938 107.103282
92.847762 34.593626 106.954844
92.730892 34.591643 106.827047
92.635597 34.590017 106.721901
92.561364 34.588744 106.639308
92.506182 34.587794 106.577439
92.467089 34.587117 106.533305
92.440739 34.586660 106.503373
92.423869 34.586366 106.484107
92.413625 34.586187 106.472354
92.407716 34.586083 106.465546
92.404419 34.586025 106.461735
92.402487 34.585991 106.459491
92.400977 34.585965 106.457727
92.399059 34.585931 106.455473
92.395804 34.585873 106.451631
92.389995 34.585769 106.444749
92.379977 34.585590 106.432830
92.363572 34.585296 106.413220
92.338119 34.584839 106.382626
92.300644 34.584162 106.337298
92.248198 34.583212 106.273410
92.178312 34.581939 106.187607
92.089523 34.580313 106.077658
91.981840 34.578330 105.943077
91.857054 34.576018 105.785587
91.718778 34.573439 105.609276
91.572176 34.570685 105.420366
91.423406 34.567871 105.226596
91.278878 34.565117 105.036317
91.144460 34.562538 104.857461
91.024800 34.560225 104.696589
90.922883 34.558242 104.558204
90.839878 34.556617 104.444437
90.775293 34.555344 104.355138
90.727331 34.554393 104.288291
90.693386 34.553717 104.240634
90.670524 34.553259 104.208330
90.655899 34.552966 104.187546
90.647024 34.552787 104.174873
90.641907 34.552683 104.167535
90.639054 34.552625 104.163427
90.637383 34.552591 104.161010
90.636078 34.552564 104.159111
90.634422 34.552530 104.156685
90.631613 34.552472 104.152552
90.626603 34.552369 104.145151
90.617968 34.552190 104.132337
90.603838 34.551896 104.111264
90.581932 34.551438 104.078401
90.549709 34.550762 104.029736
90.504660 34.549812 103.961184
90.444703 34.548539 103.869177
90.368627 34.546913 103.751356
90.276492 34.544930 103.607246
90.169885 34.542618 103.438734
90.051942 34.540038 103.250233
89.927105 34.537285 103.048426
89.800640 34.534471 102.841597
89.677994 34.531717 102.638658
89.564127 34.529138 102.448052
89.462936 34.526825 102.276743
89.376892 34.524842 102.129487
89.306927 34.523216 102.008510
89.252569 34.521944 101.913612
89.212259 34.520993 101.842613
89.183765 34.520317 101.792022
89.164597 34.519859 101.757745
89.152347 34.519565 101.735702
89.144920 34.519386 101.722264
89.140641 34.519283 101.714485
89.138257 34.519225 101.710133
89.136861 34.519191 101.707572
89.135773 34.519164 101.705561
89.134393 34.519130 101.702994
89.132055 34.519072 101.698620
89.127889 34.518969 101.690791
89.120713 34.518790 101.677240
89.108982 34.518496 101.654963
89.090816 34.518038 101.620235
89.064128 34.517362 101.568832
89.026873 34.516411 101.496459
88.977368 34.515139 101.399376
88.914668 34.513513 101.275129
88.838882 34.511530 101.123255
88.751378 34.509217 100.945784
88.654786 34.506638 100.747400
88.552789 34.503884 100.535163
88.449713 34.501070 100.317799
88.349999 34.498317 100.104676
88.257651 34.495737 99.904645
88.175786 34.493425 99.724986
88.106343 34.491442 99.570651
88.050007 34.489816 99.443935
88.006333 34.488543 99.344589
87.974011 34.487593 99.270301
87.951207 34.486917 99.217391
87.935891 34.486459 99.181557
87.926118 34.486165 99.158520
87.920200 34.485986 99.144481
87.916795 34.485882 99.136357
87.914899 34.485825 99.131812
87.913791 34.485791 99.129138
87.912928 34.485764 99.127040
87.911836 34.485730 99.124362
87.909989 34.485672 99.119801
87.906700 34.485568 99.111639
87.901041 34.485389 99.097515
87.891805 34.485095 99.074302
87.877526 34.484638 99.038129
87.856590 34.483962 98.984607
87.827428 34.483011 98.909286
87.788773 34.481738 98.808297
87.739951 34.480113 98.679121
87.681117 34.478130 98.521312
87.613408 34.475817 98.337017
87.538929 34.473238 98.131133
87.460571 34.470484 97.911014
87.381687 34.467670 97.685724
87.305675 34.464916 97.464971
87.235557 34.462337 97.257911
87.173644 34.460025 97.072051
87.121329 34.458041 96.912483
87.079047 34.456416 96.781542
87.046384 34.455143 96.678936
87.022293 34.454193 96.602246
87.005347 34.453516 96.547648
86.993998 34.453059 96.510684
86.986773 34.452765 96.486928
86.982408 34.452586 96.472455
86.979901 34.452482 96.464082
86.978508 34.452424 96.459398
86.977695 34.452390 96.456644
86.977065 34.452364 96.454484
86.976269 34.452330 96.451726
86.974924 34.452272 96.447032
86.972536 34.452168 96.438633
86.968436 34.451989 96.424104
86.961760 34.451695 96.400232
86.951469 34.451238 96.363043
86.936432 34.450561 96.308038
86.915566 34.449611 96.230661
86.888031 34.448338 96.126964
86.853422 34.446712 95.994389
86.811942 34.444729 95.832513
86.764486 34.442417 95.643573
86.712617 34.439837 95.432624
86.658417 34.437084 95.207222
86.604240 34.434270 94.976664
86.552420 34.431516 94.750886
86.504979 34.428937 94.539235
86.463407 34.426624 94.349364
86.428545 34.424641 94.186440
86.400575 34.423016 94.052814
86.379123 34.421743 93.948153
86.363405 34.420792 93.869961
86.352418 34.420116 93.814315
86.345102 34.419658 93.776655
86.340468 34.419364 93.752459
86.337681 34.419185 93.737722
86.336087 34.419082 93.729198
86.335204 34.419024 93.724431
86.334691 34.418990 93.721628
86.334296 34.418963 93.719431
86.333800 34.418929 93.716627
86.332966 34.418871 93.711855
86.331492 34.418768 93.703318
86.328972 34.418589 93.688553
86.324892 34.418295 93.664300
86.318644 34.417837 93.626529
86.309582 34.417161 93.570685
86.297120 34.416211 93.492155
86.280841 34.414938 93.386959
86.260615 34.413312 93.252530
86.236687 34.411329 93.088473
86.209705 34.409017 92.897089
86.180680 34.406437 92.683528
86.150872 34.403684 92.455465
86.121629 34.400869 92.222318
86.094209 34.398116 91.994134
86.069627 34.395536 91.780349
86.048548 34.393224 91.588667
86.031259 34.391241 91.424274
86.017695 34.389615 91.289509
86.007519 34.388343 91.184005
86.000222 34.387392 91.105215
85.995226 34.386716 91.049165
85.991961 34.386258 91.011244
85.989930 34.385964 90.986887
85.988728 34.385785 90.972056
85.988050 34.385682 90.963479
85.987680 34.385624 90.958683
85.987468 34.385590 90.955865
85.987309 34.385563 90.953655
85.987114 34.385529 90.950837
85.986792 34.385471 90.946042
85.986234 34.385368 90.937465
85.985299 34.385189 90.922635
85.983820 34.384895 90.898280
85.981621 34.384437 90.860363
85.978545 34.383761 90.804320
85.974496 34.382810 90.725541
85.969480 34.381538 90.620054
85.963641 34.379912 90.485315
85.957259 34.377929 90.320959
85.950735 34.375616 90.129325
85.944523 34.373037 89.915598
85.939061 34.370283 89.687485
85.934691 34.367469 89.454416
85.931599 34.364716 89.226435
85.929794 34.362136 89.012957
85.929125 34.359824 88.821651
85.929329 34.357841 88.657665
85.930097 34.356215 88.523298
85.931136 34.354942 88.418152
85.932210 34.353992 88.339661
85.933165 34.353315 88.283844
85.933927 34.352858 88.246093
85.934480 34.352564 88.221853
85.934851 34.352385 88.207096
85.935083 34.352281 88.198564
85.935221 34.352223 88.193795
85.935308 34.352189 88.190992
85.935383 34.352163 88.188796
85.935487 34.352129 88.185995
85.935673 34.352071 88.181231
85.936023 34.351967 88.172712
85.936657 34.351788 88.157984
85.937755 34.351494 88.133804
85.939567 34.351037 88.096169
85.942417 34.350361 88.040562
85.946693 34.349410 87.962426
85.952821 34.348137 87.857841
85.961207 34.346512 87.724315
85.972168 34.344528 87.561517
85.985852 34.342216 87.371796
86.002164 34.339637 87.160315
86.020727 34.336883 86.934722
86.040887 34.334069 86.704356
86.061773 34.331315 86.479145
86.082406 34.328736 86.268374
86.101831 34.326423 86.079596
86.119250 34.324440 85.917858
86.134116 34.322815 85.785396
86.146180 34.321542 85.681787
86.155480 34.320591 85.604476
86.162283 34.319915 85.549518
86.166997 34.319458 85.512360
86.170089 34.319164 85.488507
86.172004 34.318985 85.473990
86.173128 34.318881 85.465598
86.173765 34.318823 85.460908
86.174145 34.318789 85.458152
86.174450 34.318762 85.455994
86.174846 34.318728 85.453242
86.175530 34.318671 85.448562
86.176770 34.318567 85.440196
86.178942 34.318388 85.425735
86.182564 34.318094 85.401999
86.188302 34.317637 85.365067
86.196951 34.316960 85.310516
86.209374 34.316010 85.233892
86.226399 34.314737 85.131375
86.248690 34.313111 85.000547
86.276595 34.311128 84.841117
86.310012 34.308816 84.655417
86.348306 34.306236 84.448531
86.390303 34.303483 84.227961
86.434375 34.300669 84.002852
86.478622 34.297915 83.782903
86.521104 34.295336 83.577174
86.560086 34.293023 83.393010
86.594249 34.291040 83.235308
86.622819 34.289414 83.106214
86.645597 34.288142 83.005286
86.662888 34.287191 82.930006
86.675368 34.286515 82.876513
86.683920 34.286057 82.840358
86.689473 34.285763 82.817155
86.692887 34.285584 82.803037
86.694877 34.285481 82.794878
86.695998 34.285423 82.790319
86.696662 34.285389 82.787641
86.697189 34.285362 82.785544
86.697868 34.285328 82.782872
86.699035 34.285270 82.778328
86.701135 34.285167 82.770206
86.704796 34.284988 82.756171
86.710861 34.284694 82.733140
86.720399 34.284236 82.697315
86.734657 34.283560 82.644418
86.754955 34.282609 82.570146
86.782511 34.281337 82.470819
86.818234 34.279711 82.344122
86.862497 34.277728 82.189803
86.914955 34.275416 82.010153
86.974448 34.272836 81.810121
87.039028 34.270083 81.596981
87.106133 34.267268 81.379582
87.172869 34.264515 81.167293
87.236370 34.261935 80.968844
87.294154 34.259623 80.791297
87.344407 34.257640 80.639344
87.386141 34.256014 80.515021
87.419204 34.254741 80.417868
87.444162 34.253791 80.345437
87.462088 34.253115 80.293988
87.474318 34.252657 80.259226
87.482232 34.252363 80.236925
87.487081 34.252184 80.223360
87.489900 34.252081 80.215521
87.491484 34.252023 80.211143
87.492420 34.251989 80.208571
87.493160 34.251962 80.206558
87.494111 34.251928 80.203994
87.495739 34.251870 80.199635
87.498663 34.251767 80.191845
87.503747 34.251587 80.178387
87.512147 34.251294 80.156309
87.525315 34.250836 80.121978
87.544932 34.250160 80.071305
87.572750 34.249209 80.000185
87.610357 34.247936 79.905117
87.658892 34.246311 79.783913
87.718750 34.244328 79.636364
87.789350 34.242015 79.464693
87.869027 34.239436 79.273659
87.955100 34.236682 79.070233
88.044108 34.233868 78.862873
88.132216 34.231114 78.660514
88.215680 34.228535 78.471465
88.291311 34.226223 78.302431
88.356828 34.224240 78.157848
88.411041 34.222614 78.039620
88.453849 34.221341 77.947278
88.486068 34.220391 77.878466
88.509149 34.219714 77.829609
88.524861 34.219257 77.796611
88.535007 34.218963 77.775448
88.541214 34.218784 77.762579
88.544817 34.218680 77.755145
88.546839 34.218622 77.750993
88.548033 34.218588 77.748555
88.548974 34.218562 77.746647
88.550181 34.218528 77.744218
88.552243 34.218470 77.740090
88.555946 34.218366 77.732715
88.562373 34.218187 77.719977
88.572975 34.217893 77.699086
88.589566 34.217436 77.666611
88.614233 34.216759 77.618698
88.649134 34.215809 77.551481
88.696204 34.214536 77.461675
88.756796 34.212910 77.347242
88.831320 34.210927 77.208017
88.918970 34.208615 77.046133
89.017606 34.206036 76.866106
89.123849 34.203282 76.674531
89.233400 34.200468 76.479386
89.341538 34.197714 76.289079
89.443698 34.195135 76.111410
89.536032 34.192822 75.952658
89.615824 34.190839 75.816956
89.681701 34.189214 75.706058
89.733613 34.187941 75.619490
89.772611 34.186990 75.555014
89.800503 34.186314 75.509257
89.819462 34.185857 75.478366
89.831689 34.185563 75.458563
89.839161 34.185384 75.446523
89.843495 34.185280 75.439571
89.845925 34.185222 75.435688
89.847358 34.185188 75.433410
89.848486 34.185161 75.431628
89.849932 34.185127 75.429359
89.852399 34.185069 75.425505
89.856825 34.184966 75.418621
89.864500 34.184787 75.406734
89.877149 34.184493 75.387246
89.896920 34.184035 75.356964
89.926276 34.183359 75.312306
89.967751 34.182409 75.249687
90.023598 34.181136 75.166070
90.095364 34.179510 75.059589
90.183473 34.177527 74.930123
90.286905 34.175215 74.779691
90.403075 34.172635 74.612524
90.527958 34.169882 74.434768
90.656479 34.167068 74.253839
90.783097 34.164314 74.077533
90.902494 34.161735 73.913063
91.010214 34.159422 73.766215
91.103145 34.157439 73.640781
91.179751 34.155813 73.538344
91.240030 34.154541 73.458432
91.285257 34.153590 73.398949
91.317565 34.152914 73.356758
91.339504 34.152456 73.328289
91.353641 34.152162 73.310045
91.362273 34.151983 73.298958
91.367276 34.151880 73.292557
91.370080 34.151822 73.288984
91.371732 34.151788 73.286888
91.373032 34.151761 73.285249
91.374696 34.151727 73.283163
91.377533 34.151669 73.279622
91.382620 34.151566 73.273299
91.391437 34.151387 73.262384
91.405955 34.151093 73.244496
91.428631 34.150635 73.216713
91.462267 34.149959 73.175760
91.509739 34.149008 73.118370
91.573587 34.147736 73.041784
91.655534 34.146110 72.944325
91.756009 34.144127 72.825919
91.873794 34.141814 72.688449
92.005896 34.139235 72.535815
92.147702 34.136481 72.373656
92.293427 34.133667 72.208752
92.436790 34.130914 72.048206
92.571789 34.128334 71.898573
92.693424 34.126022 71.765091
92.798228 34.124039 71.651169
92.884520 34.122413 71.558209
92.952348 34.121140 71.485746
93.003188 34.120190 71.431845
93.039474 34.119514 71.393637
93.064096 34.119056 71.367870
93.079951 34.118762 71.351366
93.089626 34.118583 71.341341
93.095232 34.118479 71.335555
93.098372 34.118422 71.332326
93.100221 34.118388 71.330433
93.101674 34.118361 71.328954
93.103534 34.118327 71.327072
93.106704 34.118269 71.323878
93.112383 34.118165 71.318178
93.122222 34.117986 71.308342
93.138416 34.117692 71.292229
93.163691 34.117235 71.267216
93.201157 34.116559 71.230370
93.253990 34.115608 71.178770
93.324985 34.114335 71.109963
93.416018 34.112710 71.022477
93.527517 34.110727 70.916283
93.658086 34.108414 70.793112
93.804364 34.105835 70.656493
93.961208 34.103081 70.511503
94.122204 34.100267 70.364218
94.280414 34.097513 70.220983
94.429231 34.094934 70.087629
94.563174 34.092622 69.968796
94.678469 34.090638 69.867482
94.773309 34.089013 69.784892
94.847794 34.087740 69.720571
94.903579 34.086790 69.672767
94.943368 34.086113 69.638907
94.970349 34.085656 69.616088
94.987714 34.085362 69.601481
94.998306 34.085183 69.592613
95.004440 34.085079 69.587498
95.007875 34.085021 69.584644
95.009897 34.084987 69.582972
95.011485 34.084961 69.581666
95.013516 34.084927 69.580006
95.016977 34.084869 69.577190
95.023175 34.084765 69.572166
95.033909 34.084586 69.563502
95.051566 34.084292 69.549317
95.079112 34.083835 69.527311
95.119919 34.083158 69.494918
95.177427 34.082208 69.449594
95.254648 34.080935 69.389213
95.353584 34.079309 69.312520
95.474664 34.077326 69.219534
95.616327 34.075014 69.111812
95.774889 34.072435 68.992483
95.944746 34.069681 68.866011
96.118938 34.066867 68.737712
96.289957 34.064113 68.613115
96.450677 34.061534 68.497274
96.595209 34.059221 68.394187
96.719514 34.057238 68.306413
96.821688 34.055613 68.234949
96.901875 34.054340 68.179360
96.961892 34.053389 68.138090
97.004674 34.052713 68.108888
97.033670 34.052255 68.089226
97.052324 34.051961 68.076649
97.063697 34.051782 68.069019
97.070282 34.051679 68.064620
97.073968 34.051621 68.062168
97.076137 34.051587 68.060731
97.077840 34.051560 68.059610
97.080016 34.051526 68.058188
97.083724 34.051468 68.055775
97.090362 34.051365 68.051473
97.101853 34.051186 68.044059
97.120751 34.050892 68.031929
97.150218 34.050434 68.013128
97.193849 34.049758 67.985479
97.255302 34.048808 67.946837
97.337770 34.047535 67.895422
97.443359 34.045909 67.830206
97.572488 34.043926 67.751254
97.723456 34.041614 67.659938
97.892301 34.039034 67.558954
98.073033 34.036281 67.452115
98.258228 34.033466 67.343932
98.439905 34.030713 67.239065
98.610510 34.028133 67.141747
98.763816 34.025821 67.055303
98.895575 34.023838 66.981831
99.003803 34.022212 66.922114
99.088688 34.020940 66.875736
99.152187 34.019989 66.841357
99.197428 34.019313 66.817063
99.228077 34.018855 66.800725
99.247786 34.018561 66.790287
99.259799 34.018382 66.783959
99.266752 34.018279 66.780315
99.270643 34.018221 66.778284
99.272932 34.018187 66.777096
99.274729 34.018160 66.776170
99.277023 34.018126 66.774996
99.280931 34.018068 66.773007
99.287927 34.017965 66.769464
99.300033 34.017786 66.763362
99.319936 34.017492 66.753389
99.350958 34.017034 66.737951
99.396871 34.016358 66.715279
99.461508 34.015407 66.683640
99.548201 34.014135 66.641619
99.659136 34.012509 66.588423
99.794717 34.010526 66.524158
99.953124 34.008213 66.449999
100.130168 34.005634 66.368189
100.319544 34.002880 66.281856
100.513459 34.000066 66.194667
100.703559 33.997313 66.110377
100.881950 33.994733 66.032368
101.042147 33.992421 65.963259
101.179741 33.990438 65.904675
101.292695 33.988812 65.857178
101.381240 33.987539 65.820378
101.447442 33.986589 65.793159
101.494588 33.985912 65.773964
101.526515 33.985455 65.761079
101.547038 33.985161 65.752860
101.559544 33.984982 65.747884
101.566781 33.984878 65.745022
101.570830 33.984821 65.743430
101.573211 33.984786 65.742499
101.575079 33.984760 65.741775
101.577464 33.984726 65.740859
101.581525 33.984668 65.739309
101.588793 33.984564 65.736550
101.601367 33.984385 65.731807
101.622032 33.984091 65.724068
101.654232 33.983634 65.712109
101.701869 33.982958 65.694584
101.768903 33.982007 65.670187
101.858769 33.980734 65.637873
101.973702 33.979109 65.597091
102.114091 33.977126 65.547987
102.278017 33.974813 65.491529
102.461116 33.972234 65.429487
102.656845 33.969480 65.364283
102.857137 33.966666 65.298712
103.053363 33.963912 65.235598
103.237388 33.961333 65.177445
103.402545 33.959021 65.126155
103.544318 33.957037 65.082864
103.660639 33.955412 65.047913
103.751777 33.954139 65.020942
103.819887 33.953188 65.001068
103.868372 33.952512 64.987101
103.901193 33.952055 64.977754
103.922285 33.951761 64.971808
103.935134 33.951582 64.968218
103.942568 33.951478 64.966157
103.946725 33.951420 64.965013
103.949170 33.951386 64.964345
103.951087 33.951360 64.963828
103.953534 33.951326 64.963176
103.957700 33.951268 64.962074
103.965152 33.951164 64.960119
103.978044 33.950985 64.956765
103.999224 33.950691 64.951308
104.032217 33.950234 64.942903
104.081010 33.949557 64.930633
104.149641 33.948607 64.913629
104.241607 33.947334 64.891220
104.359169 33.945708 64.863097
104.502693 33.943725 64.829447
104.670188 33.941413 64.791021
104.857166 33.938833 64.749106
105.056922 33.936080 64.705400
105.261214 33.933266 64.661813
105.461239 33.930512 64.620221
105.648718 33.927933 64.582237
105.816879 33.925620 64.549035
105.961153 33.923637 64.521261
106.079466 33.922011 64.499033
106.172121 33.920739 64.482025
106.241335 33.919788 64.469592
106.290587 33.919112 64.460919
106.323916 33.918654 64.455155
106.345327 33.918360 64.451511
106.358368 33.918181 64.449322
106.365910 33.918078 64.448072
106.370128 33.918020 64.447381
106.372607 33.917986 64.446980
106.374551 33.917959 64.446671
106.377032 33.917925 64.446285
106.381252 33.917867 64.445637
106.388803 33.917764 64.444493
106.401860 33.917585 64.442542
106.423307 33.917291 64.439389
106.456705 33.916833 64.434571
106.506081 33.916157 64.427604
106.575505 33.915206 64.418055
106.668494 33.913934 64.405631
106.787308 33.912308 64.390264
106.932288 33.910325 64.372177
107.101393 33.908013 64.351902
107.290064 33.905433 64.330235
107.491516 33.902680 64.308146
107.697425 33.899865 64.286651
107.898918 33.897112 64.266674
108.087668 33.894532 64.248935
108.256877 33.892220 64.233879
108.401974 33.890237 64.221663
108.520905 33.888611 64.212186
108.614001 33.887338 64.205157
108.683516 33.886388 64.200175
108.732963 33.885712 64.196802
108.766414 33.885254 64.194623
108.787897 33.884960 64.193281
108.800978 33.884781 64.192494
108.808542 33.884678 64.192054
108.812771 33.884620 64.191816
108.815257 33.884586 64.191681
108.817205 33.884559 64.191582
108.819690 33.884525 64.191462
108.823917 33.884467 64.191267
108.831478 33.884364 64.190933
108.844550 33.884185 64.190381
108.866017 33.883891 64.189527
108.899435 33.883433 64.188287
108.948824 33.882757 64.186609
109.018241 33.881806 64.184492
109.111181 33.880533 64.182016
109.229879 33.878908 64.179354
109.374648 33.876925 64.176761
109.543420 33.874612 64.174546
109.731618 33.872033 64.173014
109.932454 33.869279 64.172409
110.137619 33.866465 64.172858
110.338273 33.863712 64.174339
110.526133 33.861132 64.176687
110.694455 33.858820 64.179626
110.838718 33.856837 64.182831
110.956908 33.855211 64.185986
111.049384 33.853938 64.188840
111.118407 33.852988 64.191234
111.167486 33.852311 64.193104
111.200677 33.851854 64.194471
111.221988 33.851560 64.195405
111.234960 33.851381 64.196004
111.242460 33.851277 64.196365
111.246652 33.851219 64.196575
111.249115 33.851185 64.196703
111.251045 33.851159 64.196809
111.253506 33.851125 64.196952
111.257693 33.851067 64.197204
111.265178 33.850963 64.197669
111.278117 33.850784 64.198499
111.299359 33.850490 64.199912
111.332419 33.850033 64.202201
111.381261 33.849356 64.205736
111.449885 33.848406 64.210942
111.541725 33.847133 64.218267
111.658964 33.845508 64.228113
111.801886 33.843524 64.240767
111.968418 33.841212 64.256314
112.154020 33.838633 64.274576
112.351976 33.835879 64.295079
112.554086 33.833065 64.317075
112.751642 33.830311 64.339614
112.936500 33.827732 64.361663
113.102043 33.825419 64.382243
113.243852 33.823436 64.400556
113.359976 33.821811 64.416081
113.450794 33.820538 64.428609
113.518552 33.819587 64.438218
113.566714 33.818911 64.445217
113.599273 33.818454 64.450051
113.620173 33.818160 64.453210
113.632891 33.817981 64.455163
113.640243 33.817877 64.456307
113.644351 33.817819 64.456954
113.646765 33.817785 64.457339
113.648656 33.817758 64.457646
113.651065 33.817724 64.458046
113.655164 33.817667 64.458734
113.662490 33.817563 64.459978
113.675151 33.817384 64.462155
113.695933 33.817090 64.465779
113.728266 33.816632 64.471508
113.776018 33.815956 64.480122
113.843084 33.815006 64.492461
113.932803 33.813733 64.509326
114.047282 33.812107 64.531345
114.186769 33.810124 64.558827
114.349214 33.807812 64.591641
114.530162 33.805232 64.629133
114.723047 33.802479 64.670132
114.919866 33.799665 64.713037
115.112140 33.796911 64.756000
115.291955 33.794332 64.797145
115.452893 33.792019 64.834813
115.590685 33.790036 64.867754
115.703463 33.788410 64.895251
115.791624 33.787138 64.917134
115.857372 33.786187 64.933721
115.904087 33.785511 64.945677
115.935658 33.785053 64.953859
115.955916 33.784759 64.959168
115.968242 33.784580 64.962428
115.975364 33.784477 64.964327
115.979344 33.784419 64.965396
115.981682 33.784385 64.966029
115.983512 33.784358 64.966531
115.985844 33.784324 64.967178
115.989809 33.784266 64.968286
115.996897 33.784163 64.970282
116.009142 33.783984 64.973757
116.029235 33.783690 64.979511
116.060488 33.783232 64.988551
116.106628 33.782556 65.002055
116.171406 33.781605 65.021258
116.258024 33.780333 65.047299
116.368494 33.778707 65.081020
116.503027 33.776724 65.122750
116.659618 33.774411 65.172146
116.833946 33.771832 65.228094
117.019663 33.769078 65.288750
117.209055 33.766264 65.351698
117.393964 33.763511 65.414225
117.566787 33.760931 65.473652
117.721379 33.758619 65.527671
117.853665 33.756636 65.574601
117.961879 33.755010 65.613539
118.046431 33.753737 65.644360
118.109460 33.752787 65.667608
118.154224 33.752111 65.684294
118.184466 33.751653 65.695673
118.203866 33.751359 65.703031
118.215666 33.751180 65.707537
118.222483 33.751077 65.710157
118.226292 33.751019 65.711628
118.228528 33.750985 65.712497
118.230278 33.750958 65.713184
118.232508 33.750924 65.714066
118.236297 33.750866 65.715575
118.243069 33.750762 65.718285
118.254768 33.750583 65.722995
118.273957 33.750290 65.730774
118.303795 33.749832 65.742964
118.347830 33.749156 65.761115
118.409625 33.748205 65.786838
118.492217 33.746932 65.821593
118.597498 33.745307 65.866418
118.725643 33.743324 65.921663
118.874710 33.741011 65.986775
119.040560 33.738432 66.060206
119.217134 33.735678 66.139471
119.397088 33.732864 66.221381
119.572668 33.730110 66.302404
119.736667 33.727531 66.379104
119.883276 33.725219 66.448559
120.008655 33.723236 66.508689
120.111162 33.721610 66.558415
120.191212 33.720337 66.597660
120.250856 33.719387 66.627184
120.293198 33.718710 66.648324
120.321793 33.718253 66.662710
120.340129 33.717959 66.671996
120.351279 33.717780 66.677676
120.357719 33.717676 66.680972
120.361316 33.717618 66.682821
120.363427 33.717584 66.683913
120.365079 33.717558 66.684773
120.367183 33.717524 66.685876
120.370757 33.717466 66.687760
120.377143 33.717362 66.691142
120.388172 33.717183 66.697011
120.406257 33.716889 66.706690
120.434366 33.716432 66.721832
120.475835 33.715755 66.744338
120.534001 33.714805 66.776169
120.611704 33.713532 66.819082
120.710698 33.711906 66.874298
120.831117 33.709923 66.942180
120.971107 33.707611 67.021980
121.126754 33.705032 67.111737
121.292351 33.702278 67.208368
121.460998 33.699464 67.307958
121.625428 33.696710 67.406215
121.778907 33.694131 67.498996
121.916015 33.691818 67.582815
122.033192 33.689835 67.655216
122.128934 33.688210 67.714967
122.203657 33.686937 67.762034
122.259302 33.685986 67.797381
122.298787 33.685310 67.822653
122.325439 33.684852 67.839827
122.342524 33.684559 67.850900
122.352909 33.684380 67.857666
122.358906 33.684276 67.861590
122.362255 33.684218 67.863789
122.364220 33.684184 67.865086
122.365756 33.684157 67.866107
122.367712 33.684123 67.867414
122.371035 33.684065 67.869646
122.376969 33.683962 67.873647
122.387215 33.683783 67.880587
122.404011 33.683489 67.892020
122.430106 33.683031 67.909889
122.468585 33.682355 67.936413
122.522530 33.681405 67.973877
122.594553 33.680132 68.024308
122.686252 33.678506 68.089095
122.797722 33.676523 68.168608
122.927215 33.674211 68.261915
123.071082 33.671631 68.366675
123.224025 33.668878 68.479249
123.379661 33.666064 68.595059
123.531284 33.663310 68.709112
123.672694 33.660731 68.816620
123.798923 33.658418 68.913581
123.906721 33.656435 68.997201
123.994736 33.654809 69.066110
124.063384 33.653537 69.120318
124.114473 33.652586 69.160978
124.150704 33.651910 69.190018
124.175149 33.651452 69.209733
124.190811 33.651158 69.222434
124.200329 33.650979 69.230189
124.205822 33.650876 69.234683
124.208889 33.650818 69.237201
124.210688 33.650784 69.238685
124.212094 33.650757 69.239852
124.213883 33.650723 69.241345
124.216921 33.650665 69.243892
124.222345 33.650562 69.248457
124.231706 33.650383 69.256368
124.247046 33.650089 69.269393
124.270868 33.649631 69.289733
124.305976 33.648955 69.319899
124.355167 33.648004 69.362464
124.420797 33.646732 69.419700
124.504298 33.645106 69.493141
124.605721 33.643123 69.583162
124.723443 33.640810 69.688663
124.854117 33.638231 69.806952
124.992908 33.635477 69.933891
125.134009 33.632663 70.064298
125.271343 33.629910 70.192553
125.399305 33.627330 70.313289
125.513426 33.625018 70.422042
125.610797 33.623035 70.515720
125.690232 33.621409 70.592831
125.752138 33.620136 70.653429
125.798177 33.619186 70.698840
125.830805 33.618510 70.731245
125.852806 33.618052 70.753229
125.866895 33.617758 70.767383
125.875453 33.617579 70.776020
125.880390 33.617475 70.781023
125.883146 33.617418 70.783825
125.884761 33.617384 70.785475
125.886024 33.617357 70.786772
125.887628 33.617323 70.788431
125.890352 33.617265 70.791258
125.895214 33.617161 70.796323
125.903601 33.616982 70.805097
125.917338 33.616688 70.819536
125.938659 33.616231 70.842070
125.970061 33.615555 70.875466
126.014028 33.614604 70.922552
126.072643 33.613331 70.985812
126.147151 33.611706 71.066908
126.237564 33.609723 71.166215
126.342402 33.607410 71.282478
126.458649 33.604831 71.412694
126.581978 33.602077 71.552281
126.707217 33.599263 71.695526
126.828972 33.596509 71.836254
126.942289 33.593930 71.968594
127.043234 33.591618 72.087678
127.129270 33.589634 72.190157
127.199385 33.588009 72.274437
127.253975 33.586736 72.340614
127.294536 33.585786 72.390168
127.323259 33.585109 72.425506
127.342612 33.584652 72.449466
127.354998 33.584358 72.464884
127.362517 33.584179 72.474288
127.366853 33.584075 72.479734
127.369271 33.584017 72.482782
127.370689 33.583983 72.484577
127.371795 33.583957 72.485987
127.373201 33.583923 72.487788
127.375586 33.583865 72.490859
127.379841 33.583761 72.496357
127.387177 33.583582 72.505878
127.399186 33.583288 72.521540
127.417811 33.582831 72.545969
127.445222 33.582154 72.582153
127.483566 33.581204 72.633137
127.534631 33.579931 72.701587
127.599472 33.578305 72.789270
127.678059 33.576322 72.896555
127.769066 33.574010 73.022051
127.869840 33.571430 73.162485
127.976602 33.568677 73.312889
128.084860 33.565863 73.467095
128.189950 33.563109 73.618457
128.287614 33.560530 73.760671
128.374489 33.558217 73.888533
128.448429 33.556234 73.998478
128.508606 33.554609 74.088830
128.555399 33.553336 74.159726
128.590127 33.552385 74.212780
128.614693 33.551709 74.250593
128.631229 33.551251 74.276218
128.641804 33.550957 74.292700
128.648218 33.550778 74.302749
128.651915 33.550675 74.308567
128.653976 33.550617 74.311823
128.655183 33.550583 74.313739
128.656124 33.550556 74.315243
128.657319 33.550522 74.317165
128.659344 33.550464 74.320438
128.662955 33.550361 74.326299
128.669178 33.550182 74.336445
128.679355 33.549888 74.353126
128.695125 33.549430 74.379136
128.718309 33.548754 74.417643
128.750702 33.547804 74.471870
128.793783 33.546531 74.544631
128.848405 33.544905 74.637774
128.914501 33.542922 74.751662
128.990910 33.540610 74.884784
129.075364 33.538030 75.033640
129.164665 33.535277 75.192941
129.255038 33.532462 75.356141
129.342591 33.529709 75.516207
129.423794 33.527129 75.666486
129.495883 33.524817 75.801499
129.557121 33.522834 75.917514
129.606868 33.521208 76.012792
129.645483 33.519936 76.087508
129.674096 33.518985 76.143390
129.694306 33.518309 76.183199
129.707892 33.517851 76.210164
129.716570 33.517557 76.227503
129.721829 33.517378 76.238070
129.724857 33.517275 76.244186
129.726543 33.517217 76.247608
129.727530 33.517183 76.249621
129.728299 33.517156 76.251201
129.729273 33.517122 76.253218
129.730923 33.517064 76.256654
129.733862 33.516961 76.262803
129.738921 33.516782 76.273445
129.747186 33.516488 76.290938
129.759978 33.516030 76.318201
129.778754 33.515354 76.358547
129.804942 33.514403 76.415337
129.839706 33.513131 76.491495
129.883687 33.511505 76.588933
129.936783 33.509522 76.707997
129.998009 33.507209 76.847081
130.065500 33.504630 77.002499
130.136665 33.501876 77.168707
130.208475 33.499062 77.338867
130.277837 33.496309 77.505644
130.341976 33.493729 77.662118
130.398749 33.491417 77.802606
130.446835 33.489434 77.923249
130.485790 33.487808 78.022271
130.515949 33.486535 78.099881
130.538241 33.485585 78.157900
130.553950 33.484908 78.199212
130.564490 33.484451 78.227185
130.571210 33.484157 78.245165
130.575275 33.483978 78.256120
130.577613 33.483874 78.262459
130.578913 33.483816 78.266005
130.579673 33.483782 78.268090
130.580264 33.483756 78.269726
130.581011 33.483722 78.271814
130.582274 33.483664 78.275370
130.584520 33.483560 78.281732
130.588381 33.483381 78.292740
130.594679 33.483087 78.310828
130.604404 33.482630 78.339010
130.618645 33.481954 78.380698
130.638453 33.481003 78.439353
130.664666 33.479730 78.517975
130.697716 33.478105 78.618511
130.737463 33.476122 78.741294
130.783109 33.473809 78.884637
130.833203 33.471230 79.044716
130.885779 33.468476 79.215803
130.938574 33.465662 79.390845
130.989315 33.462908 79.562300
131.035998 33.460329 79.723064
131.077109 33.458016 79.867316
131.111758 33.456033 79.991123
131.139691 33.454408 80.092686
131.161217 33.453135 80.172248
131.177058 33.452184 80.231699
131.188178 33.451508 80.274014
131.195611 33.451051 80.302656
131.200335 33.450757 80.321060
131.203184 33.450578 80.332270
131.204819 33.450474 80.338755
131.205726 33.450416 80.342382
131.206255 33.450382 80.344515
131.206664 33.450356 80.346187
131.207180 33.450321 80.348321
131.208049 33.450264 80.351953
131.209591 33.450160 80.358452
131.212235 33.449981 80.369692
131.216531 33.449687 80.388158
131.223140 33.449230 80.416918
131.232774 33.448553 80.459448
131.246104 33.447603 80.519262
131.263638 33.446330 80.599402
131.285596 33.444704 80.701830
131.311808 33.442721 80.826857
131.341663 33.440409 80.972741
131.374137 33.437829 81.135563
131.407895 33.435076 81.309480
131.441453 33.432262 81.487312
131.473366 33.429508 81.661396
131.502409 33.426929 81.824530
131.527704 33.424616 81.970828
131.548787 33.422633 82.096322
131.565600 33.421007 82.199218
131.578420 33.419735 82.279786
131.587761 33.418784 82.339963
131.594255 33.418108 82.382778
131.598559 33.417650 82.411749
131.601273 33.417356 82.430358
131.602899 33.417177 82.441691
131.603826 33.417074 82.448245
131.604338 33.417016 82.451910
131.604634 33.416982 82.454064
131.604861 33.416955 82.455753
131.605144 33.416921 82.457908
131.605618 33.416863 82.461574
131.606452 33.416760 82.468132
131.607872 33.416581 82.479472
131.610159 33.416287 82.498097
131.613639 33.415829 82.527097
131.618648 33.415153 82.569966
131.625477 33.414202 82.630234
131.634307 33.412930 82.710947
131.645147 33.411304 82.814059
131.657796 33.409321 82.939860
131.671838 33.407009 83.086568
131.686676 33.404429 83.250221
131.701610 33.401676 83.424927
131.715936 33.398861 83.603464
131.729037 33.396108 83.778139
131.740464 33.393528 83.941735
131.749973 33.391216 84.088367
131.757525 33.389233 84.214083
131.763251 33.387607 84.317110
131.767395 33.386334 84.397745
131.770259 33.385384 84.457946
131.772148 33.384708 84.500763
131.773337 33.384250 84.529725
131.774051 33.383956 84.548323
131.774459 33.383777 84.559646
131.774683 33.383674 84.566194
131.774801 33.383616 84.569854
131.774865 33.383582 84.572005
131.774911 33.383555 84.573691
131.774963 33.383521 84.575841
131.775044 33.383463 84.579499
131.775175 33.383360 84.586039
131.775380 33.383181 84.597348
131.775672 33.382887 84.615917
131.776047 33.382429 84.644820
131.776468 33.381753 84.687532
131.776851 33.380802 84.747556
131.777052 33.379529 84.827910
131.776876 33.377904 84.930517
131.776094 33.375921 85.055639
131.774483 33.373608 85.201481
131.771874 33.371029 85.364080
131.768198 33.368275 85.537564
131.763519 33.365461 85.714753
131.758041 33.362708 85.888012
131.752081 33.360128 86.050192
131.746018 33.357816 86.195478
131.740229 33.355833 86.319976
131.735028 33.354207 86.421955
131.730626 33.352934 86.501734
131.727113 33.351984 86.561273
131.724469 33.351307 86.603602
131.722593 33.350850 86.632225
131.721340 33.350556 86.650600
131.720551 33.350377 86.661785
131.720082 33.350273 86.668251
131.719813 33.350215 86.671865
131.719651 33.350181 86.673988
131.719518 33.350155 86.675652
131.719343 33.350121 86.677773
131.719038 33.350063 86.681380
131.718480 33.349959 86.687830
131.717491 33.349780 86.698978
131.715826 33.349486 86.717279
131.713155 33.349029 86.745758
131.709078 33.348352 86.787828
131.703142 33.347402 86.846929
131.694889 33.346129 86.926013
131.683925 33.344504 87.026952
131.669996 33.342520 87.149981
131.653073 33.340208 87.293308
131.633405 33.337629 87.453017
131.611543 33.334875 87.623322
131.588304 33.332061 87.797167
131.564692 33.329307 87.967060
131.541771 33.326728 88.126002
131.520525 33.324415 88.268309
131.501735 33.322432 88.390191
131.485893 33.320807 88.489980
131.473171 33.319534 88.568009
131.463453 33.318583 88.626218
131.456400 33.317907 88.667586
131.451544 33.317450 88.695549
131.448378 33.317156 88.713496
131.446425 33.316977 88.724418
131.445284 33.316873 88.730730
131.444639 33.316815 88.734257
131.444256 33.316781 88.736329
131.443951 33.316754 88.737952
131.443556 33.316720 88.740020
131.442876 33.316663 88.743537
131.441648 33.316559 88.749824
131.439504 33.316380 88.760688
131.435940 33.316086 88.778518
131.430317 33.315628 88.806256
131.421882 33.314952 88.847217
131.409825 33.314002 88.904737
131.393388 33.312729 88.981674
131.371984 33.311103 89.079826
131.345341 33.309120 89.199399
131.313617 33.306808 89.338625
131.277469 33.304228 89.493678
131.238047 33.301475 89.658925
131.196899 33.298661 89.827508
131.155800 33.295907 89.992163
131.116533 33.293328 90.146115
131.080664 33.291015 90.283879
131.049359 33.289032 90.401806
131.023277 33.287406 90.498308
131.002554 33.286134 90.573733
130.986871 33.285183 90.629973
130.975581 33.284507 90.669927
130.967863 33.284049 90.696926
130.962861 33.283755 90.714248
130.959791 33.283576 90.724786
130.958004 33.283473 90.730876
130.956999 33.283415 90.734278
130.956404 33.283381 90.736276
130.955934 33.283354 90.737840
130.955327 33.283320 90.739834
130.954288 33.283262 90.743222
130.952419 33.283159 90.749277
130.949167 33.282980 90.759739
130.943786 33.282686 90.776904
130.935337 33.282228 90.803599
130.922730 33.281552 90.843006
130.904819 33.280601 90.898321
130.880557 33.279329 90.972275
130.849177 33.277703 91.066576
130.810390 33.275720 91.181397
130.764538 33.273407 91.315015
130.712669 33.270828 91.463737
130.656508 33.268074 91.622140
130.598297 33.265260 91.783643
130.540549 33.262507 91.941286
130.485728 33.259927 92.088593
130.435952 33.257615 92.220333
130.392753 33.255632 92.333040
130.356947 33.254006 92.425220
130.328628 33.252733 92.497231
130.307285 33.251783 92.550902
130.291977 33.251107 92.589015
130.281545 33.250649 92.614759
130.274803 33.250355 92.631272
130.270675 33.250176 92.641315
130.268277 33.250073 92.647117
130.266930 33.250015 92.650357
130.266135 33.249981 92.652260
130.265507 33.249954 92.653749
130.264701 33.249920 92.655646
130.263323 33.249862 92.658869
130.260847 33.249758 92.664629
130.256548 33.249579 92.674577
130.249449 33.249286 92.690895
130.238330 33.248828 92.716263
130.221784 33.248152 92.753697
130.198348 33.247201 92.806221
130.166704 33.245928 92.876409
130.125918 33.244303 92.965861
130.075689 33.242320 93.074716
130.016532 33.240007 93.201317
129.949869 33.237428 93.342138
129.877966 33.234674 93.492030
129.803722 33.231860 93.644754
129.730337 33.229106 93.793729
129.660920 33.226527 93.932845
129.598104 33.224215 94.057180
129.543759 33.222232 94.163487
129.498843 33.220606 94.250382
129.463416 33.219333 94.318227
129.436778 33.218383 94.368769
129.417712 33.217706 94.404643
129.404743 33.217249 94.428865
129.396375 33.216955 94.444397
129.391258 33.216776 94.453839
129.388289 33.216672 94.459293
129.386624 33.216614 94.462339
129.385642 33.216580 94.464126
129.384868 33.216554 94.465525
129.383875 33.216520 94.467306
129.382181 33.216462 94.470331
129.379140 33.216358 94.475735
129.373865 33.216179 94.485067
129.365166 33.215885 94.500368
129.351563 33.215428 94.524147
129.331351 33.214751 94.559222
129.302776 33.213801 94.608412
129.264270 33.212528 94.674111
129.214747 33.210902 94.757793
129.153895 33.208919 94.859564
129.082396 33.206607 94.977846
129.002020 33.204028 95.109323
128.915535 33.201274 95.249168
128.826451 33.198460 95.391551
128.738607 33.195706 95.530337
128.655703 33.193127 95.659844
128.580845 33.190814 95.775509
128.516215 33.188831 95.874334
128.462902 33.187206 95.955063
128.420923 33.185933 96.018055
128.389409 33.184982 96.064954
128.366885 33.184306 96.098226
128.351583 33.183848 96.120682
128.341719 33.183555 96.135075
128.335694 33.183376 96.143823
128.332201 33.183272 96.148874
128.330243 33.183214 96.151693
128.329088 33.183180 96.153348
128.328180 33.183153 96.154642
128.327017 33.183119 96.156288
128.325032 33.183061 96.159085
128.321474 33.182958 96.164079
128.315304 33.182779 96.172701
128.305140 33.182485 96.186832
128.289261 33.182027 96.208785
128.265695 33.181351 96.241149
128.232419 33.180401 96.286514
128.187641 33.179128 96.347067
128.130137 33.177502 96.424145
128.059589 33.175519 96.517816
127.976835 33.173207 96.626604
127.883963 33.170627 96.747432
127.784205 33.167874 96.875844
127.681623 33.165059 97.006478
127.580641 33.162306 97.133704
127.485492 33.159727 97.252325
127.399713 33.157414 97.358180
127.325763 33.155431 97.448554
127.264845 33.153805 97.522323
127.216938 33.152533 97.579845
127.181016 33.151582 97.622644
127.155367 33.150906 97.652990
127.137958 33.150448 97.673460
127.126745 33.150154 97.686574
127.119900 33.149975 97.694541
127.115933 33.149872 97.699140
127.113711 33.149814 97.701706
127.112402 33.149780 97.703211
127.111373 33.149753 97.704388
127.110056 33.149719 97.705885
127.107810 33.149661 97.708426
127.103786 33.149558 97.712962
127.096812 33.149379 97.720789
127.085332 33.149085 97.733615
127.067408 33.148627 97.753528
127.040831 33.147951 97.782870
127.003339 33.147000 97.823972
126.952939 33.145728 97.878797
126.888288 33.144102 97.948530
126.809066 33.142119 98.033205
126.716253 33.139806 98.131457
126.612224 33.137227 98.240482
126.500626 33.134473 98.356238
126.386020 33.131659 98.473880
126.273346 33.128906 98.588340
126.167312 33.126326 98.694952
126.071835 33.124014 98.789999
125.989618 33.122031 98.871069
125.921962 33.120405 98.937184
125.868808 33.119132 98.988695
125.828986 33.118182 99.026993
125.800576 33.117506 99.054128
125.781306 33.117048 99.072421
125.768901 33.116754 99.084133
125.761333 33.116575 99.091246
125.756949 33.116471 99.095350
125.754495 33.116414 99.097639
125.753049 33.116380 99.098981
125.751914 33.116353 99.100030
125.750461 33.116319 99.101363
125.747986 33.116261 99.103624
125.743552 33.116157 99.107660
125.735872 33.115978 99.114622
125.723236 33.115684 99.126022
125.703519 33.115227 99.143713
125.674303 33.114551 99.169762
125.633118 33.113600 99.206224
125.577799 33.112327 99.254817
125.506901 33.110702 99.316567
125.420106 33.108719 99.391472
125.318521 33.106406 99.478293
125.204776 33.103827 99.574523
125.082884 33.101073 99.676574
124.957835 33.098259 99.780160
124.835021 33.095505 99.880821
124.719563 33.092926 99.974466
124.615699 33.090614 100.057852
124.526343 33.088630 100.128893
124.452874 33.087005 100.186765
124.395201 33.085732 100.231807
124.352023 33.084781 100.265263
124.321239 33.084105 100.288947
124.300370 33.083648 100.304901
124.286944 33.083354 100.315109
124.278756 33.083175 100.321304
124.274014 33.083071 100.324876
124.271360 33.083013 100.326869
124.269798 33.082979 100.328036
124.268572 33.082953 100.328947
124.267004 33.082919 100.330104
124.264332 33.082861 100.332067
124.259549 33.082757 100.335567
124.251267 33.082578 100.341602
124.237645 33.082284 100.351478
124.216402 33.081827 100.366792
124.184940 33.081150 100.389323
124.140619 33.080200 100.420829
124.081126 33.078927 100.462771
124.004936 33.077301 100.516006
123.911734 33.075318 100.580498
123.802740 33.073006 100.655145
123.680805 33.070426 100.737760
123.550248 33.067673 100.825239
123.416429 33.064859 100.913894
123.285114 33.062105 100.999907
123.161768 33.059526 101.079798
123.050900 33.057213 101.150825
122.955592 33.055230 101.211245
122.877287 33.053605 101.260394
122.815857 33.052332 101.298594
122.769896 33.051381 101.326933
122.737145 33.050705 101.346970
122.714954 33.050247 101.360454
122.700683 33.049953 101.369074
122.691982 33.049774 101.374301
122.686946 33.049671 101.377313
122.684128 33.049613 101.378992
122.682470 33.049579 101.379975
122.681168 33.049552 101.380741
122.679505 33.049518 101.381713
122.676673 33.049460 101.383361
122.671603 33.049357 101.386298
122.662828 33.049178 101.391358
122.648400 33.048884 101.399631
122.625908 33.048426 101.412445
122.592615 33.047750 101.431277
122.545736 33.046800 101.457576
122.482849 33.045527 101.492536
122.402361 33.043901 101.536835
122.303970 33.041918 101.590406
122.188989 33.039606 101.652296
122.060450 33.037026 101.720654
121.922927 33.034273 101.792882
121.782074 33.031458 101.865923
121.643962 33.028705 101.936631
121.514327 33.026125 102.002160
121.397890 33.023813 102.060291
121.297861 33.021830 102.109636
121.215730 33.020204 102.149693
121.151337 33.018931 102.180767
121.103184 33.017981 102.203777
121.068888 33.017305 102.220021
121.045660 33.016847 102.230936
121.030727 33.016553 102.237904
121.021626 33.016374 102.242125
121.016360 33.016271 102.244555
121.013414 33.016213 102.245908
121.011681 33.016179 102.246699
121.010321 33.016152 102.247315
121.008584 33.016118 102.248096
121.005627 33.016060 102.249417
121.000336 33.015957 102.251769
120.991179 33.015778 102.255818
120.976130 33.015484 102.262428
120.952677 33.015026 102.272653
120.917976 33.014350 102.287654
120.869139 33.013399 102.308562
120.803658 33.012127 102.336295
120.719898 33.010501 102.371352
120.617569 33.008518 102.413636
120.498061 33.006205 102.462347
120.364550 33.003626 102.515985
120.221804 33.000872 102.572480
120.075700 32.998058 102.629423
119.932537 32.995305 102.684361
119.798250 32.992725 102.735102
119.677711 32.990413 102.779963
119.574222 32.988430 102.817917
119.489299 32.986804 102.848630
119.422752 32.985531 102.872383
119.373013 32.984581 102.889923
119.337602 32.983904 102.902273
119.313628 32.983447 102.910551
119.298221 32.983153 102.915826
119.288834 32.982974 102.919015
119.283404 32.982870 102.920848
119.280366 32.982812 102.921867
119.278580 32.982778 102.922462
119.277179 32.982752 102.922925
119.275390 32.982718 102.923508
119.272346 32.982660 102.924495
119.266899 32.982556 102.926249
119.257475 32.982377 102.929263
119.241992 32.982083 102.934173
119.217871 32.981626 102.941751
119.182195 32.980950 102.952835
119.132007 32.979999 102.968236
119.064747 32.978726 102.988589
118.978755 32.977101 103.014214
118.873758 32.975117 103.044983
118.751205 32.972805 103.080257
118.614376 32.970226 103.118897
118.468172 32.967472 103.159372
118.318625 32.964658 103.199932
118.172177 32.961904 103.238831
118.034894 32.959325 103.274542
117.911739 32.957012 103.305922
117.806063 32.955029 103.332313
117.719391 32.953404 103.353543
117.651508 32.952131 103.369871
117.600793 32.951180 103.381865
117.564701 32.950504 103.390269
117.540276 32.950047 103.395878
117.524583 32.949753 103.399437
117.515025 32.949574 103.401582
117.509496 32.949470 103.402811
117.506405 32.949412 103.403492
117.504587 32.949378 103.403889
117.503162 32.949351 103.404195
117.501343 32.949317 103.404580
117.498248 32.949260 103.405229
117.492712 32.949156 103.406379
117.483137 32.948977 103.408347
117.467408 32.948683 103.411540
117.442912 32.948226 103.416444
117.406695 32.947549 103.423576
117.355767 32.946599 103.433419
117.287545 32.945326 103.446330
117.200366 32.943700 103.462447
117.093974 32.941717 103.481615
116.969862 32.939405 103.503359
116.831371 32.936825 103.526906
116.683478 32.934072 103.551268
116.532292 32.931258 103.575360
116.384327 32.928504 103.598147
116.245702 32.925925 103.618766
116.121413 32.923612 103.636620
116.014822 32.921629 103.651413
115.927443 32.920003 103.663139
115.859038 32.918731 103.672028
115.807955 32.917780 103.678467
115.771616 32.917104 103.682921
115.747031 32.916646 103.685857
115.731240 32.916352 103.687701
115.721625 32.916173 103.688800
115.716065 32.916070 103.689425
115.712956 32.916012 103.689769
115.711129 32.915978 103.689967
115.709697 32.915951 103.690118
115.707870 32.915917 103.690305
115.704761 32.915859 103.690616
115.699202 32.915756 103.691162
115.689588 32.915577 103.692086
115.673801 32.915283 103.693566
115.649223 32.914825 103.695802
115.612896 32.914149 103.698993
115.561833 32.913198 103.703296
115.493460 32.911926 103.708791
115.406129 32.910300 103.715438
115.299604 32.908317 103.723057
115.175403 32.906005 103.731340
115.036888 32.903425 103.739879
114.889054 32.900672 103.748226
114.738014 32.897857 103.755962
114.590278 32.895104 103.762755
114.451945 32.892524 103.768402
114.327984 32.890212 103.772843
114.221730 32.888229 103.776142
114.134671 32.886603 103.778453
114.066547 32.885330 103.779977
114.015695 32.884380 103.780919
113.979534 32.883704 103.781465
113.955077 32.883246 103.781759
113.939374 32.882952 103.781906
113.929815 32.882773 103.781973
113.924288 32.882670 103.782001
113.921198 32.882612 103.782010
113.919383 32.882578 103.782012
113.917960 32.882551 103.782010
113.916146 32.882517 103.782001
113.913060 32.882459 103.781979
113.907542 32.882355 103.781930
113.898003 32.882176 103.781824
113.882342 32.881883 103.781615
113.857967 32.881425 103.781221
113.821953 32.880749 103.780527
113.771348 32.879798 103.779373
113.703618 32.878525 103.777565
113.617147 32.876900 103.774891
113.511724 32.874917 103.771149
113.388872 32.872604 103.766196
113.251936 32.870025 103.759986
113.105869 32.867271 103.752606
112.956719 32.864457 103.744287
112.810914 32.861703 103.735390
112.674465 32.859124 103.726359
112.552260 32.856812 103.717658
112.447564 32.854829 103.709701
112.361824 32.853203 103.702796
112.294762 32.851930 103.697113
112.244723 32.850980 103.692680
112.209154 32.850303 103.689405
112.185106 32.849846 103.687116
112.169670 32.849552 103.685606
112.160275 32.849373 103.684664
112.154844 32.849269 103.684109
112.151809 32.849211 103.683793
112.150026 32.849177 103.683604
112.148630 32.849151 103.683451
112.146849 32.849117 103.683251
112.143821 32.849059 103.682905
112.138408 32.848955 103.682275
112.129051 32.848776 103.681166
112.113694 32.848482 103.679310
112.089800 32.848025 103.676354
112.054507 32.847348 103.671877
112.004936 32.846398 103.665411
111.938617 32.845125 103.656498
111.853987 32.843499 103.644758
111.750859 32.841516 103.629973
111.630745 32.839204 103.612162
111.496936 32.836625 103.591631
111.354284 32.833871 103.568990
111.208705 32.831057 103.545101
111.066472 32.828303 103.520997
110.933442 32.825724 103.497748
110.814364 32.823411 103.476324
110.712401 32.821428 103.457476
110.628940 32.819803 103.441659
110.563691 32.818530 103.429010
110.515026 32.817579 103.419383
110.480447 32.816903 103.412419
110.457076 32.816446 103.407637
110.442078 32.816152 103.404526
110.432953 32.815973 103.402612
110.427679 32.815869 103.401494
110.424733 32.815811 103.400864
110.423002 32.815777 103.400490
110.421646 32.815750 103.400193
110.419919 32.815716 103.399809
110.416983 32.815658 103.399150
110.411734 32.815555 103.397961
110.402665 32.815376 103.395886
110.387782 32.815082 103.392445
110.364633 32.814624 103.387024
110.330453 32.813948 103.378908
110.282465 32.812998 103.367335
110.218291 32.811725 103.351593
110.136437 32.810099 103.331145
110.036744 32.808116 103.305758
109.920693 32.805804 103.275609
109.791484 32.803224 103.241347
109.653817 32.800471 103.204080
109.513409 32.797657 103.165280
109.376309 32.794903 103.126621
109.248156 32.792324 103.089772
109.133508 32.790011 103.056185
109.035394 32.788028 103.026932
108.955124 32.786402 103.002605
108.892400 32.785130 102.983309
108.845639 32.784179 102.968727
108.812426 32.783503 102.958244
108.789986 32.783045 102.951086
108.775591 32.782751 102.946452
108.766834 32.782572 102.943610
108.761775 32.782469 102.941957
108.758948 32.782411 102.941028
108.757289 32.782377 102.940478
108.755990 32.782350 102.940044
108.754334 32.782316 102.939485
108.751521 32.782258 102.938528
108.746494 32.782155 102.936807
108.737809 32.781976 102.933814
108.723562 32.781682 102.928867
108.701409 32.781224 102.921105
108.668711 32.780548 102.909534
108.622823 32.779597 102.893113
108.561485 32.778325 102.870894
108.483289 32.776699 102.842191
108.388102 32.774716 102.806759
108.277360 32.772403 102.764927
108.154136 32.769824 102.717671
108.022928 32.767070 102.666573
107.889192 32.764256 102.613681
107.758690 32.761503 102.561278
107.636779 32.758923 102.511594
107.527783 32.756611 102.466536
107.434560 32.754628 102.427476
107.358333 32.753002 102.395133
107.298800 32.751729 102.369579
107.254439 32.750779 102.350335
107.222943 32.750103 102.336543
107.201672 32.749645 102.327151
107.188031 32.749351 102.321084
107.179735 32.749172 102.317371
107.174944 32.749068 102.315215
107.172268 32.749011 102.314005
107.170697 32.748977 102.313291
107.169467 32.748950 102.312728
107.167902 32.748916 102.312004
107.165241 32.748858 102.310768
107.160488 32.748754 102.308549
107.152280 32.748575 102.304696
107.138818 32.748281 102.298338
107.117892 32.747824 102.288383
107.087019 32.747148 102.273578
107.043711 32.746197 102.252622
106.985851 32.744924 102.224345
106.912129 32.743299 102.187927
106.822441 32.741316 102.143113
106.718163 32.739003 102.090377
106.602206 32.736424 102.031001
106.478819 32.733670 101.967013
106.353141 32.730856 101.900998
106.230587 32.728102 101.835803
106.116179 32.725523 101.774184
106.013960 32.723211 101.718468
105.926587 32.721227 101.670301
105.855189 32.719602 101.630520
105.799458 32.718329 101.599162
105.757951 32.717379 101.575597
105.728496 32.716702 101.558740
105.708611 32.716245 101.547279
105.695864 32.715951 101.539886
105.688114 32.715772 101.535368
105.683639 32.715668 101.532747
105.681140 32.715610 101.531277
105.679674 32.715576 101.530410
105.678527 32.715550 101.529728
105.677067 32.715516 101.528853
105.674586 32.715458 101.527359
105.670156 32.715354 101.524680
105.662507 32.715175 101.520033
105.649967 32.714881 101.512373
105.630481 32.714424 101.500398
105.601746 32.713747 101.482613
105.561457 32.712797 101.457479
105.507660 32.711524 101.423627
105.439156 32.709898 101.380113
105.355871 32.707915 101.326676
105.259104 32.705603 101.263926
105.151579 32.703024 101.193428
105.037250 32.700270 101.117621
104.920888 32.697456 101.039584
104.807506 32.694702 100.962682
104.701742 32.692123 100.890149
104.607315 32.689810 100.824693
104.526662 32.687827 100.768212
104.460799 32.686202 100.721645
104.409422 32.684929 100.684996
104.371180 32.683978 100.657495
104.344056 32.683302 100.637847
104.325754 32.682844 100.624504
104.314026 32.682550 100.615905
104.306899 32.682371 100.610654
104.302785 32.682268 100.607610
104.300488 32.682210 100.605904
104.299140 32.682176 100.604899
104.298087 32.682149 100.604108
104.296747 32.682115 100.603096
104.294470 32.682057 100.601369
104.290406 32.681954 100.598273
104.283391 32.681775 100.592906
104.271895 32.681481 100.584067
104.254040 32.681023 100.570261
104.227722 32.680347 100.549780
104.190843 32.679397 100.520869
104.141632 32.678124 100.481979
104.079010 32.676498 100.432058
104.002933 32.674515 100.370840
103.914613 32.672203 100.299065
103.816555 32.669623 100.218552
103.712383 32.666870 100.132113
103.606453 32.664055 100.043273
103.503328 32.661302 99.955861
103.407217 32.658722 99.873538
103.321483 32.656410 99.799357
103.248316 32.654427 99.735435
103.188614 32.652801 99.682800
103.142077 32.651529 99.641423
103.107461 32.650578 99.610408
103.082925 32.649902 99.588270
103.066377 32.649444 99.573248
103.055779 32.649150 99.563575
103.049341 32.648971 99.557672
103.045626 32.648868 99.554251
103.043553 32.648810 99.552335
103.042337 32.648776 99.551207
103.041387 32.648749 99.550320
103.040179 32.648715 99.549186
103.038128 32.648657 99.547251
103.034468 32.648554 99.543785
103.028152 32.648375 99.537780
103.017807 32.648081 99.527896
103.001748 32.647623 99.512468
102.978092 32.646947 99.489598
102.944965 32.645996 99.457345
102.900794 32.644724 99.414002
102.844632 32.643098 99.358422
102.776464 32.641115 99.290341
102.697400 32.638802 99.210611
102.609707 32.636223 99.121283
102.516644 32.633469 99.025498
102.422110 32.630655 98.927171
102.330178 32.627902 98.830542
102.244590 32.625322 98.739647
102.168322 32.623010 98.657834
102.103299 32.621027 98.587410
102.050293 32.619401 98.529480
102.009013 32.618128 98.483982
101.978333 32.617178 98.449907
101.956602 32.616501 98.425603
101.941957 32.616044 98.409122
101.932583 32.615750 98.398515
101.926891 32.615571 98.392045
101.923608 32.615467 98.388298
101.921777 32.615410 98.386200
101.920703 32.615375 98.384965
101.919865 32.615349 98.383995
101.918800 32.615315 98.382754
101.916993 32.615257 98.380640
101.913768 32.615153 98.376854
101.908208 32.614974 98.370298
101.899104 32.614680 98.359511
101.884982 32.614223 98.342684
101.864194 32.613547 98.317756
101.835108 32.612596 98.282626
101.796360 32.611323 98.235452
101.747144 32.609698 98.175011
101.687472 32.607715 98.101042
101.618345 32.605402 98.014498
101.541769 32.602823 97.917632
101.460608 32.600069 97.813864
101.378274 32.597255 97.707451
101.298314 32.594501 97.602978
101.223971 32.591922 97.504799
101.157811 32.589610 97.416511
101.101477 32.587626 97.340581
101.055609 32.586001 97.278171
101.019929 32.584728 97.229194
100.993439 32.583777 97.192537
100.974694 32.583101 97.166408
100.962072 32.582644 97.148700
100.953998 32.582350 97.137308
100.949100 32.582171 97.130362
100.946276 32.582067 97.126341
100.944701 32.582009 97.124090
100.943779 32.581975 97.122766
100.943060 32.581949 97.121726
100.942146 32.581915 97.120397
100.940597 32.581857 97.118133
100.937835 32.581753 97.114080
100.933074 32.581574 97.107063
100.925286 32.581280 97.095525
100.913214 32.580823 97.077533
100.895461 32.580146 97.050893
100.870647 32.579196 97.013372
100.837632 32.577923 96.963021
100.795752 32.576297 96.898555
100.745049 32.574314 96.819721
100.686402 32.572002 96.727558
100.621542 32.569422 96.624486
100.552915 32.566669 96.514165
100.483419 32.563855 96.401126
100.416046 32.561101 96.290241
100.353517 32.558522 96.186121
100.297969 32.556209 96.092565
100.250750 32.554226 96.012164
100.212367 32.552600 95.946127
100.182555 32.551328 95.894336
100.160452 32.550377 95.855597
100.144832 32.549701 95.827998
100.134327 32.549243 95.809302
100.127614 32.548949 95.797280
100.123544 32.548770 95.789952
100.121200 32.548667 95.785711
100.119894 32.548609 95.783338
100.119130 32.548575 95.781942
100.118534 32.548548 95.780847
100.117779 32.548514 95.779447
100.116499 32.548456 95.777064
100.114219 32.548353 95.772798
100.110293 32.548174 95.765416
100.103875 32.547880 95.753281
100.093939 32.547422 95.734365
100.079347 32.546746 95.706372
100.058983 32.545795 95.666964
100.031931 32.544523 95.614112
99.997681 32.542897 95.546486
99.956298 32.540914 95.463841
99.908536 32.538602 95.367290
99.855835 32.536022 95.259389
99.800208 32.533269 95.143983
99.744016 32.530454 95.025822
99.689680 32.527701 94.909999
99.639378 32.525121 94.801320
99.594804 32.522809 94.703735
99.557008 32.520826 94.619928
99.526356 32.519200 94.551136
99.502601 32.517927 94.497215
99.485027 32.516977 94.456904
99.472630 32.516301 94.428198
99.464306 32.515843 94.408761
99.458995 32.515549 94.396267
99.455780 32.515370 94.388654
99.453930 32.515267 94.384249
99.452901 32.515209 94.381784
99.452299 32.515175 94.380335
99.451831 32.515148 94.379198
99.451238 32.515114 94.377747
99.450236 32.515056 94.375276
99.448451 32.514953 94.370853
99.445382 32.514774 94.363202
99.440374 32.514480 94.350628
99.432633 32.514022 94.331037
99.421286 32.513346 94.302055
99.405488 32.512395 94.261275
99.384555 32.511122 94.206610
99.358128 32.509497 94.136703
99.326296 32.507514 94.051322
99.289680 32.505201 93.951636
99.249424 32.502622 93.840304
99.207094 32.499868 93.721308
99.164502 32.497054 93.599553
99.123482 32.494301 93.480286
99.085662 32.491721 93.368449
99.052285 32.489409 93.268093
99.024095 32.487426 93.181957
99.001322 32.485800 93.111293
98.983738 32.484527 93.055934
98.970772 32.483577 93.014567
98.961656 32.482900 92.985123
98.955552 32.482443 92.965193
98.951667 32.482149 92.952386
98.949320 32.481970 92.944585
98.947973 32.481866 92.940073
98.947224 32.481808 92.937549
98.946787 32.481774 92.936065
98.946449 32.481748 92.934901
98.946021 32.481714 92.933416
98.945300 32.481656 92.930888
98.944018 32.481552 92.926365
98.941819 32.481373 92.918542
98.938239 32.481079 92.905690
98.932723 32.480622 92.885672
98.924666 32.479945 92.856069
98.913493 32.478995 92.814434
98.898756 32.477722 92.758649
98.880245 32.476097 92.687346
98.858074 32.474113 92.600308
98.832727 32.471801 92.498746
98.805043 32.469222 92.385388
98.776138 32.466468 92.264301
98.747269 32.463654 92.140483
98.719677 32.460900 92.019271
98.694438 32.458321 91.905679
98.672338 32.456008 91.803808
98.653819 32.454025 91.716421
98.638973 32.452400 91.644769
98.627593 32.451127 91.588664
98.619261 32.450176 91.546758
98.613440 32.449500 91.516943
98.609566 32.449043 91.496768
98.607113 32.448749 91.483808
98.605638 32.448570 91.475916
98.604795 32.448466 91.471352
98.604328 32.448408 91.468799
98.604057 32.448374 91.467299
98.603848 32.448347 91.466123
98.603586 32.448313 91.464623
98.603147 32.448256 91.462069
98.602369 32.448152 91.457502
98.601041 32.447973 91.449605
98.598892 32.447679 91.436633
98.595603 32.447221 91.416435
98.590839 32.446545 91.386578
98.584293 32.445595 91.344602
98.575751 32.444322 91.288385
98.565152 32.442696 91.216565
98.552631 32.440713 91.128941
98.538535 32.438401 91.026753
98.523396 32.435821 90.912760
98.507879 32.433068 90.791067
98.492685 32.430254 90.666703
98.478469 32.427500 90.545028
98.465752 32.424921 90.431070
98.454872 32.422608 90.328928
98.445970 32.420625 90.241355
98.439001 32.418999 90.169588
98.433785 32.417727 90.113418
98.430054 32.416776 90.071482
98.427504 32.416100 90.041657
98.425841 32.415642 90.021482
98.424809 32.415348 90.008527
98.424199 32.415169 90.000639
98.423855 32.415066 89.996078
98.423668 32.415008 89.993529
98.423561 32.414974 89.992031
98.423481 32.414947 89.990856
98.423383 32.414913 89.989359
98.423222 32.414855 89.986811
98.422943 32.414752 89.982255
98.422478 32.414573 89.974377
98.421744 32.414279 89.961443
98.420659 32.413821 89.941309
98.419149 32.413145 89.911557
98.417175 32.412194 89.869744
98.414753 32.410922 89.813771
98.411967 32.409296 89.742296
98.408969 32.407313 89.655137
98.405969 32.405000 89.553545
98.403197 32.402421 89.440281
98.400868 32.399667 89.319435
98.399140 32.396853 89.196009
98.398085 32.394100 89.075321
98.397682 32.391520 88.962351
98.397830 32.389208 88.861151
98.398373 32.387225 88.774433
98.399139 32.385599 88.703400
98.399972 32.384326 88.647831
98.400753 32.383376 88.606361
98.401410 32.382700 88.576879
98.401916 32.382242 88.556943
98.402275 32.381948 88.544144
98.402511 32.381769 88.536354
98.402652 32.381666 88.531848
98.402719 32.381608 88.529323
98.402708 32.381573 88.527816
98.402554 32.381546 88.526572
98.402065 32.381512 88.524858
98.400797 32.381451 88.521753
98.397850 32.381343 88.515905
98.391615 32.381153 88.505300
98.379516 32.380838 88.487078
98.357904 32.380344 88.457502
98.322290 32.379607 88.412188
98.268089 32.378565 88.346676
98.191932 32.377163 88.257361
98.093338 32.375370 88.142637
97.976284 32.373187 88.003978
97.849998 32.370657 87.846564
97.728390 32.367866 87.679126
97.627907 32.364933 87.512855
97.564165 32.361997 87.359534
97.548266 32.359198 87.229360
97.583982 32.356658 87.129064
97.666743 32.354462 87.060865
97.784795 32.352655 87.022541
97.922113 32.351238 87.008498
98.062078 32.350181 87.011418
98.190784 32.349431 87.023964
98.299097 32.348924 87.040074
98.383168 32.348598 87.055600
98.443623 32.348400 87.068342
98.484030 32.348284 87.077643
98.509298 32.348221 87.083836
98.524469 32.348187 87.087745
98.534177 32.348168 87.090378
98.542786 32.348155 87.092861
98.555150 32.348140 87.096599
98.577894 32.348118 87.103661
98.621112 32.348083 87.117332
98.700305 32.348028 87.142803
98.838199 32.347950 87.187863
99.065837 32.347848 87.263369
99.422102 32.347729 87.383199
99.950842 32.347604 87.563319
100.695116 32.347495 87.819790
101.688910 32.347425 88.165753
102.947726 32.347414 88.607920
104.460417 32.347477 89.143414
106.184956 32.347613 89.757995
108.050214 32.347807 90.426498
109.964263 32.348029 91.115731
111.827700 32.348246 91.789321
113.548851 32.348425 92.413362
115.057040 32.348546 92.961427
116.310794 32.348601 93.417733
117.299508 32.348596 93.777883
118.039128 32.348547 94.047350
118.563929 32.348473 94.238470
118.917095 32.348393 94.366955
119.142457 32.348321 94.448817
119.278790 32.348263 94.498239
119.356978 32.348221 94.526515
119.399588 32.348193 94.541883
119.421979 32.348176 94.549932
119.434127 32.348164 94.554281
119.442556 32.348154 94.557281
119.452022 32.348140 94.560633
119.466765 32.348116 94.565843
119.491245 32.348071 94.574481
119.530245 32.347993 94.588226
119.588302 32.347862 94.608652
119.668486 32.347652 94.636794
119.770792 32.347330 94.672573
119.890637 32.346858 94.714261
120.018121 32.346192 94.758221
120.138633 32.345291 94.799137
120.235049 32.344118 94.830807
120.291174 32.342652 94.847397
120.295538 32.340894 94.844811
120.244362 32.338870 94.821764
120.142691 32.336640 94.780195
120.003255 32.334288 94.724852
119.843456 32.331918 94.662195
119.681446 32.329640 94.598966
119.532536 32.327554 94.540867
119.406880 32.325737 94.491705
119.308846 32.324231 94.453144
119.237835 32.323048 94.424994
119.189957 32.322167 94.405819
119.159864 32.321547 94.393608
119.142213 32.321134 94.386331
119.132542 32.320874 94.382266
119.127582 32.320720 94.380132
119.125173 32.320632 94.379064
119.124005 32.320579 94.378521
119.123308 32.320536 94.378170
119.122590 32.320479 94.377779
119.121438 32.320380 94.377135
119.119374 32.320200 94.375973
119.115748 32.319883 94.373932
119.109676 32.319353 94.370513
119.100006 32.318508 94.365068
119.085351 32.317227 94.356815
119.064176 32.315377 94.344892
119.034975 32.312825 94.328448
118.996495 32.309463 94.306780
118.948012 32.305227 94.279478
118.889577 32.300121 94.246574
118.822193 32.294233 94.208629
118.747847 32.287737 94.166764
118.669376 32.280880 94.122577
118.590168 32.273959 94.077974
118.513742 32.267281 94.034938
118.443292 32.261125 93.995268
118.381297 32.255708 93.960357
118.329258 32.251161 93.931054
118.287634 32.247524 93.907615
118.255947 32.244755 93.889772
118.233020 32.242752 93.876862
118.217276 32.241376 93.867996
118.207034 32.240481 93.862229
118.200729 32.239930 93.858678
118.197048 32.239609 93.856606
118.194973 32.239427 93.855437
118.193742 32.239320 93.854744
118.192763 32.239234 93.854193
118.191498 32.239124 93.853481
118.189326 32.238934 93.852257
118.185408 32.238591 93.850051
118.178573 32.237994 93.846202
118.167234 32.237003 93.839817
118.149374 32.235443 93.829760
118.122629 32.233106 93.814700
118.084487 32.229773 93.793222
118.032602 32.225239 93.764005
117.965199 32.219350 93.726050
117.881499 32.212036 93.678918
117.782080 32.203349 93.622934
117.669076 32.193475 93.559301
117.546131 32.182732 93.490070
117.418102 32.171545 93.417976
117.290508 32.160396 93.346127
117.168854 32.149766 93.277623
117.057943 32.140075 93.215168
116.961318 32.131632 93.160758
116.880945 32.124609 93.115499
116.817178 32.119037 93.079592
116.768981 32.114826 93.052451
116.734324 32.111798 93.032936
116.710654 32.109729 93.019607
116.695326 32.108390 93.010976
116.685927 32.107569 93.005683
116.680458 32.107091 93.002604
116.677384 32.106822 93.000872
116.675566 32.106663 92.999849
116.674128 32.106538 92.999039
116.672278 32.106376 92.997997
116.669110 32.106099 92.996214
116.663415 32.105602 92.993006
116.653509 32.104736 92.987429
116.637133 32.103305 92.978207
116.611441 32.101060 92.963740
116.573137 32.097713 92.942170
116.518771 32.092963 92.911556
116.445198 32.086534 92.870127
116.350144 32.078229 92.816602
116.232780 32.067973 92.750513
116.094187 32.055863 92.672470
115.937580 32.042179 92.584284
115.768194 32.027378 92.488901
115.592808 32.012054 92.390141
115.418983 31.996865 92.292258
115.254121 31.982459 92.199423
115.104558 31.969391 92.115203
114.974856 31.958058 92.042167
114.867421 31.948670 91.981670
114.782507 31.941251 91.933855
114.718543 31.935661 91.897836
114.672686 31.931654 91.872013
114.641448 31.928925 91.854423
114.621264 31.927161 91.843058
114.608911 31.926082 91.836101
114.601736 31.925455 91.832061
114.597708 31.925103 91.829793
114.595329 31.924895 91.828453
114.593453 31.924731 91.827397
114.591044 31.924521 91.826040
114.586927 31.924161 91.823722
114.579536 31.923515 91.819560
114.566699 31.922394 91.812332
114.545516 31.920543 91.800403
114.512350 31.917645 91.781727
114.463016 31.913334 91.753947
114.393170 31.907231 91.714616
114.298906 31.898994 91.661536
114.177473 31.888383 91.593156
114.027996 31.875322 91.508984
113.852039 31.859948 91.409902
113.653850 31.842630 91.298300
113.440176 31.823959 91.177979
113.219637 31.804689 91.053792
113.001736 31.785649 90.931090
112.795684 31.767645 90.815061
112.609279 31.751357 90.710095
112.448052 31.737269 90.619307
112.314828 31.725628 90.544288
112.209763 31.716448 90.485125
112.130776 31.709546 90.440647
112.074248 31.704607 90.408815
112.035800 31.701247 90.387165
112.010991 31.699079 90.373195
111.995824 31.697754 90.364654
111.987022 31.696985 90.359698
111.982086 31.696554 90.356918
111.979174 31.696299 90.355279
111.976880 31.696099 90.353987
111.973940 31.695842 90.352331
111.968919 31.695403 90.349504
111.959911 31.694616 90.344432
111.944285 31.693251 90.335632
111.918525 31.691000 90.321127
111.878243 31.687480 90.298444
111.818407 31.682252 90.264750
111.733826 31.674861 90.217121
111.619867 31.664903 90.152950
111.473328 31.652099 90.070433
111.293290 31.636367 89.969053
111.081779 31.617886 89.849949
110.844025 31.597111 89.716069
110.588219 31.574759 89.572022
110.324730 31.551736 89.423650
110.064908 31.529033 89.277342
109.819685 31.507606 89.139256
109.598248 31.488257 89.014563
109.407048 31.471550 88.906897
109.249308 31.457767 88.818072
109.125088 31.446913 88.748123
109.031822 31.438763 88.695604
108.965152 31.432938 88.658062
108.919853 31.428980 88.632554
108.890648 31.426428 88.616109
108.872807 31.424869 88.606062
108.862461 31.423965 88.600236
108.856661 31.423458 88.596970
108.853243 31.423159 88.595045
108.850552 31.422924 88.593530
108.847106 31.422623 88.591590
108.841226 31.422109 88.588279
108.830685 31.421188 88.582343
108.812408 31.419591 88.572051
108.782301 31.416961 88.555098
108.735262 31.412850 88.528609
108.665454 31.406751 88.489300
108.566880 31.398137 88.433793
108.434223 31.386546 88.359092
108.263849 31.371659 88.263154
108.054804 31.353393 88.145439
107.809548 31.331963 88.007334
107.534249 31.307908 87.852311
107.238466 31.282062 87.685754
106.934229 31.255479 87.514436
106.634641 31.229301 87.345736
106.352266 31.204628 87.186728
106.097607 31.182376 87.043328
105.877986 31.163186 86.919658
105.697002 31.147371 86.817745
105.554623 31.134931 86.737570
105.447822 31.125598 86.677430
105.371540 31.118933 86.634475
105.319747 31.114407 86.605310
105.286377 31.111492 86.586519
105.266002 31.109711 86.575046
105.254192 31.108679 86.568396
105.247575 31.108101 86.564669
105.243676 31.107760 86.562474
105.240609 31.107492 86.560747
105.236685 31.107150 86.558537
105.229992 31.106565 86.554768
105.217997 31.105517 86.548014
105.197210 31.103700 86.536308
105.162986 31.100710 86.517037
105.109547 31.096040 86.486945
105.030297 31.089116 86.442319
104.918475 31.079345 86.379351
104.768115 31.066207 86.294682
104.575180 31.049348 86.186039
104.338679 31.028683 86.052864
104.061488 31.004462 85.896776
103.750663 30.977303 85.721748
103.417058 30.948153 85.533893
103.074276 30.918201 85.340870
102.737078 30.888737 85.150991
102.419569 30.860994 84.972200
102.133498 30.835997 84.811112
101.887009 30.814459 84.672312
101.684052 30.796725 84.558026
101.524511 30.782785 84.468187
101.404919 30.772335 84.400844
101.319554 30.764876 84.352774
101.261626 30.759814 84.320154
101.224320 30.756555 84.299147
101.201552 30.754565 84.286326
101.188359 30.753412 84.278897
101.180969 30.752767 84.274736
101.176617 30.752386 84.272285
101.173195 30.752087 84.270358
101.168818 30.751705 84.267894
101.161357 30.751053 84.263692
101.147990 30.749885 84.256165
101.124833 30.747862 84.243125
101.086723 30.744531 84.221665
101.027242 30.739334 84.188171
100.939079 30.731631 84.138526
100.814753 30.720767 84.068517
100.647686 30.706169 83.974441
100.433462 30.687450 83.853810
100.171057 30.664522 83.706047
99.863742 30.637669 83.532996
99.519409 30.607582 83.339100
99.150138 30.575315 83.131161
98.771012 30.542188 82.917673
98.398359 30.509626 82.707829
98.047736 30.478989 82.510391
97.732063 30.451406 82.332633
97.460257 30.427656 82.179578
97.236601 30.408113 82.053635
97.060893 30.392760 81.954693
96.929254 30.381258 81.880566
96.835336 30.373051 81.827680
96.771630 30.367485 81.791807
96.730619 30.363901 81.768714
96.705597 30.361715 81.754624
96.691102 30.360448 81.746461
96.682985 30.359739 81.741891
96.678206 30.359321 81.739200
96.674450 30.358993 81.737085
96.669648 30.358574 81.734381
96.661464 30.357858 81.729772
96.646805 30.356578 81.721518
96.621419 30.354359 81.707222
96.579652 30.350710 81.683703
96.514488 30.345016 81.647009
96.417941 30.336580 81.592642
96.281855 30.324689 81.516012
96.099078 30.308718 81.413088
95.864837 30.288250 81.281186
95.578080 30.263194 81.119711
95.242450 30.233867 80.930716
94.866628 30.201028 80.719088
94.463846 30.165834 80.492278
94.050580 30.129723 80.259566
93.644627 30.094251 80.030971
93.262908 30.060897 79.816022
92.919443 30.030886 79.622614
92.623873 30.005059 79.456177
92.380789 29.983819 79.319295
92.189911 29.967140 79.211810
92.046969 29.954650 79.131319
91.945027 29.945743 79.073914
91.875902 29.939702 79.034989
91.831415 29.935815 79.009939
91.804280 29.933444 78.994659
91.788565 29.932071 78.985809
91.779766 29.931302 78.980854
91.774586 29.930850 78.977938
91.770517 29.930494 78.975647
91.765316 29.930040 78.972718
91.756455 29.929265 78.967728
91.740586 29.927879 78.958792
91.713109 29.925478 78.943320
91.667916 29.921529 78.917871
91.597427 29.915370 78.878178
91.493025 29.906247 78.819389
91.345923 29.893394 78.736555
91.148432 29.876137 78.625346
90.895447 29.854032 78.482888
90.585890 29.826983 78.308575
90.223755 29.795340 78.104654
89.818463 29.759926 77.876432
89.384325 29.721992 77.631965
88.939122 29.683091 77.381268
88.502024 29.644898 77.135136
88.091228 29.609003 76.903814
87.721780 29.576721 76.695775
87.403998 29.548954 76.516830
87.142760 29.526127 76.369725
86.937707 29.508210 76.254258
86.784206 29.494797 76.167821
86.674769 29.485235 76.106196
86.600583 29.478752 76.064421
86.552851 29.474582 76.037544
86.523743 29.472038 76.021152
86.506888 29.470565 76.011661
86.497452 29.469741 76.006348
86.491899 29.469256 76.003221
86.487538 29.468875 76.000765
86.481965 29.468388 75.997627
86.472471 29.467558 75.992281
86.455473 29.466073 75.982709
86.426046 29.463502 75.966139
86.377657 29.459273 75.938890
86.302201 29.452680 75.896400
86.190473 29.442917 75.833486
86.033099 29.429166 75.744868
85.821890 29.410711 75.625934
85.551433 29.387079 75.473638
85.220628 29.358174 75.287360
84.833799 29.324373 75.069533
84.401056 29.286561 74.825853
83.937717 29.246075 74.564943
83.462778 29.204575 74.297502
82.996691 29.163849 74.035045
82.558837 29.125590 73.788487
82.165217 29.091196 73.566837
81.826775 29.061623 73.376258
81.548654 29.037322 73.219646
81.330423 29.018253 73.096759
81.167108 29.003983 73.004795
81.050704 28.993811 72.939247
80.971816 28.986918 72.894824
80.921069 28.982484 72.866248
80.890127 28.979780 72.848825
80.872213 28.978215 72.838737
80.862186 28.977339 72.833091
80.856286 28.976823 72.829769
80.851653 28.976419 72.827160
80.845735 28.975901 72.823827
80.835654 28.975021 72.818151
80.817608 28.973444 72.807989
80.786372 28.970714 72.790400
80.735016 28.966227 72.761481
80.654951 28.959231 72.716396
80.536428 28.948875 72.649654
80.369526 28.934291 72.555671
80.145594 28.914724 72.429573
79.858938 28.889676 72.268155
79.508437 28.859050 72.070786
79.098723 28.823250 71.840073
78.640548 28.783215 71.582072
78.150163 28.740366 71.305933
77.647692 28.696461 71.022988
77.154770 28.653390 70.745420
76.691878 28.612943 70.484762
76.275895 28.576595 70.250519
75.918345 28.545353 70.049180
75.624614 28.519687 69.883779
75.394201 28.499554 69.754032
75.221815 28.484491 69.656960
75.098975 28.473757 69.587788
75.015741 28.466485 69.540918
74.962209 28.461807 69.510774
74.929575 28.458955 69.492398
74.910683 28.457305 69.481759
74.900110 28.456381 69.475806
74.893890 28.455837 69.472303
74.889006 28.455411 69.469553
74.882769 28.454866 69.466041
74.872147 28.453937 69.460059
74.853133 28.452276 69.449353
74.820228 28.449401 69.430823
74.766135 28.444674 69.400364
74.681820 28.437307 69.352885
74.557030 28.426403 69.282615
74.381343 28.411052 69.183685
74.145686 28.390460 69.050984
73.844102 28.364108 68.881161
73.475459 28.331897 68.673575
73.044670 28.294255 68.430994
72.563081 28.252174 68.159809
72.047806 28.207150 67.869654
71.520005 28.161032 67.572445
71.002404 28.115805 67.280981
70.516491 28.073346 67.007360
70.079955 28.035202 66.761544
69.704850 28.002426 66.550319
69.396781 27.975507 66.376844
69.155183 27.954397 66.240798
68.974469 27.938606 66.139037
68.845722 27.927357 66.066539
68.758502 27.919736 66.017424
68.702415 27.914835 65.985842
68.668228 27.911847 65.966590
68.648439 27.910118 65.955447
68.637366 27.909151 65.949212
68.630852 27.908582 65.945544
68.625739 27.908135 65.942664
68.619209 27.907564 65.938988
68.608090 27.906593 65.932727
68.588191 27.904854 65.921521
68.553756 27.901845 65.902131
68.497157 27.896900 65.870259
68.408949 27.889192 65.820589
68.278421 27.877787 65.747088
68.094695 27.861733 65.643630
67.848308 27.840204 65.504888
67.533070 27.812659 65.327375
67.147835 27.778998 65.110447
66.697780 27.739672 64.857018
66.194798 27.695723 64.573785
65.656787 27.648712 64.270827
65.105859 27.600572 63.960596
64.565734 27.553377 63.656448
64.058820 27.509084 63.371001
63.603541 27.469302 63.114631
63.212431 27.435127 62.894394
62.891298 27.407067 62.713562
62.639510 27.385066 62.571778
62.451213 27.368613 62.465747
62.317088 27.356894 62.390221
62.226240 27.348955 62.339063
62.167828 27.343851 62.306171
62.132228 27.340741 62.286124
62.111623 27.338940 62.274522
62.100095 27.337933 62.268030
62.093314 27.337340 62.264212
62.087992 27.336875 62.261215
62.081196 27.336282 62.257388
62.069627 27.335271 62.250873
62.048922 27.333462 62.239214
62.013098 27.330331 62.219042
61.954223 27.325187 62.185889
61.862481 27.317171 62.134228
61.726745 27.305310 62.057794
61.535722 27.288619 61.950228
61.279601 27.266239 61.806005
60.951981 27.237612 61.621519
60.551707 27.202637 61.396122
60.084197 27.161787 61.132864
59.561839 27.116144 60.838721
59.003248 27.067335 60.524174
58.431395 27.017367 60.202160
57.870902 26.968392 59.886543
57.345005 26.922440 59.590407
56.872793 26.881178 59.324501
56.467232 26.845741 59.096127
56.134306 26.816650 58.908654
55.873324 26.793846 58.761693
55.678188 26.776795 58.651811
55.539215 26.764652 58.573554
55.445096 26.756428 58.520555
55.384589 26.751141 58.486483
55.347716 26.747919 58.465720
55.326377 26.746055 58.453704
55.314439 26.745012 58.446981
55.307417 26.744398 58.443027
55.301907 26.743917 58.439925
55.294873 26.743302 58.435964
55.282898 26.742256 58.429220
55.261469 26.740383 58.417154
55.224396 26.737144 58.396277
55.163475 26.731821 58.361972
55.068556 26.723527 58.308523
54.928141 26.711257 58.229454
54.730566 26.693994 58.118199
54.465708 26.670851 57.969055
54.126978 26.641253 57.778314
53.713217 26.605099 57.545322
53.230062 26.562882 57.273254
52.690347 26.515722 56.969337
52.113331 26.465303 56.644415
51.522756 26.413699 56.311859
50.944049 26.363133 55.985985
50.401189 26.315698 55.680297
49.913854 26.273116 55.405875
49.495394 26.236551 55.170237
49.151947 26.206541 54.976840
48.882768 26.183021 54.825264
48.681537 26.165438 54.711949
48.538244 26.152917 54.631260
48.441213 26.144438 54.576621
48.378842 26.138988 54.541499
48.340836 26.135668 54.520098
48.318843 26.133746 54.507714
48.306540 26.132671 54.500786
48.299305 26.132039 54.496711
48.293628 26.131543 54.493515
48.286381 26.130909 54.489434
48.274046 26.129832 54.482488
48.251974 26.127903 54.470059
48.213792 26.124567 54.448558
48.151054 26.119085 54.413231
48.053318 26.110545 54.358194
47.908753 26.097913 54.276789
47.705370 26.080141 54.162263
47.432771 26.056322 54.008760
47.084202 26.025865 53.812479
46.658507 25.988668 53.572767
46.161516 25.945242 53.292908
45.606463 25.896742 52.980354
45.013177 25.844901 52.646271
44.406083 25.791854 52.304412
43.811318 25.739884 51.969496
43.253513 25.691144 51.655392
42.752865 25.647398 51.373474
42.323057 25.609842 51.131446
41.970362 25.579024 50.932841
41.693983 25.554875 50.777210
41.487400 25.536824 50.660882
41.340318 25.523972 50.578059
41.240733 25.515270 50.521982
41.176726 25.509677 50.485939
41.137728 25.506270 50.463979
41.115163 25.504298 50.451272
41.102541 25.503195 50.444165
41.095118 25.502547 50.439985
41.089295 25.502038 50.436706
41.081862 25.501388 50.432521
41.069212 25.500283 50.425397
41.046578 25.498305 50.412652
41.007427 25.494884 50.390605
40.943103 25.489264 50.354384
40.842907 25.480509 50.297963
40.694722 25.467561 50.214519
40.486275 25.449347 50.097141
40.206930 25.424938 49.939840
39.849797 25.393732 49.738736
39.413719 25.355628 49.493178
38.904702 25.311151 49.206547
38.336330 25.261487 48.886493
37.728930 25.208414 48.544462
37.107519 25.154116 48.194541
36.498851 25.100931 47.851795
35.928119 25.051061 47.530413
35.415969 25.006310 47.242017
34.976366 24.967898 46.994474
34.615695 24.936383 46.791378
34.333110 24.911692 46.632252
34.121920 24.893238 46.513330
33.971578 24.880101 46.428671
33.869797 24.871208 46.371357
33.804385 24.865492 46.334524
33.764535 24.862010 46.312084
33.741478 24.859996 46.299100
33.728582 24.858869 46.291838
33.720999 24.858206 46.287568
33.715050 24.857686 46.284218
33.707459 24.857023 46.279944
33.694538 24.855894 46.272668
33.671424 24.853874 46.259652
33.631444 24.850381 46.237139
33.565764 24.844642 46.200155
33.463466 24.835703 46.142550
33.312190 24.822485 46.057365
33.099422 24.803894 45.937554
32.814329 24.778983 45.777016
32.449903 24.747139 45.571805
32.004994 24.708264 45.321274
31.485762 24.662894 45.028891
30.906090 24.612243 44.702474
30.286730 24.558124 44.353708
29.653205 24.502768 43.996966
29.032788 24.448557 43.647605
28.451150 24.397734 43.320081
27.929306 24.352136 43.026227
27.481460 24.313004 42.774042
27.114086 24.280903 42.567171
26.826293 24.255756 42.405112
26.611239 24.236965 42.284014
26.458165 24.223590 42.197817
26.354547 24.214536 42.139469
26.287961 24.208717 42.101974
26.247398 24.205173 42.079133
26.223931 24.203123 42.065918
26.210805 24.201976 42.058527
26.203088 24.201301 42.054182
26.197035 24.200772 42.050773
26.189312 24.200098 42.046424
26.176167 24.198949 42.039022
26.152653 24.196894 42.025781
26.111984 24.193341 42.002880
26.045178 24.187503 41.965262
25.941136 24.178412 41.906675
25.787299 24.164970 41.820048
25.570954 24.146066 41.698223
25.281109 24.120740 41.535009
24.910662 24.088371 41.326408
24.458475 24.048859 41.071778
23.930837 24.002755 40.774662
23.341883 23.951293 40.443018
22.712720 23.896318 40.088731
22.069283 23.840095 39.726408
21.439274 23.785046 39.371645
20.848747 23.733446 39.039116
20.319020 23.687159 38.740823
19.864483 23.647443 38.484870
19.491678 23.614867 38.274941
19.199672 23.589352 38.110510
18.981499 23.570289 37.987656
18.826223 23.556721 37.900219
18.721125 23.547537 37.841037
18.653594 23.541637 37.803010
18.612459 23.538042 37.779847
18.588663 23.535963 37.766447
18.575354 23.534800 37.758953
18.567530 23.534117 37.754547
18.561393 23.533580 37.751091
18.553564 23.532896 37.746682
18.540240 23.531732 37.739180
18.516406 23.529649 37.725759
18.475189 23.526048 37.702549
18.407488 23.520132 37.664426
18.302060 23.510920 37.605059
18.146190 23.497301 37.517288
17.927013 23.478149 37.393868
17.633411 23.452495 37.228538
17.258216 23.419711 37.017263
16.800303 23.379699 36.759410
16.266069 23.333018 36.458579
15.669853 23.280922 36.122845
15.033040 23.225278 35.764252
14.381894 23.168381 35.397587
13.744448 23.112682 35.038637
13.147052 23.060483 34.702239
12.611251 23.013665 34.400526
12.151575 22.973499 34.141679
11.774612 22.940561 33.929409
11.479389 22.914764 33.763167
11.258841 22.895493 33.638975
11.101892 22.881779 33.550596
10.995673 22.872498 33.490783
10.927427 22.866535 33.452353
10.885860 22.862903 33.428947
10.861816 22.860802 33.415407
10.848369 22.859627 33.407835
10.840464 22.858936 33.403383
10.834265 22.858394 33.399893
10.826356 22.857703 33.395439
10.812898 22.856527 33.387861
10.788827 22.854424 33.374307
10.747201 22.850787 33.350867
10.678834 22.844813 33.312369
10.572379 22.835511 33.252423
10.415006 22.821760 33.163805
10.193741 22.802426 33.039209
9.897378 22.776531 32.872326
9.518707 22.743443 32.659093
9.056620 22.703066 32.398889
8.517601 22.655967 32.095363
7.916140 22.603413 31.756677
7.273834 22.547289 31.394990
6.617182 22.489911 31.025225
5.974453 22.433751 30.663300
5.372206 22.381127 30.324171
4.832142 22.333937 30.020057
4.368880 22.293458 29.759191
3.989030 22.260267 29.545295
3.691587 22.234277 29.377802
3.469408 22.214863 29.252692
3.311316 22.201049 29.163669
3.204332 22.191701 29.103426
3.135603 22.185696 29.064724
3.093743 22.182038 29.041153
3.069531 22.179923 29.027519
3.055992 22.178739 29.019894
3.048033 22.178044 29.015413
3.041792 22.177499 29.011898
3.033831 22.176803 29.007415
3.020285 22.175619 28.999787
2.996057 22.173502 28.986145
2.954162 22.169842 28.962553
2.885359 22.163830 28.923810
2.778235 22.154469 28.863488
2.619888 22.140633 28.774322
2.397279 22.121182 28.648969
2.099152 22.095132 28.481091
1.718278 22.061852 28.266618
1.253569 22.021246 28.004938
0.711573 21.973887 27.699736
0.106888 21.921051 27.359234
-0.538757 21.864635 26.995667
-1.198713 21.806969 26.624041
-1.844569 21.750535 26.260355
-2.449647 21.697664 25.919632
-2.992166 21.650260 25.614136
-3.457462 21.609603 25.352124
-3.838926 21.576271 25.137319
-4.137593 21.550174 24.969138
-4.360660 21.530683 24.843528
-4.519366 21.516815 24.754159
-4.626754 21.507432 24.693688
-4.695738 21.501404 24.654842
-4.737750 21.497733 24.631186
-4.762048 21.495610 24.617503
-4.775635 21.494423 24.609852
-4.783621 21.493725 24.605355
-4.789883 21.493178 24.601829
-4.797870 21.492480 24.597331
-4.811460 21.491292 24.589679
-4.835763 21.489169 24.575994
-4.877786 21.485497 24.552330
-4.946795 21.479467 24.513471
-5.054230 21.470079 24.452973
-5.213021 21.456204 24.363557
-5.436231 21.436701 24.237866
-5.735126 21.410584 24.069556
-6.116932 21.377222 23.854559
-6.582710 21.336523 23.592276
-7.125872 21.289062 23.286418
-7.731763 21.236120 22.945236
-8.378591 21.179601 22.581003
-9.039649 21.121839 22.208757
-9.686477 21.065320 21.844524
-10.292368 21.012378 21.503342
-10.835530 20.964917 21.197484
-11.301308 20.924218 20.935201
-11.683114 20.890856 20.720204
-11.982009 20.864739 20.551894
-12.205219 20.845236 20.426203
-12.364010 20.831361 20.336787
-12.471445 20.821973 20.276289
-12.540454 20.815943 20.237430
-12.582477 20.812271 20.213766
-12.606780 20.810148 20.200081
-12.620370 20.808960 20.192429
-12.628357 20.808262 20.187931
-12.634619 20.807715 20.184405
-12.642605 20.807017 20.179908
-12.656192 20.805830 20.172257
-12.680490 20.803707 20.158574
-12.722502 20.800036 20.134918
-12.791486 20.794008 20.096072
-12.898874 20.784625 20.035601
-13.057580 20.770757 19.946232
-13.280647 20.751266 19.820622
-13.579314 20.725169 19.652441
-13.960778 20.691837 19.437636
-14.426074 20.651180 19.175624
-14.968593 20.603776 18.870128
-15.573671 20.550905 18.529405
-16.219527 20.494471 18.165719
-16.879483 20.436805 17.794093
-17.525128 20.380389 17.430526
-18.129813 20.327553 17.090024
-18.671809 20.280194 16.784822
-19.136518 20.239588 16.523142
-19.517392 20.206308 16.308669
-19.815519 20.180258 16.140791
-20.038128 20.160807 16.015438
-20.196475 20.146971 15.926272
-20.303599 20.137610 15.865950
-20.372402 20.131598 15.827207
-20.414297 20.127938 15.803615
-20.438525 20.125821 15.789973
-20.452071 20.124637 15.782345
-20.460032 20.123941 15.777862
-20.466273 20.123396 15.774347
-20.474232 20.122701 15.769866
-20.487771 20.121517 15.762241
-20.511983 20.119402 15.748607
-20.553843 20.115744 15.725036
-20.622572 20.109739 15.686334
-20.729556 20.100391 15.626091
-20.887648 20.086577 15.537068
-21.109827 20.067163 15.411958
-21.407270 20.041173 15.244465
-21.787120 20.007982 15.030569
-22.250382 19.967503 14.769703
-22.790446 19.920313 14.465589
-23.392693 19.867689 14.126460
-24.035422 19.811529 13.764535
-24.692074 19.754151 13.394770
-25.334380 19.698027 13.033083
-25.935841 19.645473 12.694397
-26.474860 19.598374 12.390871
-26.936947 19.557997 12.130667
-27.315618 19.524909 11.917434
-27.611981 19.499014 11.750551
-27.833246 19.479680 11.625955
-27.990619 19.465929 11.537337
-28.097074 19.456627 11.477391
-28.165441 19.450653 11.438893
-28.207067 19.447016 11.415453
-28.231138 19.444913 11.401899
-28.244596 19.443737 11.394321
-28.252505 19.443046 11.389867
-28.258704 19.442504 11.386377
-28.266609 19.441813 11.381925
-28.280056 19.440638 11.374353
-28.304100 19.438537 11.360813
-28.345667 19.434905 11.337407
-28.413913 19.428942 11.298977
-28.520132 19.419661 11.239164
-28.677081 19.405947 11.150785
-28.897629 19.386676 11.026593
-29.192852 19.360879 10.860351
-29.569815 19.327941 10.648081
-30.029491 19.287775 10.389234
-30.565292 19.240957 10.087521
-31.162688 19.188758 9.751123
-31.800134 19.133059 9.392173
-32.451280 19.076162 9.025508
-33.088093 19.020518 8.666915
-33.684309 18.968422 8.331181
-34.218543 18.921741 8.030350
-34.676456 18.881729 7.772497
-35.051651 18.848945 7.561222
-35.345253 18.823291 7.395892
-35.564430 18.804139 7.272472
-35.720300 18.790520 7.184701
-35.825728 18.781308 7.125334
-35.893429 18.775392 7.087211
-35.934646 18.771791 7.064001
-35.958480 18.769708 7.050580
-35.971804 18.768544 7.043078
-35.979633 18.767860 7.038669
-35.985770 18.767323 7.035213
-35.993594 18.766640 7.030807
-36.006903 18.765477 7.023313
-36.030699 18.763398 7.009913
-36.071834 18.759803 6.986750
-36.139365 18.753903 6.948723
-36.244463 18.744719 6.889541
-36.399739 18.731151 6.802104
-36.617912 18.712088 6.679250
-36.909918 18.686573 6.514819
-37.282723 18.653997 6.304890
-37.737260 18.614281 6.048937
-38.266987 18.567994 5.750644
-38.857514 18.516394 5.418115
-39.487523 18.461345 5.063352
-40.130960 18.405122 4.701029
-40.760123 18.350147 4.346742
-41.349077 18.298685 4.015098
-41.876715 18.252581 3.717982
-42.328902 18.213069 3.463352
-42.699349 18.180700 3.254751
-42.989194 18.155374 3.091537
-43.205539 18.136470 2.969712
-43.359376 18.123028 2.883085
-43.463418 18.113937 2.824498
-43.530224 18.108099 2.786880
-43.570893 18.104546 2.763979
-43.594407 18.102491 2.750738
-43.607552 18.101342 2.743336
-43.615275 18.100668 2.738987
-43.621328 18.100139 2.735578
-43.629045 18.099464 2.731233
-43.642171 18.098317 2.723842
-43.665638 18.096267 2.710627
-43.706201 18.092723 2.687786
-43.772787 18.086904 2.650291
-43.876405 18.077850 2.591943
-44.029479 18.064475 2.505746
-44.244533 18.045684 2.384648
-44.532326 18.020537 2.222589
-44.899700 17.988436 2.015718
-45.347546 17.949304 1.763533
-45.869390 17.903706 1.469679
-46.451028 17.852883 1.142155
-47.071445 17.798672 0.792794
-47.704970 17.743316 0.436052
-48.324330 17.689197 0.087286
-48.904002 17.638546 -0.239131
-49.423234 17.593176 -0.531514
-49.868143 17.554301 -0.782045
-50.232569 17.522457 -0.987256
-50.517662 17.497546 -1.147794
-50.730430 17.478955 -1.267605
-50.881706 17.465737 -1.352790
-50.984004 17.456798 -1.410395
-51.049684 17.451059 -1.447379
-51.089664 17.447566 -1.469892
-51.112778 17.445546 -1.482908
-51.125699 17.444417 -1.490184
-51.133290 17.443754 -1.494458
-51.139239 17.443234 -1.497808
-51.146822 17.442571 -1.502078
-51.159718 17.441444 -1.509340
-51.182775 17.439430 -1.522324
-51.222625 17.435948 -1.544764
-51.288037 17.430232 -1.581597
-51.389818 17.421339 -1.638911
-51.540160 17.408202 -1.723570
-51.751350 17.389748 -1.842492
-52.033935 17.365057 -2.001618
-52.394606 17.333542 -2.204714
-52.834209 17.295130 -2.452257
-53.346359 17.250379 -2.740653
-53.917091 17.200509 -3.062035
-54.525759 17.147324 -3.404781
-55.147170 17.093026 -3.754702
-55.754570 17.039953 -4.096733
-56.322942 16.990289 -4.416787
-56.831959 16.945812 -4.703418
-57.268037 16.907708 -4.948976
-57.625170 16.876502 -5.150080
-57.904515 16.852093 -5.307381
-58.112962 16.833879 -5.424759
-58.261147 16.820931 -5.508203
-58.361343 16.812176 -5.564624
-58.425667 16.806556 -5.600845
-58.464818 16.803135 -5.622892
-58.487452 16.801157 -5.635637
-58.500102 16.800052 -5.642761
-58.507535 16.799402 -5.646946
-58.513358 16.798893 -5.650225
-58.520781 16.798245 -5.654405
-58.533403 16.797142 -5.661512
-58.555968 16.795170 -5.674219
-58.594966 16.791763 -5.696179
-58.658973 16.786170 -5.732222
-58.758558 16.777468 -5.788299
-58.905640 16.764616 -5.871122
-59.112223 16.746565 -5.987450
-59.388602 16.722416 -6.143081
-59.741297 16.691598 -6.341686
-60.171105 16.654042 -6.583714
-60.671753 16.610296 -6.865632
-61.229558 16.561556 -7.179736
-61.824323 16.509586 -7.514652
-62.431417 16.456539 -7.856511
-63.024703 16.404698 -8.190594
-63.579756 16.356198 -8.503148
-64.076747 16.312772 -8.783007
-64.502442 16.275575 -9.022719
-64.851011 16.245118 -9.219000
-65.123610 16.221299 -9.372503
-65.326993 16.203527 -9.487029
-65.471558 16.190895 -9.568434
-65.569294 16.182355 -9.623471
-65.632032 16.176873 -9.658798
-65.670214 16.173537 -9.680299
-65.692286 16.171608 -9.692728
-65.704621 16.170531 -9.699674
-65.711868 16.169897 -9.703755
-65.717545 16.169401 -9.706951
-65.724780 16.168769 -9.711026
-65.737083 16.167694 -9.717954
-65.759076 16.165772 -9.730338
-65.797082 16.162452 -9.751739
-65.859453 16.157002 -9.786861
-65.956484 16.148523 -9.841500
-66.099777 16.136002 -9.922189
-66.301008 16.118419 -10.035504
-66.570187 16.094899 -10.187080
-66.913634 16.064889 -10.380477
-67.332094 16.028324 -10.616115
-67.819429 15.985742 -10.890537
-68.362289 15.938307 -11.196225
-68.940996 15.887741 -11.522099
-69.531571 15.836137 -11.854655
-70.108587 15.785718 -12.179577
-70.648302 15.738558 -12.483494
-71.131457 15.696341 -12.755562
-71.545218 15.660187 -12.988554
-71.883948 15.630589 -13.179295
-72.148806 15.607446 -13.328439
-72.346381 15.590183 -13.439694
-72.486796 15.577913 -13.518763
-72.581715 15.569619 -13.572212
-72.642636 15.564296 -13.606517
-72.679709 15.561057 -13.627394
-72.701138 15.559184 -13.639460
-72.713113 15.558138 -13.646204
-72.720147 15.557523 -13.650165
-72.725657 15.557042 -13.653267
-72.732679 15.556428 -13.657221
-72.744617 15.555385 -13.663944
-72.765956 15.553521 -13.675960
-72.802829 15.550299 -13.696723
-72.863336 15.545012 -13.730795
-72.957455 15.536788 -13.783794
-73.096428 15.524645 -13.862051
-73.291564 15.507594 -13.971933
-73.552546 15.484790 -14.118894
-73.885472 15.455699 -14.306367
-74.291033 15.420262 -14.534741
-74.763245 15.379000 -14.800647
-75.289142 15.333048 -15.096783
-75.849635 15.284073 -15.412400
-76.421488 15.234105 -15.734414
-76.980079 15.185296 -16.048961
-77.502437 15.139653 -16.343104
-77.969947 15.098803 -16.606362
-78.370221 15.063828 -16.831759
-78.697841 15.035201 -17.016245
-78.953962 15.012821 -17.160468
-79.144985 14.996130 -17.268034
-79.280721 14.984269 -17.344468
-79.372463 14.976253 -17.396129
-79.431338 14.971109 -17.429282
-79.467162 14.967978 -17.449454
-79.487867 14.966169 -17.461113
-79.499436 14.965158 -17.467628
-79.506232 14.964565 -17.471455
-79.511554 14.964100 -17.474452
-79.518335 14.963507 -17.478270
-79.529863 14.962500 -17.484762
-79.550468 14.960699 -17.496364
-79.586068 14.957589 -17.516411
-79.644480 14.952485 -17.549303
-79.735328 14.944546 -17.600461
-79.869453 14.932827 -17.675987
-80.057750 14.916374 -17.782018
-80.309538 14.894373 -17.923802
-80.630671 14.866313 -18.104634
-81.021781 14.832138 -18.324871
-81.477060 14.792356 -18.581241
-81.983974 14.748063 -18.866688
-82.524099 14.700868 -19.170836
-83.075027 14.652728 -19.481067
-83.613038 14.605717 -19.784025
-84.116020 14.561768 -20.067258
-84.566075 14.522442 -20.320687
-84.951310 14.488781 -20.537615
-85.266548 14.461236 -20.715128
-85.512935 14.439707 -20.853870
-85.696661 14.423653 -20.957328
-85.827189 14.412248 -21.030829
-85.915397 14.404540 -21.080499
-85.971996 14.399595 -21.112371
-86.006431 14.396586 -21.131761
-86.026330 14.394847 -21.142967
-86.037449 14.393876 -21.149228
-86.043979 14.393305 -21.152904
-86.049092 14.392858 -21.155784
-86.055606 14.392289 -21.159452
-86.066679 14.391322 -21.165687
-86.086468 14.389593 -21.176830
-86.120655 14.386605 -21.196082
-86.176742 14.381704 -21.227664
-86.263962 14.374083 -21.276779
-86.392709 14.362834 -21.349277
-86.573423 14.347043 -21.451038
-86.815021 14.325933 -21.587084
-87.123090 14.299014 -21.760559
-87.498195 14.266238 -21.971784
-87.934731 14.228094 -22.217600
-88.420644 14.185635 -22.491221
-88.938245 14.140408 -22.782685
-89.466046 14.094290 -23.079894
-89.981321 14.049266 -23.370049
-90.462910 14.007185 -23.641234
-90.893699 13.969543 -23.883815
-91.262342 13.937332 -24.091401
-91.563926 13.910980 -24.261224
-91.799583 13.890388 -24.393925
-91.975270 13.875037 -24.492855
-92.100060 13.864133 -24.563125
-92.184375 13.856766 -24.610604
-92.238468 13.852039 -24.641063
-92.271373 13.849164 -24.659593
-92.290387 13.847503 -24.670299
-92.301009 13.846574 -24.676281
-92.307246 13.846029 -24.679793
-92.312130 13.845603 -24.682543
-92.318350 13.845059 -24.686046
-92.328923 13.844135 -24.691999
-92.347815 13.842485 -24.702638
-92.380449 13.839633 -24.721014
-92.433981 13.834955 -24.751158
-92.517215 13.827683 -24.798028
-92.640055 13.816949 -24.867200
-92.812441 13.801886 -24.964272
-93.042854 13.781753 -25.094019
-93.336585 13.756087 -25.259420
-93.694135 13.724845 -25.460759
-94.110118 13.688497 -25.695002
-94.573010 13.648050 -25.955660
-95.065932 13.604979 -26.233228
-95.568403 13.561074 -26.516173
-96.058788 13.518225 -26.792312
-96.516963 13.478190 -27.050313
-96.926677 13.442390 -27.281026
-97.277178 13.411764 -27.478395
-97.563834 13.386716 -27.639813
-97.787766 13.367149 -27.765911
-97.954668 13.352565 -27.859894
-98.073191 13.342209 -27.926636
-98.153256 13.335213 -27.971721
-98.204612 13.330726 -28.000640
-98.235848 13.327996 -28.018229
-98.253894 13.326419 -28.028391
-98.263975 13.325539 -28.034067
-98.269893 13.325021 -28.037400
-98.274526 13.324617 -28.040009
-98.280426 13.324101 -28.043331
-98.290453 13.323225 -28.048977
-98.308367 13.321660 -28.059065
-98.339309 13.318956 -28.076488
-98.390056 13.314522 -28.105064
-98.468944 13.307629 -28.149487
-98.585348 13.297457 -28.215035
-98.748663 13.283187 -28.306999
-98.966894 13.264118 -28.429886
-99.245015 13.239817 -28.586498
-99.583457 13.210244 -28.777077
-99.977077 13.175850 -28.998727
-100.414931 13.137591 -29.245285
-100.881018 13.096865 -29.507742
-101.355957 13.055365 -29.775183
-101.819296 13.014879 -30.036093
-102.252039 12.977067 -30.279773
-102.638868 12.943266 -30.497600
-102.969673 12.914361 -30.683878
-103.240130 12.890729 -30.836174
-103.451339 12.872274 -30.955108
-103.608713 12.858523 -31.043726
-103.720441 12.848760 -31.106640
-103.795897 12.842167 -31.149130
-103.844286 12.837938 -31.176379
-103.873713 12.835367 -31.192949
-103.890711 12.833882 -31.202521
-103.900205 12.833052 -31.207867
-103.905778 12.832565 -31.211005
-103.910139 12.832184 -31.213461
-103.915692 12.831699 -31.216588
-103.925128 12.830875 -31.221901
-103.941983 12.829402 -31.231392
-103.971091 12.826858 -31.247784
-104.018823 12.822688 -31.274661
-104.093009 12.816205 -31.316436
-104.202446 12.806643 -31.378061
-104.355947 12.793230 -31.464498
-104.561000 12.775313 -31.579965
-104.822238 12.752486 -31.727070
-105.140020 12.724719 -31.906015
-105.509468 12.692437 -32.114054
-105.920264 12.656542 -32.345376
-106.357362 12.618349 -32.591508
-106.802565 12.579448 -32.842205
-107.236703 12.541514 -33.086672
-107.641995 12.506100 -33.314894
-108.004130 12.474457 -33.518815
-108.313687 12.447408 -33.693128
-108.566672 12.425303 -33.835586
-108.764163 12.408046 -33.946795
-108.911265 12.395193 -34.029629
-109.015667 12.386070 -34.088418
-109.086156 12.379911 -34.128111
-109.131349 12.375962 -34.153560
-109.158826 12.373561 -34.169032
-109.174695 12.372175 -34.177968
-109.183556 12.371400 -34.182958
-109.188757 12.370946 -34.185887
-109.192826 12.370590 -34.188178
-109.198006 12.370138 -34.191094
-109.206805 12.369369 -34.196049
-109.222520 12.367996 -34.204899
-109.249655 12.365625 -34.220179
-109.294142 12.361738 -34.245229
-109.363267 12.355697 -34.284154
-109.465209 12.346790 -34.341559
-109.608151 12.334300 -34.422050
-109.799029 12.317621 -34.529535
-110.042113 12.296381 -34.666417
-110.337683 12.270554 -34.832854
-110.681148 12.240543 -35.026262
-111.062867 12.207189 -35.241211
-111.468820 12.171717 -35.469806
-111.882086 12.135606 -35.702518
-112.284868 12.100412 -35.929328
-112.660690 12.067573 -36.140956
-112.996320 12.038246 -36.329951
-113.283077 12.013190 -36.491426
-113.517318 11.992722 -36.623328
-113.700095 11.976751 -36.726252
-113.836181 11.964860 -36.802882
-113.932728 11.956424 -36.857249
-113.997892 11.950730 -36.893943
-114.039659 11.947081 -36.917462
-114.065045 11.944862 -36.931758
-114.079704 11.943582 -36.940012
-114.087888 11.942866 -36.944621
-114.092690 11.942447 -36.947325
-114.096446 11.942119 -36.949440
-114.101225 11.941701 -36.952131
-114.109342 11.940992 -36.956701
-114.123837 11.939725 -36.964864
-114.148859 11.937539 -36.978954
-114.189870 11.933955 -37.002047
-114.253576 11.928389 -37.037920
-114.347494 11.920182 -37.090806
-114.479133 11.908680 -37.164933
-114.654841 11.893327 -37.263875
-114.878497 11.873784 -37.389818
-115.150303 11.850034 -37.542873
-115.465976 11.822451 -37.720631
-115.816599 11.791814 -37.918069
-116.189252 11.759252 -38.127913
-116.568378 11.726125 -38.341401
-116.937649 11.693858 -38.549340
-117.281982 11.663771 -38.743236
-117.589297 11.636918 -38.916287
-117.851702 11.613990 -39.064050
-118.065926 11.595271 -39.184681
-118.232993 11.580673 -39.278757
-118.357319 11.569809 -39.348766
-118.445482 11.562106 -39.398411
-118.504963 11.556909 -39.431905
-118.543073 11.553578 -39.453365
-118.566230 11.551555 -39.466405
-118.579597 11.550387 -39.473932
-118.587058 11.549735 -39.478134
-118.591435 11.549353 -39.480598
-118.594857 11.549054 -39.482525
-118.599209 11.548673 -39.484976
-118.606599 11.548028 -39.489137
-118.619792 11.546875 -39.496566
-118.642560 11.544885 -39.509387
-118.679866 11.541626 -39.530394
-118.737794 11.536564 -39.563014
-118.823159 11.529105 -39.611084
-118.942751 11.518655 -39.678427
-119.102292 11.504715 -39.768266
-119.305249 11.486981 -39.882552
-119.551738 11.465443 -40.021352
-119.837809 11.440446 -40.182440
-120.155318 11.412703 -40.361231
-120.492516 11.383239 -40.551110
-120.835298 11.353287 -40.744133
-121.168903 11.324137 -40.931988
-121.479728 11.296978 -41.107016
-121.756919 11.272757 -41.263104
-121.993420 11.252092 -41.396279
-122.186355 11.235233 -41.504922
-122.336715 11.222095 -41.589591
-122.448537 11.212324 -41.652559
-122.527787 11.205400 -41.697185
-122.581226 11.200730 -41.727277
-122.615450 11.197740 -41.746548
-122.636237 11.195923 -41.758254
-122.648232 11.194875 -41.765008
-122.654925 11.194290 -41.768777
-122.658849 11.193948 -41.770987
-122.661916 11.193680 -41.772714
-122.665815 11.193339 -41.774909
-122.672432 11.192761 -41.778636
-122.684242 11.191729 -41.785286
-122.704617 11.189948 -41.796759
-122.737987 11.187033 -41.815550
-122.789780 11.182507 -41.844715
-122.866062 11.175842 -41.887670
-122.972863 11.166509 -41.947810
-123.115242 11.154069 -42.027985
-123.296226 11.138254 -42.129898
-123.515847 11.119064 -42.253568
-123.770506 11.096812 -42.396968
-124.052881 11.072139 -42.555976
-124.352469 11.045961 -42.724676
-124.656706 11.019378 -42.895994
-124.952489 10.993532 -43.062551
-125.227788 10.969477 -43.217574
-125.473044 10.948047 -43.355679
-125.682089 10.929781 -43.473394
-125.852463 10.914894 -43.569332
-125.985120 10.903303 -43.644033
-126.083694 10.894689 -43.699540
-126.153502 10.888590 -43.738849
-126.200541 10.884479 -43.765338
-126.230648 10.881849 -43.782291
-126.248925 10.880252 -43.792583
-126.259466 10.879331 -43.798519
-126.265346 10.878817 -43.801830
-126.268792 10.878516 -43.803770
-126.271483 10.878281 -43.805285
-126.274901 10.877982 -43.807210
-126.280701 10.877475 -43.810476
-126.291047 10.876571 -43.816302
-126.308888 10.875012 -43.826349
-126.338093 10.872460 -43.842794
-126.383392 10.868502 -43.868302
-126.450062 10.862677 -43.905844
-126.543328 10.854527 -43.958363
-126.667548 10.843673 -44.028312
-126.825288 10.829890 -44.117137
-127.016488 10.813183 -44.224803
-127.237925 10.793834 -44.349496
-127.483148 10.772407 -44.487582
-127.742970 10.749704 -44.633890
-128.006459 10.726681 -44.782262
-128.262265 10.704329 -44.926309
-128.500019 10.683554 -45.060189
-128.711530 10.665073 -45.179293
-128.891568 10.649341 -45.280673
-129.038107 10.636537 -45.363190
-129.152066 10.626579 -45.427361
-129.236647 10.619188 -45.474990
-129.296483 10.613960 -45.508684
-129.336765 10.610440 -45.531367
-129.362525 10.608189 -45.545872
-129.378151 10.606824 -45.554672
-129.387159 10.606037 -45.559744
-129.392180 10.605598 -45.562571
-129.395120 10.605341 -45.564227
-129.397414 10.605141 -45.565519
-129.400326 10.604886 -45.567158
-129.405262 10.604455 -45.569938
-129.414064 10.603686 -45.574894
-129.429231 10.602361 -45.583435
-129.454040 10.600193 -45.597405
-129.492488 10.596833 -45.619055
-129.549016 10.591894 -45.650887
-129.628003 10.584992 -45.695365
-129.733068 10.575812 -45.754528
-129.866292 10.564171 -45.829547
-130.027519 10.550083 -45.920335
-130.213924 10.533795 -46.025301
-130.419976 10.515791 -46.141330
-130.637877 10.496751 -46.264032
-130.858416 10.477481 -46.388219
-131.072090 10.458810 -46.508540
-131.270279 10.441492 -46.620142
-131.446236 10.426118 -46.719224
-131.595713 10.413057 -46.803396
-131.717146 10.402446 -46.871776
-131.811410 10.394209 -46.924856
-131.881256 10.388106 -46.964187
-131.930590 10.383795 -46.991967
-131.963756 10.380897 -47.010643
-131.984939 10.379046 -47.022572
-131.997776 10.377925 -47.029800
-132.005167 10.377279 -47.033962
-132.009284 10.376919 -47.036280
-132.011693 10.376709 -47.037637
-132.013569 10.376545 -47.038693
-132.015948 10.376337 -47.040033
-132.019976 10.375985 -47.042301
-132.027151 10.375358 -47.046341
-132.039504 10.374279 -47.053298
-132.059688 10.372515 -47.064663
-132.090926 10.369786 -47.082253
-132.136783 10.365779 -47.108076
-132.200747 10.360189 -47.144095
-132.285661 10.352770 -47.191910
-132.393096 10.343382 -47.252407
-132.522798 10.332049 -47.325443
-132.672361 10.318981 -47.409663
-132.837223 10.304575 -47.502498
-133.011048 10.289386 -47.600381
-133.186434 10.274062 -47.699141
-133.355820 10.259261 -47.794524
-133.512427 10.245577 -47.882710
-133.651020 10.233467 -47.960753
-133.768384 10.223211 -48.026842
-133.863438 10.214906 -48.080367
-133.937011 10.208477 -48.121796
-133.991377 10.203727 -48.152410
-134.029681 10.200380 -48.173980
-134.055373 10.198135 -48.188447
-134.071749 10.196704 -48.197669
-134.081655 10.195838 -48.203246
-134.087350 10.195341 -48.206454
-134.090518 10.195064 -48.208237
-134.092368 10.194902 -48.209279
-134.093806 10.194777 -48.210089
-134.095624 10.194618 -48.211112
-134.098698 10.194349 -48.212844
-134.104167 10.193871 -48.215923
-134.113566 10.193050 -48.221216
-134.128894 10.191711 -48.229847
-134.152564 10.189642 -48.243176
-134.187221 10.186614 -48.262691
-134.235418 10.182403 -48.289832
-134.299185 10.176831 -48.325739
-134.379558 10.169808 -48.370998
-134.476183 10.161365 -48.425408
-134.587094 10.151674 -48.487863
-134.708748 10.141044 -48.556367
-134.836342 10.129895 -48.628216
-134.964371 10.118708 -48.700310
-135.087316 10.107965 -48.769541
-135.200320 10.098091 -48.833174
-135.299739 10.089404 -48.889158
-135.383439 10.082090 -48.936290
-135.450842 10.076201 -48.974245
-135.502727 10.071667 -49.003462
-135.540869 10.068334 -49.024940
-135.567614 10.065997 -49.040000
-135.585474 10.064437 -49.050057
-135.596813 10.063446 -49.056442
-135.603648 10.062849 -49.060291
-135.607566 10.062506 -49.062497
-135.609738 10.062316 -49.063721
-135.611003 10.062206 -49.064433
-135.611982 10.062120 -49.064984
-135.613213 10.062013 -49.065677
-135.615288 10.061831 -49.066846
-135.618969 10.061510 -49.068918
-135.625274 10.060959 -49.072469
-135.635516 10.060064 -49.078236
-135.651260 10.058688 -49.087102
-135.674187 10.056685 -49.100012
-135.705874 10.053916 -49.117855
-135.747498 10.050279 -49.141294
-135.799537 10.045732 -49.170597
-135.861532 10.040315 -49.205508
-135.931982 10.034159 -49.245178
-136.008408 10.027481 -49.288214
-136.087616 10.020560 -49.332817
-136.166087 10.013703 -49.377004
-136.240433 10.007207 -49.418869
-136.307817 10.001319 -49.456814
-136.366252 9.996213 -49.489718
-136.414735 9.991977 -49.517020
-136.453215 9.988615 -49.538688
-136.482416 9.986063 -49.555132
-136.503591 9.984213 -49.567055
-136.518246 9.982932 -49.575308
-136.527916 9.982087 -49.580753
-136.533988 9.981557 -49.584172
-136.537612 9.981240 -49.586213
-136.539672 9.981060 -49.587372
-136.540804 9.980961 -49.588010
-136.541456 9.980904 -49.588377
-136.541951 9.980861 -49.588656
-136.542560 9.980808 -49.588999
-136.543570 9.980720 -49.589567
-136.545331 9.980566 -49.590559
-136.548298 9.980306 -49.592230
-136.553024 9.979893 -49.594891
-136.560126 9.979273 -49.598890
-136.570208 9.978392 -49.604568
-136.583747 9.977209 -49.612192
-136.600976 9.975703 -49.621894
-136.621781 9.973886 -49.633609
-136.645654 9.971800 -49.647052
-136.671720 9.969522 -49.661730
-136.698840 9.967152 -49.677001
-136.725759 9.964800 -49.692159
-136.751286 9.962570 -49.706534
-136.774444 9.960546 -49.719574
-136.794564 9.958788 -49.730904
-136.811313 9.957325 -49.740335
-136.824638 9.956160 -49.747839
-136.834647 9.955286 -49.753475
-136.841432 9.954693 -49.757296
-136.844872 9.954392 -49.759233
-136.844482 9.954426 -49.759013
-136.839378 9.954872 -49.756139
-136.828439 9.955828 -49.749979
-136.810685 9.957379 -49.739982
-136.785769 9.959557 -49.725951
-136.754412 9.962296 -49.708294
-136.718567 9.965428 -49.688110
-136.681185 9.968695 -49.667060
-136.645625 9.971802 -49.647035
-136.614930 9.974484 -49.629751
-136.591243 9.976554 -49.616413
-136.575554 9.977925 -49.607578
-136.567839 9.978599 -49.603233
-136.567432 9.978634 -49.603004
-136.573441 9.978109 -49.606388
-136.585013 9.977098 -49.612905
-136.601407 9.975666 -49.622136
-136.621905 9.973875 -49.633678
-136.645683 9.971797 -49.647068
-136.671725 9.969521 -49.661733
-136.698840 9.967152 -49.677001
-136.725759 9.964800 -49.692159
-136.751217 9.962565 -49.706509
-136.773551 9.960481 -49.719250
-136.788588 9.958353 -49.728732
-136.782467 9.955222 -49.729852
-136.713730 9.948074 -49.707534
-136.482459 9.929603 -49.625492
-135.866242 9.883567 -49.402934
-134.455744 9.780120 -48.891104
-131.683854 9.577938 -47.883879
-126.349132 9.189572 -45.944461
-117.738880 8.563130 -42.813761
-72.094557 5.243287 -26.216144
-67.831626 4.933235 -24.666014
-65.594911 4.770556 -23.852674
-64.419486 4.685066 -23.425252
